incident_source_id,incident_id,source_name,source_url,report_url,source_valid,source_http,source_error,report_valid,report_http,report_error,current_is_active,recommended_action
2,2097,NTSB,https://carol.ntsb.gov/investigations/detail/36176,,True,200,,False,,url_is_none,True,keep
3,2098,NTSB,https://carol.ntsb.gov/investigations/detail/14104,,True,200,,False,,url_is_none,True,keep
4,2099,NTSB,https://carol.ntsb.gov/investigations/detail/7784,,True,200,,False,,url_is_none,True,keep
5,2100,NTSB,https://carol.ntsb.gov/investigations/detail/13914,,True,200,,False,,url_is_none,True,keep
6,2101,NTSB,https://carol.ntsb.gov/investigations/detail/36175,,True,200,,False,,url_is_none,True,keep
7,2102,NTSB,https://carol.ntsb.gov/investigations/detail/26052,,True,200,,False,,url_is_none,True,keep
8,2103,NTSB,https://carol.ntsb.gov/investigations/detail/7783,,True,200,,False,,url_is_none,True,keep
9,2104,NTSB,https://carol.ntsb.gov/investigations/detail/17330,,True,200,,False,,url_is_none,True,keep
10,2105,NTSB,https://carol.ntsb.gov/investigations/detail/25770,,True,200,,False,,url_is_none,True,keep
11,2106,NTSB,https://carol.ntsb.gov/investigations/detail/17491,,True,200,,False,,url_is_none,True,keep
12,2107,NTSB,https://carol.ntsb.gov/investigations/detail/7613,,True,200,,False,,url_is_none,True,keep
13,2108,NTSB,https://carol.ntsb.gov/investigations/detail/26050,,True,200,,False,,url_is_none,True,keep
14,2109,NTSB,https://carol.ntsb.gov/investigations/detail/5022,,True,200,,False,,url_is_none,True,keep
15,2110,NTSB,https://carol.ntsb.gov/investigations/detail/32202,,True,200,,False,,url_is_none,True,keep
16,2111,NTSB,https://carol.ntsb.gov/investigations/detail/26049,,True,200,,False,,url_is_none,True,keep
17,2112,NTSB,https://carol.ntsb.gov/investigations/detail/14101,,True,200,,False,,url_is_none,True,keep
18,2113,NTSB,https://carol.ntsb.gov/investigations/detail/32201,,True,200,,False,,url_is_none,True,keep
19,2114,NTSB,https://carol.ntsb.gov/investigations/detail/7782,,True,200,,False,,url_is_none,True,keep
20,2115,NTSB,https://carol.ntsb.gov/investigations/detail/11423,,True,200,,False,,url_is_none,True,keep
21,2116,NTSB,https://carol.ntsb.gov/investigations/detail/25841,,True,200,,False,,url_is_none,True,keep
22,2117,NTSB,https://carol.ntsb.gov/investigations/detail/17490,,True,200,,False,,url_is_none,True,keep
23,2118,NTSB,https://carol.ntsb.gov/investigations/detail/40744,,True,200,,False,,url_is_none,True,keep
24,2119,NTSB,https://carol.ntsb.gov/investigations/detail/34595,,True,200,,False,,url_is_none,True,keep
25,2120,NTSB,https://carol.ntsb.gov/investigations/detail/35979,,True,200,,False,,url_is_none,True,keep
26,2121,NTSB,https://carol.ntsb.gov/investigations/detail/25840,,True,200,,False,,url_is_none,True,keep
27,2122,NTSB,https://carol.ntsb.gov/investigations/detail/13948,,True,200,,False,,url_is_none,True,keep
28,2123,NTSB,https://carol.ntsb.gov/investigations/detail/5025,,True,200,,False,,url_is_none,True,keep
29,2124,NTSB,https://carol.ntsb.gov/investigations/detail/22495,,True,200,,False,,url_is_none,True,keep
30,2125,NTSB,https://carol.ntsb.gov/investigations/detail/40726,,True,200,,False,,url_is_none,True,keep
31,2126,NTSB,https://carol.ntsb.gov/investigations/detail/5020,,True,200,,False,,url_is_none,True,keep
32,2127,NTSB,https://carol.ntsb.gov/investigations/detail/26047,,True,200,,False,,url_is_none,True,keep
33,2128,NTSB,https://carol.ntsb.gov/investigations/detail/7780,,True,200,,False,,url_is_none,True,keep
34,2129,NTSB,https://carol.ntsb.gov/investigations/detail/7781,,True,200,,False,,url_is_none,True,keep
35,2130,NTSB,https://carol.ntsb.gov/investigations/detail/26048,,True,200,,False,,url_is_none,True,keep
36,2131,NTSB,https://carol.ntsb.gov/investigations/detail/11345,,True,200,,False,,url_is_none,True,keep
37,2132,NTSB,https://carol.ntsb.gov/investigations/detail/22457,,True,200,,False,,url_is_none,True,keep
38,2133,NTSB,https://carol.ntsb.gov/investigations/detail/5019,,True,200,,False,,url_is_none,True,keep
39,2134,NTSB,https://carol.ntsb.gov/investigations/detail/5018,,True,200,,False,,url_is_none,True,keep
40,2135,NTSB,https://carol.ntsb.gov/investigations/detail/22657,,True,200,,False,,url_is_none,True,keep
41,2136,NTSB,https://carol.ntsb.gov/investigations/detail/17489,,True,200,,False,,url_is_none,True,keep
42,2137,NTSB,https://carol.ntsb.gov/investigations/detail/13947,,True,200,,False,,url_is_none,True,keep
43,2138,NTSB,https://carol.ntsb.gov/investigations/detail/25778,,True,200,,False,,url_is_none,True,keep
44,2139,NTSB,https://carol.ntsb.gov/investigations/detail/7779,,True,200,,False,,url_is_none,True,keep
45,2140,NTSB,https://carol.ntsb.gov/investigations/detail/5017,,True,200,,False,,url_is_none,True,keep
46,2141,NTSB,https://carol.ntsb.gov/investigations/detail/34594,,True,200,,False,,url_is_none,True,keep
47,2142,NTSB,https://carol.ntsb.gov/investigations/detail/40838,,True,200,,False,,url_is_none,True,keep
48,2143,NTSB,https://carol.ntsb.gov/investigations/detail/5016,,True,200,,False,,url_is_none,True,keep
49,2144,NTSB,https://carol.ntsb.gov/investigations/detail/32200,,True,200,,False,,url_is_none,True,keep
50,2145,NTSB,https://carol.ntsb.gov/investigations/detail/7639,,True,200,,False,,url_is_none,True,keep
51,2146,NTSB,https://carol.ntsb.gov/investigations/detail/22494,,True,200,,False,,url_is_none,True,keep
52,2147,NTSB,https://carol.ntsb.gov/investigations/detail/32258,,True,200,,False,,url_is_none,True,keep
53,2148,NTSB,https://carol.ntsb.gov/investigations/detail/17488,,True,200,,False,,url_is_none,True,keep
54,2149,NTSB,https://carol.ntsb.gov/investigations/detail/17379,,True,200,,False,,url_is_none,True,keep
55,2150,NTSB,https://carol.ntsb.gov/investigations/detail/26046,,True,200,,False,,url_is_none,True,keep
56,2151,NTSB,https://carol.ntsb.gov/investigations/detail/5021,,True,200,,False,,url_is_none,True,keep
57,2152,NTSB,https://carol.ntsb.gov/investigations/detail/30752,,True,200,,False,,url_is_none,True,keep
58,2153,NTSB,https://carol.ntsb.gov/investigations/detail/11370,,True,200,,False,,url_is_none,True,keep
59,2154,NTSB,https://carol.ntsb.gov/investigations/detail/17378,,True,200,,False,,url_is_none,True,keep
60,2155,NTSB,https://carol.ntsb.gov/investigations/detail/11422,,True,200,,False,,url_is_none,True,keep
61,2156,NTSB,https://carol.ntsb.gov/investigations/detail/40837,,True,200,,False,,url_is_none,True,keep
62,2157,NTSB,https://carol.ntsb.gov/investigations/detail/7778,,True,200,,False,,url_is_none,True,keep
63,2158,NTSB,https://carol.ntsb.gov/investigations/detail/22556,,True,200,,False,,url_is_none,True,keep
64,2159,NTSB,https://carol.ntsb.gov/investigations/detail/26045,,True,200,,False,,url_is_none,True,keep
65,2160,NTSB,https://carol.ntsb.gov/investigations/detail/17487,,True,200,,False,,url_is_none,True,keep
66,2161,NTSB,https://carol.ntsb.gov/investigations/detail/5014,,True,200,,False,,url_is_none,True,keep
67,2162,NTSB,https://carol.ntsb.gov/investigations/detail/26044,,True,200,,False,,url_is_none,True,keep
68,2163,NTSB,https://carol.ntsb.gov/investigations/detail/32026,,True,200,,False,,url_is_none,True,keep
69,2164,NTSB,https://carol.ntsb.gov/investigations/detail/26043,,True,200,,False,,url_is_none,True,keep
70,2165,NTSB,https://carol.ntsb.gov/investigations/detail/11421,,True,200,,False,,url_is_none,True,keep
71,2166,NTSB,https://carol.ntsb.gov/investigations/detail/17486,,True,200,,False,,url_is_none,True,keep
72,2167,NTSB,https://carol.ntsb.gov/investigations/detail/7787,,True,200,,False,,url_is_none,True,keep
73,2168,NTSB,https://carol.ntsb.gov/investigations/detail/5015,,True,200,,False,,url_is_none,True,keep
74,2169,NTSB,https://carol.ntsb.gov/investigations/detail/36172,,True,200,,False,,url_is_none,True,keep
75,2170,NTSB,https://carol.ntsb.gov/investigations/detail/22656,,True,200,,False,,url_is_none,True,keep
76,2171,NTSB,https://carol.ntsb.gov/investigations/detail/13946,,True,200,,False,,url_is_none,True,keep
77,2172,NTSB,https://carol.ntsb.gov/investigations/detail/14100,,True,200,,False,,url_is_none,True,keep
78,2173,NTSB,https://carol.ntsb.gov/investigations/detail/17485,,True,200,,False,,url_is_none,True,keep
79,2174,NTSB,https://carol.ntsb.gov/investigations/detail/40836,,True,200,,False,,url_is_none,True,keep
80,2175,NTSB,https://carol.ntsb.gov/investigations/detail/32199,,True,200,,False,,url_is_none,True,keep
81,2176,NTSB,https://carol.ntsb.gov/investigations/detail/22655,,True,200,,False,,url_is_none,True,keep
82,2177,NTSB,https://carol.ntsb.gov/investigations/detail/40835,,True,200,,False,,url_is_none,True,keep
83,2178,NTSB,https://carol.ntsb.gov/investigations/detail/34592,,True,200,,False,,url_is_none,True,keep
84,2179,NTSB,https://carol.ntsb.gov/investigations/detail/26042,,True,200,,False,,url_is_none,True,keep
85,2180,NTSB,https://carol.ntsb.gov/investigations/detail/14098,,True,200,,False,,url_is_none,True,keep
86,2181,NTSB,https://carol.ntsb.gov/investigations/detail/11420,,True,200,,False,,url_is_none,True,keep
87,2182,NTSB,https://carol.ntsb.gov/investigations/detail/26117,,True,200,,False,,url_is_none,True,keep
88,2183,NTSB,https://carol.ntsb.gov/investigations/detail/5011,,True,200,,False,,url_is_none,True,keep
89,2184,NTSB,https://carol.ntsb.gov/investigations/detail/25839,,True,200,,False,,url_is_none,True,keep
90,2185,NTSB,https://carol.ntsb.gov/investigations/detail/25768,,True,200,,False,,url_is_none,True,keep
91,2186,NTSB,https://carol.ntsb.gov/investigations/detail/13913,,True,200,,False,,url_is_none,True,keep
92,2187,NTSB,https://carol.ntsb.gov/investigations/detail/26041,,True,200,,False,,url_is_none,True,keep
93,2188,NTSB,https://carol.ntsb.gov/investigations/detail/22654,,True,200,,False,,url_is_none,True,keep
94,2189,NTSB,https://carol.ntsb.gov/investigations/detail/7611,,True,200,,False,,url_is_none,True,keep
95,2190,NTSB,https://carol.ntsb.gov/investigations/detail/32196,,True,200,,False,,url_is_none,True,keep
96,2191,NTSB,https://carol.ntsb.gov/investigations/detail/7612,,True,200,,False,,url_is_none,True,keep
97,2192,NTSB,https://carol.ntsb.gov/investigations/detail/26040,,True,200,,False,,url_is_none,True,keep
98,2193,NTSB,https://carol.ntsb.gov/investigations/detail/13996,,True,200,,False,,url_is_none,True,keep
99,2194,NTSB,https://carol.ntsb.gov/investigations/detail/34593,,True,200,,False,,url_is_none,True,keep
100,2195,NTSB,https://carol.ntsb.gov/investigations/detail/14097,,True,200,,False,,url_is_none,True,keep
101,2196,NTSB,https://carol.ntsb.gov/investigations/detail/17484,,True,200,,False,,url_is_none,True,keep
102,2197,NTSB,https://carol.ntsb.gov/investigations/detail/5013,,True,200,,False,,url_is_none,True,keep
103,2198,NTSB,https://carol.ntsb.gov/investigations/detail/14096,,True,200,,False,,url_is_none,True,keep
104,2199,NTSB,https://carol.ntsb.gov/investigations/detail/7610,,True,200,,False,,url_is_none,True,keep
105,2200,NTSB,https://carol.ntsb.gov/investigations/detail/7777,,True,200,,False,,url_is_none,True,keep
106,2201,NTSB,https://carol.ntsb.gov/investigations/detail/34591,,True,200,,False,,url_is_none,True,keep
107,2202,NTSB,https://carol.ntsb.gov/investigations/detail/5012,,True,200,,False,,url_is_none,True,keep
108,2203,NTSB,https://carol.ntsb.gov/investigations/detail/17483,,True,200,,False,,url_is_none,True,keep
109,2204,NTSB,https://carol.ntsb.gov/investigations/detail/22666,,True,200,,False,,url_is_none,True,keep
110,2205,NTSB,https://carol.ntsb.gov/investigations/detail/25746,,True,200,,False,,url_is_none,True,keep
111,2206,NTSB,https://carol.ntsb.gov/investigations/detail/26017,,True,200,,False,,url_is_none,True,keep
112,2207,NTSB,https://carol.ntsb.gov/investigations/detail/40834,,True,200,,False,,url_is_none,True,keep
113,2208,NTSB,https://carol.ntsb.gov/investigations/detail/32025,,True,200,,False,,url_is_none,True,keep
114,2209,NTSB,https://carol.ntsb.gov/investigations/detail/25767,,True,200,,False,,url_is_none,True,keep
115,2210,NTSB,https://carol.ntsb.gov/investigations/detail/13895,,True,200,,False,,url_is_none,True,keep
116,2211,NTSB,https://carol.ntsb.gov/investigations/detail/7776,,True,200,,False,,url_is_none,True,keep
117,2212,NTSB,https://carol.ntsb.gov/investigations/detail/30750,,True,200,,False,,url_is_none,True,keep
118,2213,NTSB,https://carol.ntsb.gov/investigations/detail/14094,,True,200,,False,,url_is_none,True,keep
119,2214,NTSB,https://carol.ntsb.gov/investigations/detail/26039,,True,200,,False,,url_is_none,True,keep
120,2215,NTSB,https://carol.ntsb.gov/investigations/detail/32195,,True,200,,False,,url_is_none,True,keep
121,2216,NTSB,https://carol.ntsb.gov/investigations/detail/26038,,True,200,,False,,url_is_none,True,keep
122,2217,NTSB,https://carol.ntsb.gov/investigations/detail/17482,,True,200,,False,,url_is_none,True,keep
123,2218,NTSB,https://carol.ntsb.gov/investigations/detail/32194,,True,200,,False,,url_is_none,True,keep
124,2219,NTSB,https://carol.ntsb.gov/investigations/detail/34590,,True,200,,False,,url_is_none,True,keep
125,2220,NTSB,https://carol.ntsb.gov/investigations/detail/14093,,True,200,,False,,url_is_none,True,keep
126,2221,NTSB,https://carol.ntsb.gov/investigations/detail/26036,,True,200,,False,,url_is_none,True,keep
127,2222,NTSB,https://carol.ntsb.gov/investigations/detail/36005,,True,200,,False,,url_is_none,True,keep
128,2223,NTSB,https://carol.ntsb.gov/investigations/detail/32024,,True,200,,False,,url_is_none,True,keep
129,2224,NTSB,https://carol.ntsb.gov/investigations/detail/11418,,True,200,,False,,url_is_none,True,keep
130,2225,NTSB,https://carol.ntsb.gov/investigations/detail/36171,,True,200,,False,,url_is_none,True,keep
131,2226,NTSB,https://carol.ntsb.gov/investigations/detail/36173,,True,200,,False,,url_is_none,True,keep
132,2227,NTSB,https://carol.ntsb.gov/investigations/detail/40725,,True,200,,False,,url_is_none,True,keep
133,2228,NTSB,https://carol.ntsb.gov/investigations/detail/17481,,True,200,,False,,url_is_none,True,keep
134,2229,NTSB,https://carol.ntsb.gov/investigations/detail/36170,,True,200,,False,,url_is_none,True,keep
135,2230,NTSB,https://carol.ntsb.gov/investigations/detail/34589,,True,200,,False,,url_is_none,True,keep
136,2231,NTSB,https://carol.ntsb.gov/investigations/detail/25747,,True,200,,False,,url_is_none,True,keep
137,2232,NTSB,https://carol.ntsb.gov/investigations/detail/32023,,True,200,,False,,url_is_none,True,keep
138,2233,NTSB,https://carol.ntsb.gov/investigations/detail/13846,,True,200,,False,,url_is_none,True,keep
139,2234,NTSB,https://carol.ntsb.gov/investigations/detail/36004,,True,200,,False,,url_is_none,True,keep
140,2235,NTSB,https://carol.ntsb.gov/investigations/detail/40833,,True,200,,False,,url_is_none,True,keep
141,2236,NTSB,https://carol.ntsb.gov/investigations/detail/22653,,True,200,,False,,url_is_none,True,keep
142,2237,NTSB,https://carol.ntsb.gov/investigations/detail/32257,,True,200,,False,,url_is_none,True,keep
143,2238,NTSB,https://carol.ntsb.gov/investigations/detail/22493,,True,200,,False,,url_is_none,True,keep
144,2239,NTSB,https://carol.ntsb.gov/investigations/detail/40832,,True,200,,False,,url_is_none,True,keep
145,2240,NTSB,https://carol.ntsb.gov/investigations/detail/26037,,True,200,,False,,url_is_none,True,keep
146,2241,NTSB,https://carol.ntsb.gov/investigations/detail/32066,,True,200,,False,,url_is_none,True,keep
147,2242,NTSB,https://carol.ntsb.gov/investigations/detail/11419,,True,200,,False,,url_is_none,True,keep
148,2243,NTSB,https://carol.ntsb.gov/investigations/detail/13888,,True,200,,False,,url_is_none,True,keep
149,2244,NTSB,https://carol.ntsb.gov/investigations/detail/5091,,True,200,,False,,url_is_none,True,keep
150,2245,NTSB,https://carol.ntsb.gov/investigations/detail/14095,,True,200,,False,,url_is_none,True,keep
151,2246,NTSB,https://carol.ntsb.gov/investigations/detail/7538,,True,200,,False,,url_is_none,True,keep
152,2247,NTSB,https://carol.ntsb.gov/investigations/detail/34588,,True,200,,False,,url_is_none,True,keep
153,2248,NTSB,https://carol.ntsb.gov/investigations/detail/32193,,True,200,,False,,url_is_none,True,keep
154,2249,NTSB,https://carol.ntsb.gov/investigations/detail/17480,,True,200,,False,,url_is_none,True,keep
155,2250,NTSB,https://carol.ntsb.gov/investigations/detail/26035,,True,200,,False,,url_is_none,True,keep
156,2251,NTSB,https://carol.ntsb.gov/investigations/detail/32022,,True,200,,False,,url_is_none,True,keep
157,2252,NTSB,https://carol.ntsb.gov/investigations/detail/36169,,True,200,,False,,url_is_none,True,keep
158,2253,NTSB,https://carol.ntsb.gov/investigations/detail/34587,,True,200,,False,,url_is_none,True,keep
159,2254,NTSB,https://carol.ntsb.gov/investigations/detail/40830,,True,200,,False,,url_is_none,True,keep
160,2255,NTSB,https://carol.ntsb.gov/investigations/detail/32021,,True,200,,False,,url_is_none,True,keep
161,2256,NTSB,https://carol.ntsb.gov/investigations/detail/17479,,True,200,,False,,url_is_none,True,keep
162,2257,NTSB,https://carol.ntsb.gov/investigations/detail/7775,,True,200,,False,,url_is_none,True,keep
163,2258,NTSB,https://carol.ntsb.gov/investigations/detail/17478,,True,200,,False,,url_is_none,True,keep
164,2259,NTSB,https://carol.ntsb.gov/investigations/detail/26034,,True,200,,False,,url_is_none,True,keep
165,2260,NTSB,https://carol.ntsb.gov/investigations/detail/32191,,True,200,,False,,url_is_none,True,keep
166,2261,NTSB,https://carol.ntsb.gov/investigations/detail/22664,,True,200,,False,,url_is_none,True,keep
167,2262,NTSB,https://carol.ntsb.gov/investigations/detail/17512,,True,200,,False,,url_is_none,True,keep
168,2263,NTSB,https://carol.ntsb.gov/investigations/detail/22651,,True,200,,False,,url_is_none,True,keep
169,2264,NTSB,https://carol.ntsb.gov/investigations/detail/40743,,True,200,,False,,url_is_none,True,keep
170,2265,NTSB,https://carol.ntsb.gov/investigations/detail/32192,,True,200,,False,,url_is_none,True,keep
171,2266,NTSB,https://carol.ntsb.gov/investigations/detail/22652,,True,200,,False,,url_is_none,True,keep
172,2267,NTSB,https://carol.ntsb.gov/investigations/detail/7774,,True,200,,False,,url_is_none,True,keep
173,2268,NTSB,https://carol.ntsb.gov/investigations/detail/40831,,True,200,,False,,url_is_none,True,keep
174,2269,NTSB,https://carol.ntsb.gov/investigations/detail/25761,,True,200,,False,,url_is_none,True,keep
175,2270,NTSB,https://carol.ntsb.gov/investigations/detail/26033,,True,200,,False,,url_is_none,True,keep
176,2271,NTSB,https://carol.ntsb.gov/investigations/detail/26032,,True,200,,False,,url_is_none,True,keep
177,2272,NTSB,https://carol.ntsb.gov/investigations/detail/36168,,True,200,,False,,url_is_none,True,keep
178,2273,NTSB,https://carol.ntsb.gov/investigations/detail/11369,,True,200,,False,,url_is_none,True,keep
179,2274,NTSB,https://carol.ntsb.gov/investigations/detail/36167,,True,200,,False,,url_is_none,True,keep
180,2275,NTSB,https://carol.ntsb.gov/investigations/detail/17334,,True,200,,False,,url_is_none,True,keep
181,2276,NTSB,https://carol.ntsb.gov/investigations/detail/2292,,True,200,,False,,url_is_none,True,keep
182,2277,NTSB,https://carol.ntsb.gov/investigations/detail/36186,,True,200,,False,,url_is_none,True,keep
183,2278,NTSB,https://carol.ntsb.gov/investigations/detail/7773,,True,200,,False,,url_is_none,True,keep
184,2279,NTSB,https://carol.ntsb.gov/investigations/detail/17376,,True,200,,False,,url_is_none,True,keep
185,2280,NTSB,https://carol.ntsb.gov/investigations/detail/25718,,True,200,,False,,url_is_none,True,keep
186,2281,NTSB,https://carol.ntsb.gov/investigations/detail/4958,,True,200,,False,,url_is_none,True,keep
187,2282,NTSB,https://carol.ntsb.gov/investigations/detail/13868,,True,200,,False,,url_is_none,True,keep
188,2283,NTSB,https://carol.ntsb.gov/investigations/detail/26031,,True,200,,False,,url_is_none,True,keep
189,2284,NTSB,https://carol.ntsb.gov/investigations/detail/22555,,True,200,,False,,url_is_none,True,keep
190,2285,NTSB,https://carol.ntsb.gov/investigations/detail/22456,,True,200,,False,,url_is_none,True,keep
191,2286,NTSB,https://carol.ntsb.gov/investigations/detail/32190,,True,200,,False,,url_is_none,True,keep
192,2287,NTSB,https://carol.ntsb.gov/investigations/detail/14091,,True,200,,False,,url_is_none,True,keep
193,2288,NTSB,https://carol.ntsb.gov/investigations/detail/7609,,True,200,,False,,url_is_none,True,keep
194,2289,NTSB,https://carol.ntsb.gov/investigations/detail/22650,,True,200,,False,,url_is_none,True,keep
195,2290,NTSB,https://carol.ntsb.gov/investigations/detail/14089,,True,200,,False,,url_is_none,True,keep
196,2291,NTSB,https://carol.ntsb.gov/investigations/detail/25745,,True,200,,False,,url_is_none,True,keep
197,2292,NTSB,https://carol.ntsb.gov/investigations/detail/22649,,True,200,,False,,url_is_none,True,keep
198,2293,NTSB,https://carol.ntsb.gov/investigations/detail/26029,,True,200,,False,,url_is_none,True,keep
199,2294,NTSB,https://carol.ntsb.gov/investigations/detail/14090,,True,200,,False,,url_is_none,True,keep
200,2295,NTSB,https://carol.ntsb.gov/investigations/detail/40829,,True,200,,False,,url_is_none,True,keep
201,2296,NTSB,https://carol.ntsb.gov/investigations/detail/22648,,True,200,,False,,url_is_none,True,keep
202,2297,NTSB,https://carol.ntsb.gov/investigations/detail/26028,,True,200,,False,,url_is_none,True,keep
203,2298,NTSB,https://carol.ntsb.gov/investigations/detail/7771,,True,200,,False,,url_is_none,True,keep
204,2299,NTSB,https://carol.ntsb.gov/investigations/detail/7549,,True,200,,False,,url_is_none,True,keep
205,2300,NTSB,https://carol.ntsb.gov/investigations/detail/22491,,True,200,,False,,url_is_none,True,keep
206,2301,NTSB,https://carol.ntsb.gov/investigations/detail/26020,,True,200,,False,,url_is_none,True,keep
207,2302,NTSB,https://carol.ntsb.gov/investigations/detail/36003,,True,200,,False,,url_is_none,True,keep
208,2303,NTSB,https://carol.ntsb.gov/investigations/detail/26027,,True,200,,False,,url_is_none,True,keep
209,2304,NTSB,https://carol.ntsb.gov/investigations/detail/11383,,True,200,,False,,url_is_none,True,keep
210,2305,NTSB,https://carol.ntsb.gov/investigations/detail/17329,,True,200,,False,,url_is_none,True,keep
211,2306,NTSB,https://carol.ntsb.gov/investigations/detail/34584,,True,200,,False,,url_is_none,True,keep
212,2307,NTSB,https://carol.ntsb.gov/investigations/detail/22554,,True,200,,False,,url_is_none,True,keep
213,2308,NTSB,https://carol.ntsb.gov/investigations/detail/7772,,True,200,,False,,url_is_none,True,keep
214,2309,NTSB,https://carol.ntsb.gov/investigations/detail/22271,,True,200,,False,,url_is_none,True,keep
215,2310,NTSB,https://carol.ntsb.gov/investigations/detail/22455,,True,200,,False,,url_is_none,True,keep
216,2311,NTSB,https://carol.ntsb.gov/investigations/detail/34585,,True,200,,False,,url_is_none,True,keep
217,2312,NTSB,https://carol.ntsb.gov/investigations/detail/22483,,True,200,,False,,url_is_none,True,keep
218,2313,NTSB,https://carol.ntsb.gov/investigations/detail/11417,,True,200,,False,,url_is_none,True,keep
219,2314,NTSB,https://carol.ntsb.gov/investigations/detail/26026,,True,200,,False,,url_is_none,True,keep
220,2315,NTSB,https://carol.ntsb.gov/investigations/detail/36165,,True,200,,False,,url_is_none,True,keep
221,2316,NTSB,https://carol.ntsb.gov/investigations/detail/17476,,True,200,,False,,url_is_none,True,keep
222,2317,NTSB,https://carol.ntsb.gov/investigations/detail/34586,,True,200,,False,,url_is_none,True,keep
223,2318,NTSB,https://carol.ntsb.gov/investigations/detail/40826,,True,200,,False,,url_is_none,True,keep
224,2319,NTSB,https://carol.ntsb.gov/investigations/detail/36163,,True,200,,False,,url_is_none,True,keep
225,2320,NTSB,https://carol.ntsb.gov/investigations/detail/14086,,True,200,,False,,url_is_none,True,keep
226,2321,NTSB,https://carol.ntsb.gov/investigations/detail/36164,,True,200,,False,,url_is_none,True,keep
227,2322,NTSB,https://carol.ntsb.gov/investigations/detail/25760,,True,200,,False,,url_is_none,True,keep
228,2323,NTSB,https://carol.ntsb.gov/investigations/detail/14088,,True,200,,False,,url_is_none,True,keep
229,2324,NTSB,https://carol.ntsb.gov/investigations/detail/13945,,True,200,,False,,url_is_none,True,keep
230,2325,NTSB,https://carol.ntsb.gov/investigations/detail/17475,,True,200,,False,,url_is_none,True,keep
231,2326,NTSB,https://carol.ntsb.gov/investigations/detail/34454,,True,200,,False,,url_is_none,True,keep
232,2327,NTSB,https://carol.ntsb.gov/investigations/detail/26025,,True,200,,False,,url_is_none,True,keep
233,2328,NTSB,https://carol.ntsb.gov/investigations/detail/25774,,True,200,,False,,url_is_none,True,keep
234,2329,NTSB,https://carol.ntsb.gov/investigations/detail/22492,,True,200,,False,,url_is_none,True,keep
235,2330,NTSB,https://carol.ntsb.gov/investigations/detail/34583,,True,200,,False,,url_is_none,True,keep
236,2331,NTSB,https://carol.ntsb.gov/investigations/detail/14087,,True,200,,False,,url_is_none,True,keep
237,2332,NTSB,https://carol.ntsb.gov/investigations/detail/26023,,True,200,,False,,url_is_none,True,keep
238,2333,NTSB,https://carol.ntsb.gov/investigations/detail/26024,,True,200,,False,,url_is_none,True,keep
239,2334,NTSB,https://carol.ntsb.gov/investigations/detail/17375,,True,200,,False,,url_is_none,True,keep
240,2335,NTSB,https://carol.ntsb.gov/investigations/detail/34582,,True,200,,False,,url_is_none,True,keep
241,2336,NTSB,https://carol.ntsb.gov/investigations/detail/7770,,True,200,,False,,url_is_none,True,keep
242,2337,NTSB,https://carol.ntsb.gov/investigations/detail/17332,,True,200,,False,,url_is_none,True,keep
243,2338,NTSB,https://carol.ntsb.gov/investigations/detail/26022,,True,200,,False,,url_is_none,True,keep
244,2339,NTSB,https://carol.ntsb.gov/investigations/detail/40827,,True,200,,False,,url_is_none,True,keep
245,2340,NTSB,https://carol.ntsb.gov/investigations/detail/13995,,True,200,,False,,url_is_none,True,keep
246,2341,NTSB,https://carol.ntsb.gov/investigations/detail/17477,,True,200,,False,,url_is_none,True,keep
247,2342,NTSB,https://carol.ntsb.gov/investigations/detail/26021,,True,200,,False,,url_is_none,True,keep
248,2343,NTSB,https://carol.ntsb.gov/investigations/detail/40825,,True,200,,False,,url_is_none,True,keep
249,2344,NTSB,https://carol.ntsb.gov/investigations/detail/32020,,True,200,,False,,url_is_none,True,keep
250,2345,NTSB,https://carol.ntsb.gov/investigations/detail/17374,,True,200,,False,,url_is_none,True,keep
251,2346,NTSB,https://carol.ntsb.gov/investigations/detail/34461,,True,200,,False,,url_is_none,True,keep
252,2347,NTSB,https://carol.ntsb.gov/investigations/detail/14092,,True,200,,False,,url_is_none,True,keep
253,2348,NTSB,https://carol.ntsb.gov/investigations/detail/36158,,True,200,,False,,url_is_none,True,keep
254,2349,NTSB,https://carol.ntsb.gov/investigations/detail/17373,,True,200,,False,,url_is_none,True,keep
255,2350,NTSB,https://carol.ntsb.gov/investigations/detail/5034,,True,200,,False,,url_is_none,True,keep
256,2351,NTSB,https://carol.ntsb.gov/investigations/detail/17474,,True,200,,False,,url_is_none,True,keep
257,2352,NTSB,https://carol.ntsb.gov/investigations/detail/32189,,True,200,,False,,url_is_none,True,keep
258,2353,NTSB,https://carol.ntsb.gov/investigations/detail/32188,,True,200,,False,,url_is_none,True,keep
259,2354,NTSB,https://carol.ntsb.gov/investigations/detail/4957,,True,200,,False,,url_is_none,True,keep
260,2355,NTSB,https://carol.ntsb.gov/investigations/detail/32019,,True,200,,False,,url_is_none,True,keep
261,2356,NTSB,https://carol.ntsb.gov/investigations/detail/22647,,True,200,,False,,url_is_none,True,keep
262,2357,NTSB,https://carol.ntsb.gov/investigations/detail/17473,,True,200,,False,,url_is_none,True,keep
263,2358,NTSB,https://carol.ntsb.gov/investigations/detail/5010,,True,200,,False,,url_is_none,True,keep
264,2359,NTSB,https://carol.ntsb.gov/investigations/detail/15890,,True,200,,False,,url_is_none,True,keep
265,2360,NTSB,https://carol.ntsb.gov/investigations/detail/5009,,True,200,,False,,url_is_none,True,keep
266,2361,NTSB,https://carol.ntsb.gov/investigations/detail/36157,,True,200,,False,,url_is_none,True,keep
267,2362,NTSB,https://carol.ntsb.gov/investigations/detail/17472,,True,200,,False,,url_is_none,True,keep
268,2363,NTSB,https://carol.ntsb.gov/investigations/detail/26019,,True,200,,False,,url_is_none,True,keep
269,2364,NTSB,https://carol.ntsb.gov/investigations/detail/32187,,True,200,,False,,url_is_none,True,keep
270,2365,NTSB,https://carol.ntsb.gov/investigations/detail/32186,,True,200,,False,,url_is_none,True,keep
271,2366,NTSB,https://carol.ntsb.gov/investigations/detail/34581,,True,200,,False,,url_is_none,True,keep
272,2367,NTSB,https://carol.ntsb.gov/investigations/detail/14085,,True,200,,False,,url_is_none,True,keep
273,2368,NTSB,https://carol.ntsb.gov/investigations/detail/13867,,True,200,,False,,url_is_none,True,keep
274,2369,NTSB,https://carol.ntsb.gov/investigations/detail/22515,,True,200,,False,,url_is_none,True,keep
275,2370,NTSB,https://carol.ntsb.gov/investigations/detail/13944,,True,200,,False,,url_is_none,True,keep
276,2371,NTSB,https://carol.ntsb.gov/investigations/detail/32065,,True,200,,False,,url_is_none,True,keep
277,2372,NTSB,https://carol.ntsb.gov/investigations/detail/26018,,True,200,,False,,url_is_none,True,keep
278,2373,NTSB,https://carol.ntsb.gov/investigations/detail/25837,,True,200,,False,,url_is_none,True,keep
279,2374,NTSB,https://carol.ntsb.gov/investigations/detail/14083,,True,200,,False,,url_is_none,True,keep
280,2375,NTSB,https://carol.ntsb.gov/investigations/detail/40823,,True,200,,False,,url_is_none,True,keep
281,2376,NTSB,https://carol.ntsb.gov/investigations/detail/36153,,True,200,,False,,url_is_none,True,keep
282,2377,NTSB,https://carol.ntsb.gov/investigations/detail/35973,,True,200,,False,,url_is_none,True,keep
283,2378,NTSB,https://carol.ntsb.gov/investigations/detail/34579,,True,200,,False,,url_is_none,True,keep
284,2379,NTSB,https://carol.ntsb.gov/investigations/detail/11416,,True,200,,False,,url_is_none,True,keep
285,2380,NTSB,https://carol.ntsb.gov/investigations/detail/30749,,True,200,,False,,url_is_none,True,keep
286,2381,NTSB,https://carol.ntsb.gov/investigations/detail/25835,,True,200,,False,,url_is_none,True,keep
287,2382,NTSB,https://carol.ntsb.gov/investigations/detail/36161,,True,200,,False,,url_is_none,True,keep
288,2383,NTSB,https://carol.ntsb.gov/investigations/detail/36002,,True,200,,False,,url_is_none,True,keep
289,2384,NTSB,https://carol.ntsb.gov/investigations/detail/36156,,True,200,,False,,url_is_none,True,keep
290,2385,NTSB,https://carol.ntsb.gov/investigations/detail/26016,,True,200,,False,,url_is_none,True,keep
291,2386,NTSB,https://carol.ntsb.gov/investigations/detail/36155,,True,200,,False,,url_is_none,True,keep
292,2387,NTSB,https://carol.ntsb.gov/investigations/detail/36160,,True,200,,False,,url_is_none,True,keep
293,2388,NTSB,https://carol.ntsb.gov/investigations/detail/34576,,True,200,,False,,url_is_none,True,keep
294,2389,NTSB,https://carol.ntsb.gov/investigations/detail/14082,,True,200,,False,,url_is_none,True,keep
295,2390,NTSB,https://carol.ntsb.gov/investigations/detail/22464,,True,200,,False,,url_is_none,True,keep
296,2391,NTSB,https://carol.ntsb.gov/investigations/detail/22469,,True,200,,False,,url_is_none,True,keep
297,2392,NTSB,https://carol.ntsb.gov/investigations/detail/22646,,True,200,,False,,url_is_none,True,keep
298,2393,NTSB,https://carol.ntsb.gov/investigations/detail/25836,,True,200,,False,,url_is_none,True,keep
299,2394,NTSB,https://carol.ntsb.gov/investigations/detail/34577,,True,200,,False,,url_is_none,True,keep
300,2395,NTSB,https://carol.ntsb.gov/investigations/detail/40824,,True,200,,False,,url_is_none,True,keep
301,2396,NTSB,https://carol.ntsb.gov/investigations/detail/25838,,True,200,,False,,url_is_none,True,keep
302,2397,NTSB,https://carol.ntsb.gov/investigations/detail/22645,,True,200,,False,,url_is_none,True,keep
303,2398,NTSB,https://carol.ntsb.gov/investigations/detail/7769,,True,200,,False,,url_is_none,True,keep
304,2399,NTSB,https://carol.ntsb.gov/investigations/detail/36159,,True,200,,False,,url_is_none,True,keep
305,2400,NTSB,https://carol.ntsb.gov/investigations/detail/17372,,True,200,,False,,url_is_none,True,keep
306,2401,NTSB,https://carol.ntsb.gov/investigations/detail/17371,,True,200,,False,,url_is_none,True,keep
307,2402,NTSB,https://carol.ntsb.gov/investigations/detail/14084,,True,200,,False,,url_is_none,True,keep
308,2403,NTSB,https://carol.ntsb.gov/investigations/detail/32185,,True,200,,False,,url_is_none,True,keep
309,2404,NTSB,https://carol.ntsb.gov/investigations/detail/34578,,True,200,,False,,url_is_none,True,keep
310,2405,NTSB,https://carol.ntsb.gov/investigations/detail/22489,,True,200,,False,,url_is_none,True,keep
311,2406,NTSB,https://carol.ntsb.gov/investigations/detail/22490,,True,200,,False,,url_is_none,True,keep
312,2407,NTSB,https://carol.ntsb.gov/investigations/detail/11368,,True,200,,False,,url_is_none,True,keep
313,2408,NTSB,https://carol.ntsb.gov/investigations/detail/17471,,True,200,,False,,url_is_none,True,keep
314,2409,NTSB,https://carol.ntsb.gov/investigations/detail/40828,,True,200,,False,,url_is_none,True,keep
315,2410,NTSB,https://carol.ntsb.gov/investigations/detail/26015,,True,200,,False,,url_is_none,True,keep
316,2411,NTSB,https://carol.ntsb.gov/investigations/detail/34495,,True,200,,False,,url_is_none,True,keep
317,2412,NTSB,https://carol.ntsb.gov/investigations/detail/17370,,True,200,,False,,url_is_none,True,keep
318,2413,NTSB,https://carol.ntsb.gov/investigations/detail/26012,,True,200,,False,,url_is_none,True,keep
319,2414,NTSB,https://carol.ntsb.gov/investigations/detail/26013,,True,200,,False,,url_is_none,True,keep
320,2415,NTSB,https://carol.ntsb.gov/investigations/detail/36162,,True,200,,False,,url_is_none,True,keep
321,2416,NTSB,https://carol.ntsb.gov/investigations/detail/17369,,True,200,,False,,url_is_none,True,keep
322,2417,NTSB,https://carol.ntsb.gov/investigations/detail/26011,,True,200,,False,,url_is_none,True,keep
323,2418,NTSB,https://carol.ntsb.gov/investigations/detail/14081,,True,200,,False,,url_is_none,True,keep
324,2419,NTSB,https://carol.ntsb.gov/investigations/detail/7765,,True,200,,False,,url_is_none,True,keep
325,2420,NTSB,https://carol.ntsb.gov/investigations/detail/26030,,True,200,,False,,url_is_none,True,keep
326,2421,NTSB,https://carol.ntsb.gov/investigations/detail/14080,,True,200,,False,,url_is_none,True,keep
327,2422,NTSB,https://carol.ntsb.gov/investigations/detail/11367,,True,200,,False,,url_is_none,True,keep
328,2423,NTSB,https://carol.ntsb.gov/investigations/detail/34580,,True,200,,False,,url_is_none,True,keep
329,2424,NTSB,https://carol.ntsb.gov/investigations/detail/26010,,True,200,,False,,url_is_none,True,keep
330,2425,NTSB,https://carol.ntsb.gov/investigations/detail/11349,,True,200,,False,,url_is_none,True,keep
331,2426,NTSB,https://carol.ntsb.gov/investigations/detail/7606,,True,200,,False,,url_is_none,True,keep
332,2427,NTSB,https://carol.ntsb.gov/investigations/detail/7608,,True,200,,False,,url_is_none,True,keep
333,2428,NTSB,https://carol.ntsb.gov/investigations/detail/13845,,True,200,,False,,url_is_none,True,keep
334,2429,NTSB,https://carol.ntsb.gov/investigations/detail/32018,,True,200,,False,,url_is_none,True,keep
335,2430,NTSB,https://carol.ntsb.gov/investigations/detail/32017,,True,200,,False,,url_is_none,True,keep
336,2431,NTSB,https://carol.ntsb.gov/investigations/detail/4955,,True,200,,False,,url_is_none,True,keep
337,2432,NTSB,https://carol.ntsb.gov/investigations/detail/22481,,True,200,,False,,url_is_none,True,keep
338,2433,NTSB,https://carol.ntsb.gov/investigations/detail/32064,,True,200,,False,,url_is_none,True,keep
339,2434,NTSB,https://carol.ntsb.gov/investigations/detail/15899,,True,200,,False,,url_is_none,True,keep
340,2435,NTSB,https://carol.ntsb.gov/investigations/detail/22551,,True,200,,False,,url_is_none,True,keep
341,2436,NTSB,https://carol.ntsb.gov/investigations/detail/34575,,True,200,,False,,url_is_none,True,keep
342,2437,NTSB,https://carol.ntsb.gov/investigations/detail/22574,,True,200,,False,,url_is_none,True,keep
343,2438,NTSB,https://carol.ntsb.gov/investigations/detail/7821,,True,200,,False,,url_is_none,True,keep
344,2439,NTSB,https://carol.ntsb.gov/investigations/detail/34574,,True,200,,False,,url_is_none,True,keep
345,2440,NTSB,https://carol.ntsb.gov/investigations/detail/7768,,True,200,,False,,url_is_none,True,keep
346,2441,NTSB,https://carol.ntsb.gov/investigations/detail/32062,,True,200,,False,,url_is_none,True,keep
347,2442,NTSB,https://carol.ntsb.gov/investigations/detail/26014,,True,200,,False,,url_is_none,True,keep
348,2443,NTSB,https://carol.ntsb.gov/investigations/detail/36152,,True,200,,False,,url_is_none,True,keep
349,2444,NTSB,https://carol.ntsb.gov/investigations/detail/22482,,True,200,,False,,url_is_none,True,keep
350,2445,NTSB,https://carol.ntsb.gov/investigations/detail/22644,,True,200,,False,,url_is_none,True,keep
351,2446,NTSB,https://carol.ntsb.gov/investigations/detail/7766,,True,200,,False,,url_is_none,True,keep
352,2447,NTSB,https://carol.ntsb.gov/investigations/detail/26009,,True,200,,False,,url_is_none,True,keep
353,2448,NTSB,https://carol.ntsb.gov/investigations/detail/36150,,True,200,,False,,url_is_none,True,keep
354,2449,NTSB,https://carol.ntsb.gov/investigations/detail/32184,,True,200,,False,,url_is_none,True,keep
355,2450,NTSB,https://carol.ntsb.gov/investigations/detail/14077,,True,200,,False,,url_is_none,True,keep
356,2451,NTSB,https://carol.ntsb.gov/investigations/detail/11415,,True,200,,False,,url_is_none,True,keep
357,2452,NTSB,https://carol.ntsb.gov/investigations/detail/14078,,True,200,,False,,url_is_none,True,keep
358,2453,NTSB,https://carol.ntsb.gov/investigations/detail/36166,,True,200,,False,,url_is_none,True,keep
359,2454,NTSB,https://carol.ntsb.gov/investigations/detail/22690,,True,200,,False,,url_is_none,True,keep
360,2455,NTSB,https://carol.ntsb.gov/investigations/detail/34573,,True,200,,False,,url_is_none,True,keep
361,2456,NTSB,https://carol.ntsb.gov/investigations/detail/36151,,True,200,,False,,url_is_none,True,keep
362,2457,NTSB,https://carol.ntsb.gov/investigations/detail/32183,,True,200,,False,,url_is_none,True,keep
363,2458,NTSB,https://carol.ntsb.gov/investigations/detail/26008,,True,200,,False,,url_is_none,True,keep
364,2459,NTSB,https://carol.ntsb.gov/investigations/detail/7767,,True,200,,False,,url_is_none,True,keep
365,2460,NTSB,https://carol.ntsb.gov/investigations/detail/40821,,True,200,,False,,url_is_none,True,keep
366,2461,NTSB,https://carol.ntsb.gov/investigations/detail/32246,,True,200,,False,,url_is_none,True,keep
367,2462,NTSB,https://carol.ntsb.gov/investigations/detail/34572,,True,200,,False,,url_is_none,True,keep
368,2463,NTSB,https://carol.ntsb.gov/investigations/detail/4954,,True,200,,False,,url_is_none,True,keep
369,2464,NTSB,https://carol.ntsb.gov/investigations/detail/14079,,True,200,,False,,url_is_none,True,keep
370,2465,NTSB,https://carol.ntsb.gov/investigations/detail/40822,,True,200,,False,,url_is_none,True,keep
371,2466,NTSB,https://carol.ntsb.gov/investigations/detail/40820,,True,200,,False,,url_is_none,True,keep
372,2467,NTSB,https://carol.ntsb.gov/investigations/detail/7764,,True,200,,False,,url_is_none,True,keep
373,2468,NTSB,https://carol.ntsb.gov/investigations/detail/13901,,True,200,,False,,url_is_none,True,keep
374,2469,NTSB,https://carol.ntsb.gov/investigations/detail/17368,,True,200,,False,,url_is_none,True,keep
375,2470,NTSB,https://carol.ntsb.gov/investigations/detail/7763,,True,200,,False,,url_is_none,True,keep
376,2471,NTSB,https://carol.ntsb.gov/investigations/detail/22488,,True,200,,False,,url_is_none,True,keep
377,2472,NTSB,https://carol.ntsb.gov/investigations/detail/22643,,True,200,,False,,url_is_none,True,keep
378,2473,NTSB,https://carol.ntsb.gov/investigations/detail/26007,,True,200,,False,,url_is_none,True,keep
379,2474,NTSB,https://carol.ntsb.gov/investigations/detail/34570,,True,200,,False,,url_is_none,True,keep
380,2475,NTSB,https://carol.ntsb.gov/investigations/detail/25833,,True,200,,False,,url_is_none,True,keep
381,2476,NTSB,https://carol.ntsb.gov/investigations/detail/7762,,True,200,,False,,url_is_none,True,keep
382,2477,NTSB,https://carol.ntsb.gov/investigations/detail/22550,,True,200,,False,,url_is_none,True,keep
383,2478,NTSB,https://carol.ntsb.gov/investigations/detail/26006,,True,200,,False,,url_is_none,True,keep
384,2479,NTSB,https://carol.ntsb.gov/investigations/detail/7557,,True,200,,False,,url_is_none,True,keep
385,2480,NTSB,https://carol.ntsb.gov/investigations/detail/22642,,True,200,,False,,url_is_none,True,keep
386,2481,NTSB,https://carol.ntsb.gov/investigations/detail/5008,,True,200,,False,,url_is_none,True,keep
387,2482,NTSB,https://carol.ntsb.gov/investigations/detail/7761,,True,200,,False,,url_is_none,True,keep
388,2483,NTSB,https://carol.ntsb.gov/investigations/detail/5007,,True,200,,False,,url_is_none,True,keep
389,2484,NTSB,https://carol.ntsb.gov/investigations/detail/4953,,True,200,,False,,url_is_none,True,keep
390,2485,NTSB,https://carol.ntsb.gov/investigations/detail/26005,,True,200,,False,,url_is_none,True,keep
391,2486,NTSB,https://carol.ntsb.gov/investigations/detail/25832,,True,200,,False,,url_is_none,True,keep
392,2487,NTSB,https://carol.ntsb.gov/investigations/detail/22549,,True,200,,False,,url_is_none,True,keep
393,2488,NTSB,https://carol.ntsb.gov/investigations/detail/17367,,True,200,,False,,url_is_none,True,keep
394,2489,NTSB,https://carol.ntsb.gov/investigations/detail/34568,,True,200,,False,,url_is_none,True,keep
395,2490,NTSB,https://carol.ntsb.gov/investigations/detail/40819,,True,200,,False,,url_is_none,True,keep
396,2491,NTSB,https://carol.ntsb.gov/investigations/detail/34569,,True,200,,False,,url_is_none,True,keep
397,2492,NTSB,https://carol.ntsb.gov/investigations/detail/4936,,True,200,,False,,url_is_none,True,keep
398,2493,NTSB,https://carol.ntsb.gov/investigations/detail/34494,,True,200,,False,,url_is_none,True,keep
399,2494,NTSB,https://carol.ntsb.gov/investigations/detail/36023,,True,200,,False,,url_is_none,True,keep
400,2495,NTSB,https://carol.ntsb.gov/investigations/detail/7537,,True,200,,False,,url_is_none,True,keep
401,2496,NTSB,https://carol.ntsb.gov/investigations/detail/32256,,True,200,,False,,url_is_none,True,keep
402,2497,NTSB,https://carol.ntsb.gov/investigations/detail/4952,,True,200,,False,,url_is_none,True,keep
403,2498,NTSB,https://carol.ntsb.gov/investigations/detail/5006,,True,200,,False,,url_is_none,True,keep
404,2499,NTSB,https://carol.ntsb.gov/investigations/detail/7604,,True,200,,False,,url_is_none,True,keep
405,2500,NTSB,https://carol.ntsb.gov/investigations/detail/26002,,True,200,,False,,url_is_none,True,keep
406,2501,NTSB,https://carol.ntsb.gov/investigations/detail/14076,,True,200,,False,,url_is_none,True,keep
407,2502,NTSB,https://carol.ntsb.gov/investigations/detail/32182,,True,200,,False,,url_is_none,True,keep
408,2503,NTSB,https://carol.ntsb.gov/investigations/detail/36148,,True,200,,False,,url_is_none,True,keep
409,2504,NTSB,https://carol.ntsb.gov/investigations/detail/40818,,True,200,,False,,url_is_none,True,keep
410,2505,NTSB,https://carol.ntsb.gov/investigations/detail/17470,,True,200,,False,,url_is_none,True,keep
411,2506,NTSB,https://carol.ntsb.gov/investigations/detail/22487,,True,200,,False,,url_is_none,True,keep
412,2507,NTSB,https://carol.ntsb.gov/investigations/detail/7760,,True,200,,False,,url_is_none,True,keep
413,2508,NTSB,https://carol.ntsb.gov/investigations/detail/32181,,True,200,,False,,url_is_none,True,keep
414,2509,NTSB,https://carol.ntsb.gov/investigations/detail/22641,,True,200,,False,,url_is_none,True,keep
415,2510,NTSB,https://carol.ntsb.gov/investigations/detail/36149,,True,200,,False,,url_is_none,True,keep
416,2511,NTSB,https://carol.ntsb.gov/investigations/detail/26003,,True,200,,False,,url_is_none,True,keep
417,2512,NTSB,https://carol.ntsb.gov/investigations/detail/26001,,True,200,,False,,url_is_none,True,keep
418,2513,NTSB,https://carol.ntsb.gov/investigations/detail/25831,,True,200,,False,,url_is_none,True,keep
419,2514,NTSB,https://carol.ntsb.gov/investigations/detail/11414,,True,200,,False,,url_is_none,True,keep
420,2515,NTSB,https://carol.ntsb.gov/investigations/detail/26000,,True,200,,False,,url_is_none,True,keep
421,2516,NTSB,https://carol.ntsb.gov/investigations/detail/22640,,True,200,,False,,url_is_none,True,keep
422,2517,NTSB,https://carol.ntsb.gov/investigations/detail/26116,,True,200,,False,,url_is_none,True,keep
423,2518,NTSB,https://carol.ntsb.gov/investigations/detail/40724,,True,200,,False,,url_is_none,True,keep
424,2519,NTSB,https://carol.ntsb.gov/investigations/detail/11366,,True,200,,False,,url_is_none,True,keep
425,2520,NTSB,https://carol.ntsb.gov/investigations/detail/40841,,True,200,,False,,url_is_none,True,keep
426,2521,NTSB,https://carol.ntsb.gov/investigations/detail/40817,,True,200,,False,,url_is_none,True,keep
427,2522,NTSB,https://carol.ntsb.gov/investigations/detail/7605,,True,200,,False,,url_is_none,True,keep
428,2523,NTSB,https://carol.ntsb.gov/investigations/detail/36147,,True,200,,False,,url_is_none,True,keep
429,2524,NTSB,https://carol.ntsb.gov/investigations/detail/4951,,True,200,,False,,url_is_none,True,keep
430,2525,NTSB,https://carol.ntsb.gov/investigations/detail/26004,,True,200,,False,,url_is_none,True,keep
431,2526,NTSB,https://carol.ntsb.gov/investigations/detail/36146,,True,200,,False,,url_is_none,True,keep
432,2527,NTSB,https://carol.ntsb.gov/investigations/detail/22548,,True,200,,False,,url_is_none,True,keep
433,2528,NTSB,https://carol.ntsb.gov/investigations/detail/7759,,True,200,,False,,url_is_none,True,keep
434,2529,NTSB,https://carol.ntsb.gov/investigations/detail/25999,,True,200,,False,,url_is_none,True,keep
435,2530,NTSB,https://carol.ntsb.gov/investigations/detail/17366,,True,200,,False,,url_is_none,True,keep
436,2531,NTSB,https://carol.ntsb.gov/investigations/detail/32180,,True,200,,False,,url_is_none,True,keep
437,2532,NTSB,https://carol.ntsb.gov/investigations/detail/7638,,True,200,,False,,url_is_none,True,keep
438,2533,NTSB,https://carol.ntsb.gov/investigations/detail/34567,,True,200,,False,,url_is_none,True,keep
439,2534,NTSB,https://carol.ntsb.gov/investigations/detail/11378,,True,200,,False,,url_is_none,True,keep
440,2535,NTSB,https://carol.ntsb.gov/investigations/detail/36001,,True,200,,False,,url_is_none,True,keep
441,2536,NTSB,https://carol.ntsb.gov/investigations/detail/17331,,True,200,,False,,url_is_none,True,keep
442,2537,NTSB,https://carol.ntsb.gov/investigations/detail/22639,,True,200,,False,,url_is_none,True,keep
443,2538,NTSB,https://carol.ntsb.gov/investigations/detail/11365,,True,200,,False,,url_is_none,True,keep
444,2539,NTSB,https://carol.ntsb.gov/investigations/detail/14075,,True,200,,False,,url_is_none,True,keep
445,2540,NTSB,https://carol.ntsb.gov/investigations/detail/40816,,True,200,,False,,url_is_none,True,keep
446,2541,NTSB,https://carol.ntsb.gov/investigations/detail/32060,,True,200,,False,,url_is_none,True,keep
447,2542,NTSB,https://carol.ntsb.gov/investigations/detail/13994,,True,200,,False,,url_is_none,True,keep
448,2543,NTSB,https://carol.ntsb.gov/investigations/detail/25998,,True,200,,False,,url_is_none,True,keep
449,2544,NTSB,https://carol.ntsb.gov/investigations/detail/34458,,True,200,,False,,url_is_none,True,keep
450,2545,NTSB,https://carol.ntsb.gov/investigations/detail/25997,,True,200,,False,,url_is_none,True,keep
451,2546,NTSB,https://carol.ntsb.gov/investigations/detail/11413,,True,200,,False,,url_is_none,True,keep
452,2547,NTSB,https://carol.ntsb.gov/investigations/detail/22486,,True,200,,False,,url_is_none,True,keep
453,2548,NTSB,https://carol.ntsb.gov/investigations/detail/25868,,True,200,,False,,url_is_none,True,keep
454,2549,NTSB,https://carol.ntsb.gov/investigations/detail/40814,,True,200,,False,,url_is_none,True,keep
455,2550,NTSB,https://carol.ntsb.gov/investigations/detail/32058,,True,200,,False,,url_is_none,True,keep
456,2551,NTSB,https://carol.ntsb.gov/investigations/detail/40815,,True,200,,False,,url_is_none,True,keep
457,2552,NTSB,https://carol.ntsb.gov/investigations/detail/7758,,True,200,,False,,url_is_none,True,keep
458,2553,NTSB,https://carol.ntsb.gov/investigations/detail/40813,,True,200,,False,,url_is_none,True,keep
459,2554,NTSB,https://carol.ntsb.gov/investigations/detail/7757,,True,200,,False,,url_is_none,True,keep
460,2555,NTSB,https://carol.ntsb.gov/investigations/detail/22573,,True,200,,False,,url_is_none,True,keep
461,2556,NTSB,https://carol.ntsb.gov/investigations/detail/13943,,True,200,,False,,url_is_none,True,keep
462,2557,NTSB,https://carol.ntsb.gov/investigations/detail/5005,,True,200,,False,,url_is_none,True,keep
463,2558,NTSB,https://carol.ntsb.gov/investigations/detail/40812,,True,200,,False,,url_is_none,True,keep
464,2559,NTSB,https://carol.ntsb.gov/investigations/detail/25744,,True,200,,False,,url_is_none,True,keep
465,2560,NTSB,https://carol.ntsb.gov/investigations/detail/7603,,True,200,,False,,url_is_none,True,keep
466,2561,NTSB,https://carol.ntsb.gov/investigations/detail/22638,,True,200,,False,,url_is_none,True,keep
467,2562,NTSB,https://carol.ntsb.gov/investigations/detail/34493,,True,200,,False,,url_is_none,True,keep
468,2563,NTSB,https://carol.ntsb.gov/investigations/detail/36144,,True,200,,False,,url_is_none,True,keep
469,2564,NTSB,https://carol.ntsb.gov/investigations/detail/22637,,True,200,,False,,url_is_none,True,keep
470,2565,NTSB,https://carol.ntsb.gov/investigations/detail/32178,,True,200,,False,,url_is_none,True,keep
471,2566,NTSB,https://carol.ntsb.gov/investigations/detail/25725,,True,200,,False,,url_is_none,True,keep
472,2567,NTSB,https://carol.ntsb.gov/investigations/detail/14073,,True,200,,False,,url_is_none,True,keep
473,2568,NTSB,https://carol.ntsb.gov/investigations/detail/17365,,True,200,,False,,url_is_none,True,keep
474,2569,NTSB,https://carol.ntsb.gov/investigations/detail/36145,,True,200,,False,,url_is_none,True,keep
475,2570,NTSB,https://carol.ntsb.gov/investigations/detail/14072,,True,200,,False,,url_is_none,True,keep
476,2571,NTSB,https://carol.ntsb.gov/investigations/detail/34460,,True,200,,False,,url_is_none,True,keep
477,2572,NTSB,https://carol.ntsb.gov/investigations/detail/25834,,True,200,,False,,url_is_none,True,keep
478,2573,NTSB,https://carol.ntsb.gov/investigations/detail/7756,,True,200,,False,,url_is_none,True,keep
479,2574,NTSB,https://carol.ntsb.gov/investigations/detail/13854,,True,200,,False,,url_is_none,True,keep
480,2575,NTSB,https://carol.ntsb.gov/investigations/detail/14074,,True,200,,False,,url_is_none,True,keep
481,2576,NTSB,https://carol.ntsb.gov/investigations/detail/25830,,True,200,,False,,url_is_none,True,keep
482,2577,NTSB,https://carol.ntsb.gov/investigations/detail/17328,,True,200,,False,,url_is_none,True,keep
483,2578,NTSB,https://carol.ntsb.gov/investigations/detail/7755,,True,200,,False,,url_is_none,True,keep
484,2579,NTSB,https://carol.ntsb.gov/investigations/detail/40811,,True,200,,False,,url_is_none,True,keep
485,2580,NTSB,https://carol.ntsb.gov/investigations/detail/30751,,True,200,,False,,url_is_none,True,keep
486,2581,NTSB,https://carol.ntsb.gov/investigations/detail/34566,,True,200,,False,,url_is_none,True,keep
487,2582,NTSB,https://carol.ntsb.gov/investigations/detail/5004,,True,200,,False,,url_is_none,True,keep
488,2583,NTSB,https://carol.ntsb.gov/investigations/detail/32177,,True,200,,False,,url_is_none,True,keep
489,2584,NTSB,https://carol.ntsb.gov/investigations/detail/14071,,True,200,,False,,url_is_none,True,keep
490,2585,NTSB,https://carol.ntsb.gov/investigations/detail/25996,,True,200,,False,,url_is_none,True,keep
491,2586,NTSB,https://carol.ntsb.gov/investigations/detail/7754,,True,200,,False,,url_is_none,True,keep
492,2587,NTSB,https://carol.ntsb.gov/investigations/detail/34492,,True,200,,False,,url_is_none,True,keep
493,2588,NTSB,https://carol.ntsb.gov/investigations/detail/25717,,True,200,,False,,url_is_none,True,keep
494,2589,NTSB,https://carol.ntsb.gov/investigations/detail/25766,,True,200,,False,,url_is_none,True,keep
495,2590,NTSB,https://carol.ntsb.gov/investigations/detail/32179,,True,200,,False,,url_is_none,True,keep
496,2591,NTSB,https://carol.ntsb.gov/investigations/detail/5003,,True,200,,False,,url_is_none,True,keep
497,2592,NTSB,https://carol.ntsb.gov/investigations/detail/4949,,True,200,,False,,url_is_none,True,keep
498,2593,NTSB,https://carol.ntsb.gov/investigations/detail/7753,,True,200,,False,,url_is_none,True,keep
499,2594,NTSB,https://carol.ntsb.gov/investigations/detail/14070,,True,200,,False,,url_is_none,True,keep
500,2595,NTSB,https://carol.ntsb.gov/investigations/detail/15889,,True,200,,False,,url_is_none,True,keep
501,2596,NTSB,https://carol.ntsb.gov/investigations/detail/7752,,True,200,,False,,url_is_none,True,keep
502,2597,NTSB,https://carol.ntsb.gov/investigations/detail/7602,,True,200,,False,,url_is_none,True,keep
503,2598,NTSB,https://carol.ntsb.gov/investigations/detail/22636,,True,200,,False,,url_is_none,True,keep
504,2599,NTSB,https://carol.ntsb.gov/investigations/detail/34564,,True,200,,False,,url_is_none,True,keep
505,2600,NTSB,https://carol.ntsb.gov/investigations/detail/7751,,True,200,,False,,url_is_none,True,keep
506,2601,NTSB,https://carol.ntsb.gov/investigations/detail/25743,,True,200,,False,,url_is_none,True,keep
507,2602,NTSB,https://carol.ntsb.gov/investigations/detail/25765,,True,200,,False,,url_is_none,True,keep
508,2603,NTSB,https://carol.ntsb.gov/investigations/detail/32176,,True,200,,False,,url_is_none,True,keep
509,2604,NTSB,https://carol.ntsb.gov/investigations/detail/7750,,True,200,,False,,url_is_none,True,keep
510,2605,NTSB,https://carol.ntsb.gov/investigations/detail/11410,,True,200,,False,,url_is_none,True,keep
511,2606,NTSB,https://carol.ntsb.gov/investigations/detail/40810,,True,200,,False,,url_is_none,True,keep
512,2607,NTSB,https://carol.ntsb.gov/investigations/detail/11408,,True,200,,False,,url_is_none,True,keep
513,2608,NTSB,https://carol.ntsb.gov/investigations/detail/22479,,True,200,,False,,url_is_none,True,keep
514,2609,NTSB,https://carol.ntsb.gov/investigations/detail/13942,,True,200,,False,,url_is_none,True,keep
515,2610,NTSB,https://carol.ntsb.gov/investigations/detail/11411,,True,200,,False,,url_is_none,True,keep
516,2611,NTSB,https://carol.ntsb.gov/investigations/detail/25992,,True,200,,False,,url_is_none,True,keep
517,2612,NTSB,https://carol.ntsb.gov/investigations/detail/17468,,True,200,,False,,url_is_none,True,keep
518,2613,NTSB,https://carol.ntsb.gov/investigations/detail/17467,,True,200,,False,,url_is_none,True,keep
519,2614,NTSB,https://carol.ntsb.gov/investigations/detail/34491,,True,200,,False,,url_is_none,True,keep
520,2615,NTSB,https://carol.ntsb.gov/investigations/detail/36000,,True,200,,False,,url_is_none,True,keep
521,2616,NTSB,https://carol.ntsb.gov/investigations/detail/11409,,True,200,,False,,url_is_none,True,keep
522,2617,NTSB,https://carol.ntsb.gov/investigations/detail/14067,,True,200,,False,,url_is_none,True,keep
523,2618,NTSB,https://carol.ntsb.gov/investigations/detail/22480,,True,200,,False,,url_is_none,True,keep
524,2619,NTSB,https://carol.ntsb.gov/investigations/detail/36143,,True,200,,False,,url_is_none,True,keep
525,2620,NTSB,https://carol.ntsb.gov/investigations/detail/25993,,True,200,,False,,url_is_none,True,keep
526,2621,NTSB,https://carol.ntsb.gov/investigations/detail/14069,,True,200,,False,,url_is_none,True,keep
527,2622,NTSB,https://carol.ntsb.gov/investigations/detail/11405,,True,200,,False,,url_is_none,True,keep
528,2623,NTSB,https://carol.ntsb.gov/investigations/detail/36141,,True,200,,False,,url_is_none,True,keep
529,2624,NTSB,https://carol.ntsb.gov/investigations/detail/17469,,True,200,,False,,url_is_none,True,keep
530,2625,NTSB,https://carol.ntsb.gov/investigations/detail/25994,,True,200,,False,,url_is_none,True,keep
531,2626,NTSB,https://carol.ntsb.gov/investigations/detail/11406,,True,200,,False,,url_is_none,True,keep
532,2627,NTSB,https://carol.ntsb.gov/investigations/detail/7749,,True,200,,False,,url_is_none,True,keep
533,2628,NTSB,https://carol.ntsb.gov/investigations/detail/34565,,True,200,,False,,url_is_none,True,keep
534,2629,NTSB,https://carol.ntsb.gov/investigations/detail/35999,,True,200,,False,,url_is_none,True,keep
535,2630,NTSB,https://carol.ntsb.gov/investigations/detail/7601,,True,200,,False,,url_is_none,True,keep
536,2631,NTSB,https://carol.ntsb.gov/investigations/detail/34571,,True,200,,False,,url_is_none,True,keep
537,2632,NTSB,https://carol.ntsb.gov/investigations/detail/34563,,True,200,,False,,url_is_none,True,keep
538,2633,NTSB,https://carol.ntsb.gov/investigations/detail/34562,,True,200,,False,,url_is_none,True,keep
539,2634,NTSB,https://carol.ntsb.gov/investigations/detail/14068,,True,200,,False,,url_is_none,True,keep
540,2635,NTSB,https://carol.ntsb.gov/investigations/detail/22635,,True,200,,False,,url_is_none,True,keep
541,2636,NTSB,https://carol.ntsb.gov/investigations/detail/13941,,True,200,,False,,url_is_none,True,keep
542,2637,NTSB,https://carol.ntsb.gov/investigations/detail/22468,,True,200,,False,,url_is_none,True,keep
543,2638,NTSB,https://carol.ntsb.gov/investigations/detail/32245,,True,200,,False,,url_is_none,True,keep
544,2639,NTSB,https://carol.ntsb.gov/investigations/detail/15898,https://data.ntsb.gov/carol-repgen/api/Aviation/ReportMain/GenerateNewestReport/DCA88MA054/pdf,True,200,,False,404,http_404,True,keep
545,2640,NTSB,https://carol.ntsb.gov/investigations/detail/40808,,True,200,,False,,url_is_none,True,keep
546,2641,NTSB,https://carol.ntsb.gov/investigations/detail/11404,,True,200,,False,,url_is_none,True,keep
547,2642,NTSB,https://carol.ntsb.gov/investigations/detail/40809,,True,200,,False,,url_is_none,True,keep
548,2643,NTSB,https://carol.ntsb.gov/investigations/detail/17465,,True,200,,False,,url_is_none,True,keep
549,2644,NTSB,https://carol.ntsb.gov/investigations/detail/25991,,True,200,,False,,url_is_none,True,keep
550,2645,NTSB,https://carol.ntsb.gov/investigations/detail/36142,,True,200,,False,,url_is_none,True,keep
551,2646,NTSB,https://carol.ntsb.gov/investigations/detail/4948,,True,200,,False,,url_is_none,True,keep
552,2647,NTSB,https://carol.ntsb.gov/investigations/detail/36139,,True,200,,False,,url_is_none,True,keep
553,2648,NTSB,https://carol.ntsb.gov/investigations/detail/25829,,True,200,,False,,url_is_none,True,keep
554,2649,NTSB,https://carol.ntsb.gov/investigations/detail/17466,,True,200,,False,,url_is_none,True,keep
555,2650,NTSB,https://carol.ntsb.gov/investigations/detail/25995,,True,200,,False,,url_is_none,True,keep
556,2651,NTSB,https://carol.ntsb.gov/investigations/detail/7748,,True,200,,False,,url_is_none,True,keep
557,2652,NTSB,https://carol.ntsb.gov/investigations/detail/7747,,True,200,,False,,url_is_none,True,keep
558,2653,NTSB,https://carol.ntsb.gov/investigations/detail/32175,,True,200,,False,,url_is_none,True,keep
559,2654,NTSB,https://carol.ntsb.gov/investigations/detail/7600,,True,200,,False,,url_is_none,True,keep
560,2655,NTSB,https://carol.ntsb.gov/investigations/detail/17327,,True,200,,False,,url_is_none,True,keep
561,2656,NTSB,https://carol.ntsb.gov/investigations/detail/34561,,True,200,,False,,url_is_none,True,keep
562,2657,NTSB,https://carol.ntsb.gov/investigations/detail/13912,,True,200,,False,,url_is_none,True,keep
563,2658,NTSB,https://carol.ntsb.gov/investigations/detail/36140,,True,200,,False,,url_is_none,True,keep
564,2659,NTSB,https://carol.ntsb.gov/investigations/detail/22634,,True,200,,False,,url_is_none,True,keep
565,2660,NTSB,https://carol.ntsb.gov/investigations/detail/15910,,True,200,,False,,url_is_none,True,keep
566,2661,NTSB,https://carol.ntsb.gov/investigations/detail/5002,,True,200,,False,,url_is_none,True,keep
567,2662,NTSB,https://carol.ntsb.gov/investigations/detail/7746,,True,200,,False,,url_is_none,True,keep
568,2663,NTSB,https://carol.ntsb.gov/investigations/detail/40723,,True,200,,False,,url_is_none,True,keep
569,2664,NTSB,https://carol.ntsb.gov/investigations/detail/32174,,True,200,,False,,url_is_none,True,keep
570,2665,NTSB,https://carol.ntsb.gov/investigations/detail/11348,,True,200,,False,,url_is_none,True,keep
571,2666,NTSB,https://carol.ntsb.gov/investigations/detail/25713,,True,200,,False,,url_is_none,True,keep
572,2667,NTSB,https://carol.ntsb.gov/investigations/detail/40722,,True,200,,False,,url_is_none,True,keep
573,2668,NTSB,https://carol.ntsb.gov/investigations/detail/5001,,True,200,,False,,url_is_none,True,keep
574,2669,NTSB,https://carol.ntsb.gov/investigations/detail/7745,,True,200,,False,,url_is_none,True,keep
575,2670,NTSB,https://carol.ntsb.gov/investigations/detail/7743,,True,200,,False,,url_is_none,True,keep
576,2671,NTSB,https://carol.ntsb.gov/investigations/detail/7744,,True,200,,False,,url_is_none,True,keep
577,2672,NTSB,https://carol.ntsb.gov/investigations/detail/7636,,True,200,,False,,url_is_none,True,keep
578,2673,NTSB,https://carol.ntsb.gov/investigations/detail/7741,,True,200,,False,,url_is_none,True,keep
579,2674,NTSB,https://carol.ntsb.gov/investigations/detail/7599,,True,200,,False,,url_is_none,True,keep
580,2675,NTSB,https://carol.ntsb.gov/investigations/detail/32173,,True,200,,False,,url_is_none,True,keep
581,2676,NTSB,https://carol.ntsb.gov/investigations/detail/17364,,True,200,,False,,url_is_none,True,keep
582,2677,NTSB,https://carol.ntsb.gov/investigations/detail/14065,,True,200,,False,,url_is_none,True,keep
583,2678,NTSB,https://carol.ntsb.gov/investigations/detail/15909,,True,200,,False,,url_is_none,True,keep
584,2679,NTSB,https://carol.ntsb.gov/investigations/detail/32171,,True,200,,False,,url_is_none,True,keep
585,2680,NTSB,https://carol.ntsb.gov/investigations/detail/32172,,True,200,,False,,url_is_none,True,keep
586,2681,NTSB,https://carol.ntsb.gov/investigations/detail/17363,,True,200,,False,,url_is_none,True,keep
587,2682,NTSB,https://carol.ntsb.gov/investigations/detail/25990,,True,200,,False,,url_is_none,True,keep
588,2683,NTSB,https://carol.ntsb.gov/investigations/detail/36124,,True,200,,False,,url_is_none,True,keep
589,2684,NTSB,https://carol.ntsb.gov/investigations/detail/40806,,True,200,,False,,url_is_none,True,keep
590,2685,NTSB,https://carol.ntsb.gov/investigations/detail/22633,,True,200,,False,,url_is_none,True,keep
591,2686,NTSB,https://carol.ntsb.gov/investigations/detail/22572,,True,200,,False,,url_is_none,True,keep
592,2687,NTSB,https://carol.ntsb.gov/investigations/detail/13844,,True,200,,False,,url_is_none,True,keep
593,2688,NTSB,https://carol.ntsb.gov/investigations/detail/22478,,True,200,,False,,url_is_none,True,keep
594,2689,NTSB,https://carol.ntsb.gov/investigations/detail/5000,,True,200,,False,,url_is_none,True,keep
595,2690,NTSB,https://carol.ntsb.gov/investigations/detail/32170,,True,200,,False,,url_is_none,True,keep
596,2691,NTSB,https://carol.ntsb.gov/investigations/detail/32169,,True,200,,False,,url_is_none,True,keep
597,2692,NTSB,https://carol.ntsb.gov/investigations/detail/7637,,True,200,,False,,url_is_none,True,keep
598,2693,NTSB,https://carol.ntsb.gov/investigations/detail/4999,,True,200,,False,,url_is_none,True,keep
599,2694,NTSB,https://carol.ntsb.gov/investigations/detail/36138,,True,200,,False,,url_is_none,True,keep
600,2695,NTSB,https://carol.ntsb.gov/investigations/detail/4947,,True,200,,False,,url_is_none,True,keep
601,2696,NTSB,https://carol.ntsb.gov/investigations/detail/25988,,True,200,,False,,url_is_none,True,keep
602,2697,NTSB,https://carol.ntsb.gov/investigations/detail/4997,,True,200,,False,,url_is_none,True,keep
603,2698,NTSB,https://carol.ntsb.gov/investigations/detail/25827,,True,200,,False,,url_is_none,True,keep
604,2699,NTSB,https://carol.ntsb.gov/investigations/detail/36137,,True,200,,False,,url_is_none,True,keep
605,2700,NTSB,https://carol.ntsb.gov/investigations/detail/32198,,True,200,,False,,url_is_none,True,keep
606,2701,NTSB,https://carol.ntsb.gov/investigations/detail/25828,,True,200,,False,,url_is_none,True,keep
607,2702,NTSB,https://carol.ntsb.gov/investigations/detail/7740,,True,200,,False,,url_is_none,True,keep
608,2703,NTSB,https://carol.ntsb.gov/investigations/detail/11379,,True,200,,False,,url_is_none,True,keep
609,2704,NTSB,https://carol.ntsb.gov/investigations/detail/14064,,True,200,,False,,url_is_none,True,keep
610,2705,NTSB,https://carol.ntsb.gov/investigations/detail/7922,,True,200,,False,,url_is_none,True,keep
611,2706,NTSB,https://carol.ntsb.gov/investigations/detail/34560,,True,200,,False,,url_is_none,True,keep
612,2707,NTSB,https://carol.ntsb.gov/investigations/detail/4998,,True,200,,False,,url_is_none,True,keep
613,2708,NTSB,https://carol.ntsb.gov/investigations/detail/34559,,True,200,,False,,url_is_none,True,keep
614,2709,NTSB,https://carol.ntsb.gov/investigations/detail/36136,,True,200,,False,,url_is_none,True,keep
615,2710,NTSB,https://carol.ntsb.gov/investigations/detail/7739,,True,200,,False,,url_is_none,True,keep
616,2711,NTSB,https://carol.ntsb.gov/investigations/detail/17362,,True,200,,False,,url_is_none,True,keep
617,2712,NTSB,https://carol.ntsb.gov/investigations/detail/32167,,True,200,,False,,url_is_none,True,keep
618,2713,NTSB,https://carol.ntsb.gov/investigations/detail/32168,,True,200,,False,,url_is_none,True,keep
619,2714,NTSB,https://carol.ntsb.gov/investigations/detail/14066,,True,200,,False,,url_is_none,True,keep
620,2715,NTSB,https://carol.ntsb.gov/investigations/detail/32255,,True,200,,False,,url_is_none,True,keep
621,2716,NTSB,https://carol.ntsb.gov/investigations/detail/40721,,True,200,,False,,url_is_none,True,keep
622,2717,NTSB,https://carol.ntsb.gov/investigations/detail/25826,,True,200,,False,,url_is_none,True,keep
623,2718,NTSB,https://carol.ntsb.gov/investigations/detail/32166,,True,200,,False,,url_is_none,True,keep
624,2719,NTSB,https://carol.ntsb.gov/investigations/detail/40804,,True,200,,False,,url_is_none,True,keep
625,2720,NTSB,https://carol.ntsb.gov/investigations/detail/25825,,True,200,,False,,url_is_none,True,keep
626,2721,NTSB,https://carol.ntsb.gov/investigations/detail/32057,,True,200,,False,,url_is_none,True,keep
627,2722,NTSB,https://carol.ntsb.gov/investigations/detail/15897,https://data.ntsb.gov/carol-repgen/api/Aviation/ReportMain/GenerateNewestReport/DCA88MA052/pdf,True,200,,False,404,http_404,True,keep
628,2723,NTSB,https://carol.ntsb.gov/investigations/detail/32165,,True,200,,False,,url_is_none,True,keep
629,2724,NTSB,https://carol.ntsb.gov/investigations/detail/17361,,True,200,,False,,url_is_none,True,keep
630,2725,NTSB,https://carol.ntsb.gov/investigations/detail/32164,,True,200,,False,,url_is_none,True,keep
631,2726,NTSB,https://carol.ntsb.gov/investigations/detail/7635,,True,200,,False,,url_is_none,True,keep
632,2727,NTSB,https://carol.ntsb.gov/investigations/detail/7598,,True,200,,False,,url_is_none,True,keep
633,2728,NTSB,https://carol.ntsb.gov/investigations/detail/26115,,True,200,,False,,url_is_none,True,keep
634,2729,NTSB,https://carol.ntsb.gov/investigations/detail/17360,,True,200,,False,,url_is_none,True,keep
635,2730,NTSB,https://carol.ntsb.gov/investigations/detail/4963,,True,200,,False,,url_is_none,True,keep
636,2731,NTSB,https://carol.ntsb.gov/investigations/detail/32163,,True,200,,False,,url_is_none,True,keep
637,2732,NTSB,https://carol.ntsb.gov/investigations/detail/7738,,True,200,,False,,url_is_none,True,keep
638,2733,NTSB,https://carol.ntsb.gov/investigations/detail/11364,,True,200,,False,,url_is_none,True,keep
639,2734,NTSB,https://carol.ntsb.gov/investigations/detail/17464,,True,200,,False,,url_is_none,True,keep
640,2735,NTSB,https://carol.ntsb.gov/investigations/detail/15908,,True,200,,False,,url_is_none,True,keep
641,2736,NTSB,https://carol.ntsb.gov/investigations/detail/34558,,True,200,,False,,url_is_none,True,keep
642,2737,NTSB,https://carol.ntsb.gov/investigations/detail/7736,,True,200,,False,,url_is_none,True,keep
643,2738,NTSB,https://carol.ntsb.gov/investigations/detail/40803,,True,200,,False,,url_is_none,True,keep
644,2739,NTSB,https://carol.ntsb.gov/investigations/detail/25987,,True,200,,False,,url_is_none,True,keep
645,2740,NTSB,https://carol.ntsb.gov/investigations/detail/40742,,True,200,,False,,url_is_none,True,keep
646,2741,NTSB,https://carol.ntsb.gov/investigations/detail/32162,,True,200,,False,,url_is_none,True,keep
647,2742,NTSB,https://carol.ntsb.gov/investigations/detail/32016,,True,200,,False,,url_is_none,True,keep
648,2743,NTSB,https://carol.ntsb.gov/investigations/detail/25986,,True,200,,False,,url_is_none,True,keep
649,2744,NTSB,https://carol.ntsb.gov/investigations/detail/7788,,True,200,,False,,url_is_none,True,keep
650,2745,NTSB,https://carol.ntsb.gov/investigations/detail/22571,,True,200,,False,,url_is_none,True,keep
651,2746,NTSB,https://carol.ntsb.gov/investigations/detail/25989,,True,200,,False,,url_is_none,True,keep
652,2747,NTSB,https://carol.ntsb.gov/investigations/detail/40802,,True,200,,False,,url_is_none,True,keep
653,2748,NTSB,https://carol.ntsb.gov/investigations/detail/7735,,True,200,,False,,url_is_none,True,keep
654,2749,NTSB,https://carol.ntsb.gov/investigations/detail/40800,,True,200,,False,,url_is_none,True,keep
655,2750,NTSB,https://carol.ntsb.gov/investigations/detail/7634,,True,200,,False,,url_is_none,True,keep
656,2751,NTSB,https://carol.ntsb.gov/investigations/detail/40799,,True,200,,False,,url_is_none,True,keep
657,2752,NTSB,https://carol.ntsb.gov/investigations/detail/25985,,True,200,,False,,url_is_none,True,keep
658,2753,NTSB,https://carol.ntsb.gov/investigations/detail/7597,,True,200,,False,,url_is_none,True,keep
659,2754,NTSB,https://carol.ntsb.gov/investigations/detail/25984,,True,200,,False,,url_is_none,True,keep
660,2755,NTSB,https://carol.ntsb.gov/investigations/detail/36132,,True,200,,False,,url_is_none,True,keep
661,2756,NTSB,https://carol.ntsb.gov/investigations/detail/22632,,True,200,,False,,url_is_none,True,keep
662,2757,NTSB,https://carol.ntsb.gov/investigations/detail/22476,,True,200,,False,,url_is_none,True,keep
663,2758,NTSB,https://carol.ntsb.gov/investigations/detail/13993,,True,200,,False,,url_is_none,True,keep
664,2759,NTSB,https://carol.ntsb.gov/investigations/detail/31982,,True,200,,False,,url_is_none,True,keep
665,2760,NTSB,https://carol.ntsb.gov/investigations/detail/22454,,True,200,,False,,url_is_none,True,keep
666,2761,NTSB,https://carol.ntsb.gov/investigations/detail/32015,,True,200,,False,,url_is_none,True,keep
667,2762,NTSB,https://carol.ntsb.gov/investigations/detail/25983,,True,200,,False,,url_is_none,True,keep
668,2763,NTSB,https://carol.ntsb.gov/investigations/detail/36131,,True,200,,False,,url_is_none,True,keep
669,2764,NTSB,https://carol.ntsb.gov/investigations/detail/7536,,True,200,,False,,url_is_none,True,keep
670,2765,NTSB,https://carol.ntsb.gov/investigations/detail/40798,,True,200,,False,,url_is_none,True,keep
671,2766,NTSB,https://carol.ntsb.gov/investigations/detail/13866,,True,200,,False,,url_is_none,True,keep
672,2767,NTSB,https://carol.ntsb.gov/investigations/detail/7596,,True,200,,False,,url_is_none,True,keep
673,2768,NTSB,https://carol.ntsb.gov/investigations/detail/36134,,True,200,,False,,url_is_none,True,keep
674,2769,NTSB,https://carol.ntsb.gov/investigations/detail/32161,,True,200,,False,,url_is_none,True,keep
675,2770,NTSB,https://carol.ntsb.gov/investigations/detail/17463,,True,200,,False,,url_is_none,True,keep
676,2771,NTSB,https://carol.ntsb.gov/investigations/detail/22475,,True,200,,False,,url_is_none,True,keep
677,2772,NTSB,https://carol.ntsb.gov/investigations/detail/17359,,True,200,,False,,url_is_none,True,keep
678,2773,NTSB,https://carol.ntsb.gov/investigations/detail/40720,,True,200,,False,,url_is_none,True,keep
679,2774,NTSB,https://carol.ntsb.gov/investigations/detail/7556,,True,200,,False,,url_is_none,True,keep
680,2775,NTSB,https://carol.ntsb.gov/investigations/detail/36130,,True,200,,False,,url_is_none,True,keep
681,2776,NTSB,https://carol.ntsb.gov/investigations/detail/13992,,True,200,,False,,url_is_none,True,keep
682,2777,NTSB,https://carol.ntsb.gov/investigations/detail/34557,,True,200,,False,,url_is_none,True,keep
683,2778,NTSB,https://carol.ntsb.gov/investigations/detail/7733,,True,200,,False,,url_is_none,True,keep
684,2779,NTSB,https://carol.ntsb.gov/investigations/detail/7732,,True,200,,False,,url_is_none,True,keep
685,2780,NTSB,https://carol.ntsb.gov/investigations/detail/7734,,True,200,,False,,url_is_none,True,keep
686,2781,NTSB,https://carol.ntsb.gov/investigations/detail/11407,,True,200,,False,,url_is_none,True,keep
687,2782,NTSB,https://carol.ntsb.gov/investigations/detail/14062,,True,200,,False,,url_is_none,True,keep
688,2783,NTSB,https://carol.ntsb.gov/investigations/detail/14063,,True,200,,False,,url_is_none,True,keep
689,2784,NTSB,https://carol.ntsb.gov/investigations/detail/11363,,False,,timeout,False,,url_is_none,True,mark_dead
690,2785,NTSB,https://carol.ntsb.gov/investigations/detail/34556,,False,,transport_error:ConnectError,False,,url_is_none,True,mark_dead
691,2786,NTSB,https://carol.ntsb.gov/investigations/detail/13939,,False,,transport_error:ConnectError,False,,url_is_none,True,mark_dead
692,2787,NTSB,https://carol.ntsb.gov/investigations/detail/32159,,False,,transport_error:ConnectError,False,,url_is_none,True,mark_dead
693,2788,NTSB,https://carol.ntsb.gov/investigations/detail/4935,,True,200,,False,,url_is_none,True,keep
694,2789,NTSB,https://carol.ntsb.gov/investigations/detail/17462,,True,200,,False,,url_is_none,True,keep
695,2790,NTSB,https://carol.ntsb.gov/investigations/detail/13940,,True,200,,False,,url_is_none,True,keep
696,2791,NTSB,https://carol.ntsb.gov/investigations/detail/7731,,True,200,,False,,url_is_none,True,keep
697,2792,NTSB,https://carol.ntsb.gov/investigations/detail/13865,,True,200,,False,,url_is_none,True,keep
698,2793,NTSB,https://carol.ntsb.gov/investigations/detail/25981,,True,200,,False,,url_is_none,True,keep
699,2794,NTSB,https://carol.ntsb.gov/investigations/detail/25980,,True,200,,False,,url_is_none,True,keep
700,2795,NTSB,https://carol.ntsb.gov/investigations/detail/32244,,True,200,,False,,url_is_none,True,keep
701,2796,NTSB,https://carol.ntsb.gov/investigations/detail/22474,,True,200,,False,,url_is_none,True,keep
702,2797,NTSB,https://carol.ntsb.gov/investigations/detail/25822,,True,200,,False,,url_is_none,True,keep
703,2798,NTSB,https://carol.ntsb.gov/investigations/detail/22513,,True,200,,False,,url_is_none,True,keep
704,2799,NTSB,https://carol.ntsb.gov/investigations/detail/22630,,True,200,,False,,url_is_none,True,keep
705,2800,NTSB,https://carol.ntsb.gov/investigations/detail/7595,,True,200,,False,,url_is_none,True,keep
706,2801,NTSB,https://carol.ntsb.gov/investigations/detail/32158,,True,200,,False,,url_is_none,True,keep
707,2802,NTSB,https://carol.ntsb.gov/investigations/detail/17357,,True,200,,False,,url_is_none,True,keep
708,2803,NTSB,https://carol.ntsb.gov/investigations/detail/22629,,True,200,,False,,url_is_none,True,keep
709,2804,NTSB,https://carol.ntsb.gov/investigations/detail/32014,,True,200,,False,,url_is_none,True,keep
710,2805,NTSB,https://carol.ntsb.gov/investigations/detail/11403,,True,200,,False,,url_is_none,True,keep
711,2806,NTSB,https://carol.ntsb.gov/investigations/detail/25824,,True,200,,False,,url_is_none,True,keep
712,2807,NTSB,https://carol.ntsb.gov/investigations/detail/15907,,True,200,,False,,url_is_none,True,keep
713,2808,NTSB,https://carol.ntsb.gov/investigations/detail/36133,,True,200,,False,,url_is_none,True,keep
714,2809,NTSB,https://carol.ntsb.gov/investigations/detail/36127,,True,200,,False,,url_is_none,True,keep
715,2810,NTSB,https://carol.ntsb.gov/investigations/detail/17358,,True,200,,False,,url_is_none,True,keep
716,2811,NTSB,https://carol.ntsb.gov/investigations/detail/36128,,True,200,,False,,url_is_none,True,keep
717,2812,NTSB,https://carol.ntsb.gov/investigations/detail/25978,,True,200,,False,,url_is_none,True,keep
718,2813,NTSB,https://carol.ntsb.gov/investigations/detail/22477,,True,200,,False,,url_is_none,True,keep
719,2814,NTSB,https://carol.ntsb.gov/investigations/detail/17356,,True,200,,False,,url_is_none,True,keep
720,2815,NTSB,https://carol.ntsb.gov/investigations/detail/7729,,True,200,,False,,url_is_none,True,keep
721,2816,NTSB,https://carol.ntsb.gov/investigations/detail/22443,,True,200,,False,,url_is_none,True,keep
722,2817,NTSB,https://carol.ntsb.gov/investigations/detail/25823,,True,200,,False,,url_is_none,True,keep
723,2818,NTSB,https://carol.ntsb.gov/investigations/detail/7730,,True,200,,False,,url_is_none,True,keep
724,2819,NTSB,https://carol.ntsb.gov/investigations/detail/25979,,True,200,,False,,url_is_none,True,keep
725,2820,NTSB,https://carol.ntsb.gov/investigations/detail/25742,,True,200,,False,,url_is_none,True,keep
726,2821,NTSB,https://carol.ntsb.gov/investigations/detail/13938,,True,200,,False,,url_is_none,True,keep
727,2822,NTSB,https://carol.ntsb.gov/investigations/detail/34555,,True,200,,False,,url_is_none,True,keep
728,2823,NTSB,https://carol.ntsb.gov/investigations/detail/22628,,True,200,,False,,url_is_none,True,keep
729,2824,NTSB,https://carol.ntsb.gov/investigations/detail/36129,,True,200,,False,,url_is_none,True,keep
730,2825,NTSB,https://carol.ntsb.gov/investigations/detail/7728,,True,200,,False,,url_is_none,True,keep
731,2826,NTSB,https://carol.ntsb.gov/investigations/detail/7727,,True,200,,False,,url_is_none,True,keep
732,2827,NTSB,https://carol.ntsb.gov/investigations/detail/25977,,True,200,,False,,url_is_none,True,keep
733,2828,NTSB,https://carol.ntsb.gov/investigations/detail/7594,,True,200,,False,,url_is_none,True,keep
734,2829,NTSB,https://carol.ntsb.gov/investigations/detail/32157,,True,200,,False,,url_is_none,True,keep
735,2830,NTSB,https://carol.ntsb.gov/investigations/detail/7726,,True,200,,False,,url_is_none,True,keep
736,2831,NTSB,https://carol.ntsb.gov/investigations/detail/25820,,True,200,,False,,url_is_none,True,keep
737,2832,NTSB,https://carol.ntsb.gov/investigations/detail/22547,,True,200,,False,,url_is_none,True,keep
738,2833,NTSB,https://carol.ntsb.gov/investigations/detail/34490,,True,200,,False,,url_is_none,True,keep
739,2834,NTSB,https://carol.ntsb.gov/investigations/detail/34489,,True,200,,False,,url_is_none,True,keep
740,2835,NTSB,https://carol.ntsb.gov/investigations/detail/25982,,True,200,,False,,url_is_none,True,keep
741,2836,NTSB,https://carol.ntsb.gov/investigations/detail/25819,,True,200,,False,,url_is_none,True,keep
742,2837,NTSB,https://carol.ntsb.gov/investigations/detail/32254,,True,200,,False,,url_is_none,True,keep
743,2838,NTSB,https://carol.ntsb.gov/investigations/detail/32160,,True,200,,False,,url_is_none,True,keep
744,2839,NTSB,https://carol.ntsb.gov/investigations/detail/13937,,True,200,,False,,url_is_none,True,keep
745,2840,NTSB,https://carol.ntsb.gov/investigations/detail/22546,,True,200,,False,,url_is_none,True,keep
746,2841,NTSB,https://carol.ntsb.gov/investigations/detail/32013,,True,200,,False,,url_is_none,True,keep
747,2842,NTSB,https://carol.ntsb.gov/investigations/detail/15888,,True,200,,False,,url_is_none,True,keep
748,2843,NTSB,https://carol.ntsb.gov/investigations/detail/32156,,True,200,,False,,url_is_none,True,keep
749,2844,NTSB,https://carol.ntsb.gov/investigations/detail/32155,,True,200,,False,,url_is_none,True,keep
750,2845,NTSB,https://carol.ntsb.gov/investigations/detail/36123,,True,200,,False,,url_is_none,True,keep
751,2846,NTSB,https://carol.ntsb.gov/investigations/detail/11377,,True,200,,False,,url_is_none,True,keep
752,2847,NTSB,https://carol.ntsb.gov/investigations/detail/32011,,True,200,,False,,url_is_none,True,keep
753,2848,NTSB,https://carol.ntsb.gov/investigations/detail/36125,,True,200,,False,,url_is_none,True,keep
754,2849,NTSB,https://carol.ntsb.gov/investigations/detail/25975,,True,200,,False,,url_is_none,True,keep
755,2850,NTSB,https://carol.ntsb.gov/investigations/detail/36122,,True,200,,False,,url_is_none,True,keep
756,2851,NTSB,https://carol.ntsb.gov/investigations/detail/5023,,True,200,,False,,url_is_none,True,keep
757,2852,NTSB,https://carol.ntsb.gov/investigations/detail/25974,,True,200,,False,,url_is_none,True,keep
758,2853,NTSB,https://carol.ntsb.gov/investigations/detail/13991,,True,200,,False,,url_is_none,True,keep
759,2854,NTSB,https://carol.ntsb.gov/investigations/detail/36126,,True,200,,False,,url_is_none,True,keep
760,2855,NTSB,https://carol.ntsb.gov/investigations/detail/40796,,True,200,,False,,url_is_none,True,keep
761,2856,NTSB,https://carol.ntsb.gov/investigations/detail/32154,,True,200,,False,,url_is_none,True,keep
762,2857,NTSB,https://carol.ntsb.gov/investigations/detail/25818,,True,200,,False,,url_is_none,True,keep
763,2858,NTSB,https://carol.ntsb.gov/investigations/detail/40797,,True,200,,False,,url_is_none,True,keep
764,2859,NTSB,https://carol.ntsb.gov/investigations/detail/25972,,True,200,,False,,url_is_none,True,keep
765,2860,NTSB,https://carol.ntsb.gov/investigations/detail/25973,,True,200,,False,,url_is_none,True,keep
766,2861,NTSB,https://carol.ntsb.gov/investigations/detail/32153,,True,200,,False,,url_is_none,True,keep
767,2862,NTSB,https://carol.ntsb.gov/investigations/detail/25976,,True,200,,False,,url_is_none,True,keep
768,2863,NTSB,https://carol.ntsb.gov/investigations/detail/7593,,True,200,,False,,url_is_none,True,keep
769,2864,NTSB,https://carol.ntsb.gov/investigations/detail/14061,,True,200,,False,,url_is_none,True,keep
770,2865,NTSB,https://carol.ntsb.gov/investigations/detail/25817,,True,200,,False,,url_is_none,True,keep
771,2866,NTSB,https://carol.ntsb.gov/investigations/detail/15906,,True,200,,False,,url_is_none,True,keep
772,2867,NTSB,https://carol.ntsb.gov/investigations/detail/40795,,True,200,,False,,url_is_none,True,keep
773,2868,NTSB,https://carol.ntsb.gov/investigations/detail/25971,,True,200,,False,,url_is_none,True,keep
774,2869,NTSB,https://carol.ntsb.gov/investigations/detail/25816,,True,200,,False,,url_is_none,True,keep
775,2870,NTSB,https://carol.ntsb.gov/investigations/detail/14059,,True,200,,False,,url_is_none,True,keep
776,2871,NTSB,https://carol.ntsb.gov/investigations/detail/11402,,True,200,,False,,url_is_none,True,keep
777,2872,NTSB,https://carol.ntsb.gov/investigations/detail/14058,,True,200,,False,,url_is_none,True,keep
778,2873,NTSB,https://carol.ntsb.gov/investigations/detail/14055,,True,200,,False,,url_is_none,True,keep
779,2874,NTSB,https://carol.ntsb.gov/investigations/detail/25970,,True,200,,False,,url_is_none,True,keep
780,2875,NTSB,https://carol.ntsb.gov/investigations/detail/32152,,True,200,,False,,url_is_none,True,keep
781,2876,NTSB,https://carol.ntsb.gov/investigations/detail/14057,,True,200,,False,,url_is_none,True,keep
782,2877,NTSB,https://carol.ntsb.gov/investigations/detail/17355,,True,200,,False,,url_is_none,True,keep
783,2878,NTSB,https://carol.ntsb.gov/investigations/detail/34554,,True,200,,False,,url_is_none,True,keep
784,2879,NTSB,https://carol.ntsb.gov/investigations/detail/34553,,True,200,,False,,url_is_none,True,keep
785,2880,NTSB,https://carol.ntsb.gov/investigations/detail/11362,,True,200,,False,,url_is_none,True,keep
786,2881,NTSB,https://carol.ntsb.gov/investigations/detail/22689,,True,200,,False,,url_is_none,True,keep
787,2882,NTSB,https://carol.ntsb.gov/investigations/detail/13936,,True,200,,False,,url_is_none,True,keep
788,2883,NTSB,https://carol.ntsb.gov/investigations/detail/7725,,True,200,,False,,url_is_none,True,keep
789,2884,NTSB,https://carol.ntsb.gov/investigations/detail/17461,,True,200,,False,,url_is_none,True,keep
790,2885,NTSB,https://carol.ntsb.gov/investigations/detail/34552,,True,200,,False,,url_is_none,True,keep
791,2886,NTSB,https://carol.ntsb.gov/investigations/detail/11401,,True,200,,False,,url_is_none,True,keep
792,2887,NTSB,https://carol.ntsb.gov/investigations/detail/36116,,True,200,,False,,url_is_none,True,keep
793,2888,NTSB,https://carol.ntsb.gov/investigations/detail/22627,,True,200,,False,,url_is_none,True,keep
794,2889,NTSB,https://carol.ntsb.gov/investigations/detail/13990,,True,200,,False,,url_is_none,True,keep
795,2890,NTSB,https://carol.ntsb.gov/investigations/detail/13935,,True,200,,False,,url_is_none,True,keep
796,2891,NTSB,https://carol.ntsb.gov/investigations/detail/4994,,True,200,,False,,url_is_none,True,keep
797,2892,NTSB,https://carol.ntsb.gov/investigations/detail/25968,,True,200,,False,,url_is_none,True,keep
798,2893,NTSB,https://carol.ntsb.gov/investigations/detail/11400,,True,200,,False,,url_is_none,True,keep
799,2894,NTSB,https://carol.ntsb.gov/investigations/detail/11399,,True,200,,False,,url_is_none,True,keep
800,2895,NTSB,https://carol.ntsb.gov/investigations/detail/7592,,True,200,,False,,url_is_none,True,keep
801,2896,NTSB,https://carol.ntsb.gov/investigations/detail/36022,,True,200,,False,,url_is_none,True,keep
802,2897,NTSB,https://carol.ntsb.gov/investigations/detail/34488,,True,200,,False,,url_is_none,True,keep
803,2898,NTSB,https://carol.ntsb.gov/investigations/detail/32151,,True,200,,False,,url_is_none,True,keep
804,2899,NTSB,https://carol.ntsb.gov/investigations/detail/11398,,True,200,,False,,url_is_none,True,keep
805,2900,NTSB,https://carol.ntsb.gov/investigations/detail/17460,,True,200,,False,,url_is_none,True,keep
806,2901,NTSB,https://carol.ntsb.gov/investigations/detail/17389,,True,200,,False,,url_is_none,True,keep
807,2902,NTSB,https://carol.ntsb.gov/investigations/detail/40741,,True,200,,False,,url_is_none,True,keep
808,2903,NTSB,https://carol.ntsb.gov/investigations/detail/36120,,True,200,,False,,url_is_none,True,keep
809,2904,NTSB,https://carol.ntsb.gov/investigations/detail/14056,,True,200,,False,,url_is_none,True,keep
810,2905,NTSB,https://carol.ntsb.gov/investigations/detail/40794,,True,200,,False,,url_is_none,True,keep
811,2906,NTSB,https://carol.ntsb.gov/investigations/detail/7724,,True,200,,False,,url_is_none,True,keep
812,2907,NTSB,https://carol.ntsb.gov/investigations/detail/7723,,True,200,,False,,url_is_none,True,keep
813,2908,NTSB,https://carol.ntsb.gov/investigations/detail/7722,,True,200,,False,,url_is_none,True,keep
814,2909,NTSB,https://carol.ntsb.gov/investigations/detail/36121,,True,200,,False,,url_is_none,True,keep
815,2910,NTSB,https://carol.ntsb.gov/investigations/detail/11361,,True,200,,False,,url_is_none,True,keep
816,2911,NTSB,https://carol.ntsb.gov/investigations/detail/34551,,True,200,,False,,url_is_none,True,keep
817,2912,NTSB,https://carol.ntsb.gov/investigations/detail/34549,,True,200,,False,,url_is_none,True,keep
818,2913,NTSB,https://carol.ntsb.gov/investigations/detail/40793,,True,200,,False,,url_is_none,True,keep
819,2914,NTSB,https://carol.ntsb.gov/investigations/detail/22626,,True,200,,False,,url_is_none,True,keep
820,2915,NTSB,https://carol.ntsb.gov/investigations/detail/17354,,True,200,,False,,url_is_none,True,keep
821,2916,NTSB,https://carol.ntsb.gov/investigations/detail/25966,,True,200,,False,,url_is_none,True,keep
822,2917,NTSB,https://carol.ntsb.gov/investigations/detail/7721,,True,200,,False,,url_is_none,True,keep
823,2918,NTSB,https://carol.ntsb.gov/investigations/detail/40791,,True,200,,False,,url_is_none,True,keep
824,2919,NTSB,https://carol.ntsb.gov/investigations/detail/40792,,True,200,,False,,url_is_none,True,keep
825,2920,NTSB,https://carol.ntsb.gov/investigations/detail/40718,,True,200,,False,,url_is_none,True,keep
826,2921,NTSB,https://carol.ntsb.gov/investigations/detail/34550,,True,200,,False,,url_is_none,True,keep
827,2922,NTSB,https://carol.ntsb.gov/investigations/detail/36020,,True,200,,False,,url_is_none,True,keep
828,2923,NTSB,https://carol.ntsb.gov/investigations/detail/40790,,True,200,,False,,url_is_none,True,keep
829,2924,NTSB,https://carol.ntsb.gov/investigations/detail/13853,,True,200,,False,,url_is_none,True,keep
830,2925,NTSB,https://carol.ntsb.gov/investigations/detail/40789,,True,200,,False,,url_is_none,True,keep
831,2926,NTSB,https://carol.ntsb.gov/investigations/detail/13934,,True,200,,False,,url_is_none,True,keep
832,2927,NTSB,https://carol.ntsb.gov/investigations/detail/4995,,True,200,,False,,url_is_none,True,keep
833,2928,NTSB,https://carol.ntsb.gov/investigations/detail/7591,,True,200,,False,,url_is_none,True,keep
834,2929,NTSB,https://carol.ntsb.gov/investigations/detail/7555,,True,200,,False,,url_is_none,True,keep
835,2930,NTSB,https://carol.ntsb.gov/investigations/detail/25969,,True,200,,False,,url_is_none,True,keep
836,2931,NTSB,https://carol.ntsb.gov/investigations/detail/25815,,True,200,,False,,url_is_none,True,keep
837,2932,NTSB,https://carol.ntsb.gov/investigations/detail/25814,,True,200,,False,,url_is_none,True,keep
838,2933,NTSB,https://carol.ntsb.gov/investigations/detail/40788,,True,200,,False,,url_is_none,True,keep
839,2934,NTSB,https://carol.ntsb.gov/investigations/detail/17394,,True,200,,False,,url_is_none,True,keep
840,2935,NTSB,https://carol.ntsb.gov/investigations/detail/13911,,True,200,,False,,url_is_none,True,keep
841,2936,NTSB,https://carol.ntsb.gov/investigations/detail/7720,,True,200,,False,,url_is_none,True,keep
842,2937,NTSB,https://carol.ntsb.gov/investigations/detail/34548,,True,200,,False,,url_is_none,True,keep
843,2938,NTSB,https://carol.ntsb.gov/investigations/detail/22625,,True,200,,False,,url_is_none,True,keep
844,2939,NTSB,https://carol.ntsb.gov/investigations/detail/25965,,True,200,,False,,url_is_none,True,keep
845,2940,NTSB,https://carol.ntsb.gov/investigations/detail/34547,,True,200,,False,,url_is_none,True,keep
846,2941,NTSB,https://carol.ntsb.gov/investigations/detail/25967,,True,200,,False,,url_is_none,True,keep
847,2942,NTSB,https://carol.ntsb.gov/investigations/detail/34546,,True,200,,False,,url_is_none,True,keep
848,2943,NTSB,https://carol.ntsb.gov/investigations/detail/7719,,True,200,,False,,url_is_none,True,keep
849,2944,NTSB,https://carol.ntsb.gov/investigations/detail/32010,,True,200,,False,,url_is_none,True,keep
850,2945,NTSB,https://carol.ntsb.gov/investigations/detail/36119,,True,200,,False,,url_is_none,True,keep
851,2946,NTSB,https://carol.ntsb.gov/investigations/detail/32150,,True,200,,False,,url_is_none,True,keep
852,2947,NTSB,https://carol.ntsb.gov/investigations/detail/25759,,True,200,,False,,url_is_none,True,keep
853,2948,NTSB,https://carol.ntsb.gov/investigations/detail/7822,,True,200,,False,,url_is_none,True,keep
854,2949,NTSB,https://carol.ntsb.gov/investigations/detail/25741,,True,200,,False,,url_is_none,True,keep
855,2950,NTSB,https://carol.ntsb.gov/investigations/detail/7633,,True,200,,False,,url_is_none,True,keep
856,2951,NTSB,https://carol.ntsb.gov/investigations/detail/25964,,True,200,,False,,url_is_none,True,keep
857,2952,NTSB,https://carol.ntsb.gov/investigations/detail/17445,,True,200,,False,,url_is_none,True,keep
858,2953,NTSB,https://carol.ntsb.gov/investigations/detail/25962,,True,200,,False,,url_is_none,True,keep
859,2954,NTSB,https://carol.ntsb.gov/investigations/detail/7716,,True,200,,False,,url_is_none,True,keep
860,2955,NTSB,https://carol.ntsb.gov/investigations/detail/25961,,True,200,,False,,url_is_none,True,keep
861,2956,NTSB,https://carol.ntsb.gov/investigations/detail/36118,,True,200,,False,,url_is_none,True,keep
862,2957,NTSB,https://carol.ntsb.gov/investigations/detail/22623,,True,200,,False,,url_is_none,True,keep
863,2958,NTSB,https://carol.ntsb.gov/investigations/detail/40787,,True,200,,False,,url_is_none,True,keep
864,2959,NTSB,https://carol.ntsb.gov/investigations/detail/7590,,True,200,,False,,url_is_none,True,keep
865,2960,NTSB,https://carol.ntsb.gov/investigations/detail/17324,,True,200,,False,,url_is_none,True,keep
866,2961,NTSB,https://carol.ntsb.gov/investigations/detail/7589,,True,200,,False,,url_is_none,True,keep
867,2962,NTSB,https://carol.ntsb.gov/investigations/detail/36117,,True,200,,False,,url_is_none,True,keep
868,2963,NTSB,https://carol.ntsb.gov/investigations/detail/32149,,True,200,,False,,url_is_none,True,keep
869,2964,NTSB,https://carol.ntsb.gov/investigations/detail/25963,,True,200,,False,,url_is_none,True,keep
870,2965,NTSB,https://carol.ntsb.gov/investigations/detail/4993,,True,200,,False,,url_is_none,True,keep
871,2966,NTSB,https://carol.ntsb.gov/investigations/detail/25959,,True,200,,False,,url_is_none,True,keep
872,2967,NTSB,https://carol.ntsb.gov/investigations/detail/40785,,True,200,,False,,url_is_none,True,keep
873,2968,NTSB,https://carol.ntsb.gov/investigations/detail/4992,,True,200,,False,,url_is_none,True,keep
874,2969,NTSB,https://carol.ntsb.gov/investigations/detail/7631,,True,200,,False,,url_is_none,True,keep
875,2970,NTSB,https://carol.ntsb.gov/investigations/detail/4996,,True,200,,False,,url_is_none,True,keep
876,2971,NTSB,https://carol.ntsb.gov/investigations/detail/25960,,True,200,,False,,url_is_none,True,keep
877,2972,NTSB,https://carol.ntsb.gov/investigations/detail/13843,,True,200,,False,,url_is_none,True,keep
878,2973,NTSB,https://carol.ntsb.gov/investigations/detail/14054,,True,200,,False,,url_is_none,True,keep
879,2974,NTSB,https://carol.ntsb.gov/investigations/detail/13933,,True,200,,False,,url_is_none,True,keep
880,2975,NTSB,https://carol.ntsb.gov/investigations/detail/4946,,True,200,,False,,url_is_none,True,keep
881,2976,NTSB,https://carol.ntsb.gov/investigations/detail/7630,,True,200,,False,,url_is_none,True,keep
882,2977,NTSB,https://carol.ntsb.gov/investigations/detail/40786,,True,200,,False,,url_is_none,True,keep
883,2978,NTSB,https://carol.ntsb.gov/investigations/detail/32148,,True,200,,False,,url_is_none,True,keep
884,2979,NTSB,https://carol.ntsb.gov/investigations/detail/17459,,True,200,,False,,url_is_none,True,keep
885,2980,NTSB,https://carol.ntsb.gov/investigations/detail/25956,,True,200,,False,,url_is_none,True,keep
886,2981,NTSB,https://carol.ntsb.gov/investigations/detail/25716,,True,200,,False,,url_is_none,True,keep
887,2982,NTSB,https://carol.ntsb.gov/investigations/detail/4991,,True,200,,False,,url_is_none,True,keep
888,2983,NTSB,https://carol.ntsb.gov/investigations/detail/7718,,True,200,,False,,url_is_none,True,keep
889,2984,NTSB,https://carol.ntsb.gov/investigations/detail/13988,,True,200,,False,,url_is_none,True,keep
890,2985,NTSB,https://carol.ntsb.gov/investigations/detail/32146,,True,200,,False,,url_is_none,True,keep
891,2986,NTSB,https://carol.ntsb.gov/investigations/detail/36115,,True,200,,False,,url_is_none,True,keep
892,2987,NTSB,https://carol.ntsb.gov/investigations/detail/32145,,True,200,,False,,url_is_none,True,keep
893,2988,NTSB,https://carol.ntsb.gov/investigations/detail/25958,,True,200,,False,,url_is_none,True,keep
894,2989,NTSB,https://carol.ntsb.gov/investigations/detail/35972,,True,200,,False,,url_is_none,True,keep
895,2990,NTSB,https://carol.ntsb.gov/investigations/detail/40801,,True,200,,False,,url_is_none,True,keep
896,2991,NTSB,https://carol.ntsb.gov/investigations/detail/7587,,True,200,,False,,url_is_none,True,keep
897,2992,NTSB,https://carol.ntsb.gov/investigations/detail/36113,,True,200,,False,,url_is_none,True,keep
898,2993,NTSB,https://carol.ntsb.gov/investigations/detail/36114,,True,200,,False,,url_is_none,True,keep
899,2994,NTSB,https://carol.ntsb.gov/investigations/detail/22545,,True,200,,False,,url_is_none,True,keep
900,2995,NTSB,https://carol.ntsb.gov/investigations/detail/34545,,True,200,,False,,url_is_none,True,keep
901,2996,NTSB,https://carol.ntsb.gov/investigations/detail/13876,,True,200,,False,,url_is_none,True,keep
902,2997,NTSB,https://carol.ntsb.gov/investigations/detail/13864,,True,200,,False,,url_is_none,True,keep
903,2998,NTSB,https://carol.ntsb.gov/investigations/detail/7715,,True,200,,False,,url_is_none,True,keep
904,2999,NTSB,https://carol.ntsb.gov/investigations/detail/7714,,True,200,,False,,url_is_none,True,keep
905,3000,NTSB,https://carol.ntsb.gov/investigations/detail/7586,,True,200,,False,,url_is_none,True,keep
906,3001,NTSB,https://carol.ntsb.gov/investigations/detail/32197,,True,200,,False,,url_is_none,True,keep
907,3002,NTSB,https://carol.ntsb.gov/investigations/detail/7712,,True,200,,False,,url_is_none,True,keep
908,3003,NTSB,https://carol.ntsb.gov/investigations/detail/34487,,True,200,,False,,url_is_none,True,keep
909,3004,NTSB,https://carol.ntsb.gov/investigations/detail/25957,,True,200,,False,,url_is_none,True,keep
910,3005,NTSB,https://carol.ntsb.gov/investigations/detail/4990,,True,200,,False,,url_is_none,True,keep
911,3006,NTSB,https://carol.ntsb.gov/investigations/detail/32147,,True,200,,False,,url_is_none,True,keep
912,3007,NTSB,https://carol.ntsb.gov/investigations/detail/14053,,True,200,,False,,url_is_none,True,keep
913,3008,NTSB,https://carol.ntsb.gov/investigations/detail/22622,,True,200,,False,,url_is_none,True,keep
914,3009,NTSB,https://carol.ntsb.gov/investigations/detail/4989,,True,200,,False,,url_is_none,True,keep
915,3010,NTSB,https://carol.ntsb.gov/investigations/detail/7629,,True,200,,False,,url_is_none,True,keep
916,3011,NTSB,https://carol.ntsb.gov/investigations/detail/32009,,True,200,,False,,url_is_none,True,keep
917,3012,NTSB,https://carol.ntsb.gov/investigations/detail/11360,,True,200,,False,,url_is_none,True,keep
918,3013,NTSB,https://carol.ntsb.gov/investigations/detail/17333,,True,200,,False,,url_is_none,True,keep
919,3014,NTSB,https://carol.ntsb.gov/investigations/detail/7717,,True,200,,False,,url_is_none,True,keep
920,3015,NTSB,https://carol.ntsb.gov/investigations/detail/40717,,True,200,,False,,url_is_none,True,keep
921,3016,NTSB,https://carol.ntsb.gov/investigations/detail/32056,,True,200,,False,,url_is_none,True,keep
922,3017,NTSB,https://carol.ntsb.gov/investigations/detail/14052,,True,200,,False,,url_is_none,True,keep
923,3018,NTSB,https://carol.ntsb.gov/investigations/detail/36111,,True,200,,False,,url_is_none,True,keep
924,3019,NTSB,https://carol.ntsb.gov/investigations/detail/36112,,True,200,,False,,url_is_none,True,keep
925,3020,NTSB,https://carol.ntsb.gov/investigations/detail/7554,,True,200,,False,,url_is_none,True,keep
926,3021,NTSB,https://carol.ntsb.gov/investigations/detail/32144,,True,200,,False,,url_is_none,True,keep
927,3022,NTSB,https://carol.ntsb.gov/investigations/detail/36110,,True,200,,False,,url_is_none,True,keep
928,3023,NTSB,https://carol.ntsb.gov/investigations/detail/13910,,True,200,,False,,url_is_none,True,keep
929,3024,NTSB,https://carol.ntsb.gov/investigations/detail/36108,,True,200,,False,,url_is_none,True,keep
930,3025,NTSB,https://carol.ntsb.gov/investigations/detail/4988,,True,200,,False,,url_is_none,True,keep
931,3026,NTSB,https://carol.ntsb.gov/investigations/detail/22542,,True,200,,False,,url_is_none,True,keep
932,3027,NTSB,https://carol.ntsb.gov/investigations/detail/36107,,True,200,,False,,url_is_none,True,keep
933,3028,NTSB,https://carol.ntsb.gov/investigations/detail/35984,,True,200,,False,,url_is_none,True,keep
934,3029,NTSB,https://carol.ntsb.gov/investigations/detail/34486,,True,200,,False,,url_is_none,True,keep
935,3030,NTSB,https://carol.ntsb.gov/investigations/detail/22570,,True,200,,False,,url_is_none,True,keep
936,3031,NTSB,https://carol.ntsb.gov/investigations/detail/17458,,True,200,,False,,url_is_none,True,keep
937,3032,NTSB,https://carol.ntsb.gov/investigations/detail/11376,,True,200,,False,,url_is_none,True,keep
938,3033,NTSB,https://carol.ntsb.gov/investigations/detail/22543,,True,200,,False,,url_is_none,True,keep
939,3034,NTSB,https://carol.ntsb.gov/investigations/detail/22473,,True,200,,False,,url_is_none,True,keep
940,3035,NTSB,https://carol.ntsb.gov/investigations/detail/25812,,True,200,,False,,url_is_none,True,keep
941,3036,NTSB,https://carol.ntsb.gov/investigations/detail/25813,,True,200,,False,,url_is_none,True,keep
942,3037,NTSB,https://carol.ntsb.gov/investigations/detail/25740,,True,200,,False,,url_is_none,True,keep
943,3038,NTSB,https://carol.ntsb.gov/investigations/detail/22620,,True,200,,False,,url_is_none,True,keep
944,3039,NTSB,https://carol.ntsb.gov/investigations/detail/40784,,True,200,,False,,url_is_none,True,keep
945,3040,NTSB,https://carol.ntsb.gov/investigations/detail/32142,,True,200,,False,,url_is_none,True,keep
946,3041,NTSB,https://carol.ntsb.gov/investigations/detail/34544,,True,200,,False,,url_is_none,True,keep
947,3042,NTSB,https://carol.ntsb.gov/investigations/detail/36109,,True,200,,False,,url_is_none,True,keep
948,3043,NTSB,https://carol.ntsb.gov/investigations/detail/36106,,True,200,,False,,url_is_none,True,keep
949,3044,NTSB,https://carol.ntsb.gov/investigations/detail/13887,,True,200,,False,,url_is_none,True,keep
950,3045,NTSB,https://carol.ntsb.gov/investigations/detail/14051,,True,200,,False,,url_is_none,True,keep
951,3046,NTSB,https://carol.ntsb.gov/investigations/detail/32141,,True,200,,False,,url_is_none,True,keep
952,3047,NTSB,https://carol.ntsb.gov/investigations/detail/7534,,True,200,,False,,url_is_none,True,keep
953,3048,NTSB,https://carol.ntsb.gov/investigations/detail/22512,,True,200,,False,,url_is_none,True,keep
954,3049,NTSB,https://carol.ntsb.gov/investigations/detail/34543,,True,200,,False,,url_is_none,True,keep
955,3050,NTSB,https://carol.ntsb.gov/investigations/detail/34542,,True,200,,False,,url_is_none,True,keep
956,3051,NTSB,https://carol.ntsb.gov/investigations/detail/40783,,True,200,,False,,url_is_none,True,keep
957,3052,NTSB,https://carol.ntsb.gov/investigations/detail/14050,,True,200,,False,,url_is_none,True,keep
958,3053,NTSB,https://carol.ntsb.gov/investigations/detail/25731,,True,200,,False,,url_is_none,True,keep
959,3054,NTSB,https://carol.ntsb.gov/investigations/detail/25955,,True,200,,False,,url_is_none,True,keep
960,3055,NTSB,https://carol.ntsb.gov/investigations/detail/32140,,True,200,,False,,url_is_none,True,keep
961,3056,NTSB,https://carol.ntsb.gov/investigations/detail/32008,,True,200,,False,,url_is_none,True,keep
962,3057,NTSB,https://carol.ntsb.gov/investigations/detail/25954,,True,200,,False,,url_is_none,True,keep
963,3058,NTSB,https://carol.ntsb.gov/investigations/detail/11395,,True,200,,False,,url_is_none,True,keep
964,3059,NTSB,https://carol.ntsb.gov/investigations/detail/22453,,True,200,,False,,url_is_none,True,keep
965,3060,NTSB,https://carol.ntsb.gov/investigations/detail/13863,,True,200,,False,,url_is_none,True,keep
966,3061,NTSB,https://carol.ntsb.gov/investigations/detail/7711,,True,200,,False,,url_is_none,True,keep
967,3062,NTSB,https://carol.ntsb.gov/investigations/detail/14060,,True,200,,False,,url_is_none,True,keep
968,3063,NTSB,https://carol.ntsb.gov/investigations/detail/14049,,True,200,,False,,url_is_none,True,keep
969,3064,NTSB,https://carol.ntsb.gov/investigations/detail/36105,,True,200,,False,,url_is_none,True,keep
970,3065,NTSB,https://carol.ntsb.gov/investigations/detail/13932,,True,200,,False,,url_is_none,True,keep
971,3066,NTSB,https://carol.ntsb.gov/investigations/detail/17323,,True,200,,False,,url_is_none,True,keep
972,3067,NTSB,https://carol.ntsb.gov/investigations/detail/22619,,True,200,,False,,url_is_none,True,keep
973,3068,NTSB,https://carol.ntsb.gov/investigations/detail/22618,,True,200,,False,,url_is_none,True,keep
974,3069,NTSB,https://carol.ntsb.gov/investigations/detail/4987,,True,200,,False,,url_is_none,True,keep
975,3070,NTSB,https://carol.ntsb.gov/investigations/detail/7709,,True,200,,False,,url_is_none,True,keep
976,3071,NTSB,https://carol.ntsb.gov/investigations/detail/36102,,True,200,,False,,url_is_none,True,keep
977,3072,NTSB,https://carol.ntsb.gov/investigations/detail/25952,,True,200,,False,,url_is_none,True,keep
978,3073,NTSB,https://carol.ntsb.gov/investigations/detail/17452,,True,200,,False,,url_is_none,True,keep
979,3074,NTSB,https://carol.ntsb.gov/investigations/detail/22511,,True,200,,False,,url_is_none,True,keep
980,3075,NTSB,https://carol.ntsb.gov/investigations/detail/34485,,True,200,,False,,url_is_none,True,keep
981,3076,NTSB,https://carol.ntsb.gov/investigations/detail/7710,,True,200,,False,,url_is_none,True,keep
982,3077,NTSB,https://carol.ntsb.gov/investigations/detail/11397,,True,200,,False,,url_is_none,True,keep
983,3078,NTSB,https://carol.ntsb.gov/investigations/detail/7628,,True,200,,False,,url_is_none,True,keep
984,3079,NTSB,https://carol.ntsb.gov/investigations/detail/17454,,True,200,,False,,url_is_none,True,keep
985,3080,NTSB,https://carol.ntsb.gov/investigations/detail/17453,,True,200,,False,,url_is_none,True,keep
986,3081,NTSB,https://carol.ntsb.gov/investigations/detail/14048,,True,200,,False,,url_is_none,True,keep
987,3082,NTSB,https://carol.ntsb.gov/investigations/detail/22617,,True,200,,False,,url_is_none,True,keep
988,3083,NTSB,https://carol.ntsb.gov/investigations/detail/17456,,True,200,,False,,url_is_none,True,keep
989,3084,NTSB,https://carol.ntsb.gov/investigations/detail/11359,,True,200,,False,,url_is_none,True,keep
990,3085,NTSB,https://carol.ntsb.gov/investigations/detail/25810,,True,200,,False,,url_is_none,True,keep
991,3086,NTSB,https://carol.ntsb.gov/investigations/detail/32055,,True,200,,False,,url_is_none,True,keep
992,3087,NTSB,https://carol.ntsb.gov/investigations/detail/7708,,True,200,,False,,url_is_none,True,keep
993,3088,NTSB,https://carol.ntsb.gov/investigations/detail/25811,,True,200,,False,,url_is_none,True,keep
994,3089,NTSB,https://carol.ntsb.gov/investigations/detail/22541,,True,200,,False,,url_is_none,True,keep
995,3090,NTSB,https://carol.ntsb.gov/investigations/detail/17457,,True,200,,False,,url_is_none,True,keep
996,3091,NTSB,https://carol.ntsb.gov/investigations/detail/32139,,True,200,,False,,url_is_none,True,keep
997,3092,NTSB,https://carol.ntsb.gov/investigations/detail/36101,,True,200,,False,,url_is_none,True,keep
998,3093,NTSB,https://carol.ntsb.gov/investigations/detail/35998,,True,200,,False,,url_is_none,True,keep
999,3094,NTSB,https://carol.ntsb.gov/investigations/detail/35997,,True,200,,False,,url_is_none,True,keep
1000,3095,NTSB,https://carol.ntsb.gov/investigations/detail/15896,https://data.ntsb.gov/carol-repgen/api/Aviation/ReportMain/GenerateNewestReport/DCA88MA032/pdf,True,200,,False,404,http_404,True,keep
1001,3096,NTSB,https://carol.ntsb.gov/investigations/detail/22616,,True,200,,False,,url_is_none,True,keep
1002,3097,NTSB,https://carol.ntsb.gov/investigations/detail/13986,,True,200,,False,,url_is_none,True,keep
1003,3098,NTSB,https://carol.ntsb.gov/investigations/detail/22540,,True,200,,False,,url_is_none,True,keep
1004,3099,NTSB,https://carol.ntsb.gov/investigations/detail/32138,,True,200,,False,,url_is_none,True,keep
1005,3100,NTSB,https://carol.ntsb.gov/investigations/detail/22538,,True,200,,False,,url_is_none,True,keep
1006,3101,NTSB,https://carol.ntsb.gov/investigations/detail/7707,,True,200,,False,,url_is_none,True,keep
1007,3102,NTSB,https://carol.ntsb.gov/investigations/detail/36103,,True,200,,False,,url_is_none,True,keep
1008,3103,NTSB,https://carol.ntsb.gov/investigations/detail/25953,,True,200,,False,,url_is_none,True,keep
1009,3104,NTSB,https://carol.ntsb.gov/investigations/detail/36100,,True,200,,False,,url_is_none,True,keep
1010,3105,NTSB,https://carol.ntsb.gov/investigations/detail/40740,,True,200,,False,,url_is_none,True,keep
1011,3106,NTSB,https://carol.ntsb.gov/investigations/detail/32253,,True,200,,False,,url_is_none,True,keep
1012,3107,NTSB,https://carol.ntsb.gov/investigations/detail/25724,,True,200,,False,,url_is_none,True,keep
1013,3108,NTSB,https://carol.ntsb.gov/investigations/detail/13852,,True,200,,False,,url_is_none,True,keep
1014,3109,NTSB,https://carol.ntsb.gov/investigations/detail/17451,,True,200,,False,,url_is_none,True,keep
1015,3110,NTSB,https://carol.ntsb.gov/investigations/detail/40716,,True,200,,False,,url_is_none,True,keep
1016,3111,NTSB,https://carol.ntsb.gov/investigations/detail/11358,,True,200,,False,,url_is_none,True,keep
1017,3112,NTSB,https://carol.ntsb.gov/investigations/detail/11396,,True,200,,False,,url_is_none,True,keep
1018,3113,NTSB,https://carol.ntsb.gov/investigations/detail/7706,,True,200,,False,,url_is_none,True,keep
1019,3114,NTSB,https://carol.ntsb.gov/investigations/detail/22510,,True,200,,False,,url_is_none,True,keep
1020,3115,NTSB,https://carol.ntsb.gov/investigations/detail/32137,,True,200,,False,,url_is_none,True,keep
1021,3116,NTSB,https://carol.ntsb.gov/investigations/detail/7704,,True,200,,False,,url_is_none,True,keep
1022,3117,NTSB,https://carol.ntsb.gov/investigations/detail/32007,,True,200,,False,,url_is_none,True,keep
1023,3118,NTSB,https://carol.ntsb.gov/investigations/detail/17392,,True,200,,False,,url_is_none,True,keep
1024,3119,NTSB,https://carol.ntsb.gov/investigations/detail/22472,,True,200,,False,,url_is_none,True,keep
1025,3120,NTSB,https://carol.ntsb.gov/investigations/detail/34541,,True,200,,False,,url_is_none,True,keep
1026,3121,NTSB,https://carol.ntsb.gov/investigations/detail/36096,,True,200,,False,,url_is_none,True,keep
1027,3122,NTSB,https://carol.ntsb.gov/investigations/detail/36097,,True,200,,False,,url_is_none,True,keep
1028,3123,NTSB,https://carol.ntsb.gov/investigations/detail/14046,,True,200,,False,,url_is_none,True,keep
1029,3124,NTSB,https://carol.ntsb.gov/investigations/detail/11394,,True,200,,False,,url_is_none,True,keep
1030,3125,NTSB,https://carol.ntsb.gov/investigations/detail/4986,,True,200,,False,,url_is_none,True,keep
1031,3126,NTSB,https://carol.ntsb.gov/investigations/detail/7703,,True,200,,False,,url_is_none,True,keep
1032,3127,NTSB,https://carol.ntsb.gov/investigations/detail/22615,,True,200,,False,,url_is_none,True,keep
1033,3128,NTSB,https://carol.ntsb.gov/investigations/detail/40779,,True,200,,False,,url_is_none,True,keep
1034,3129,NTSB,https://carol.ntsb.gov/investigations/detail/32136,,True,200,,False,,url_is_none,True,keep
1035,3130,NTSB,https://carol.ntsb.gov/investigations/detail/17449,,True,200,,False,,url_is_none,True,keep
1036,3131,NTSB,https://carol.ntsb.gov/investigations/detail/7705,,True,200,,False,,url_is_none,True,keep
1037,3132,NTSB,https://carol.ntsb.gov/investigations/detail/22614,,True,200,,False,,url_is_none,True,keep
1038,3133,NTSB,https://carol.ntsb.gov/investigations/detail/14044,,True,200,,False,,url_is_none,True,keep
1039,3134,NTSB,https://carol.ntsb.gov/investigations/detail/40780,,True,200,,False,,url_is_none,True,keep
1040,3135,NTSB,https://carol.ntsb.gov/investigations/detail/17455,,True,200,,False,,url_is_none,True,keep
1041,3136,NTSB,https://carol.ntsb.gov/investigations/detail/40781,,True,200,,False,,url_is_none,True,keep
1042,3137,NTSB,https://carol.ntsb.gov/investigations/detail/40782,,True,200,,False,,url_is_none,True,keep
1043,3138,NTSB,https://carol.ntsb.gov/investigations/detail/4984,,True,200,,False,,url_is_none,True,keep
1044,3139,NTSB,https://carol.ntsb.gov/investigations/detail/25951,,True,200,,False,,url_is_none,True,keep
1045,3140,NTSB,https://carol.ntsb.gov/investigations/detail/25950,,True,200,,False,,url_is_none,True,keep
1046,3141,NTSB,https://carol.ntsb.gov/investigations/detail/14045,,True,200,,False,,url_is_none,True,keep
1047,3142,NTSB,https://carol.ntsb.gov/investigations/detail/17388,,True,200,,False,,url_is_none,True,keep
1048,3143,NTSB,https://carol.ntsb.gov/investigations/detail/17448,,True,200,,False,,url_is_none,True,keep
1049,3144,NTSB,https://carol.ntsb.gov/investigations/detail/4985,,True,200,,False,,url_is_none,True,keep
1050,3145,NTSB,https://carol.ntsb.gov/investigations/detail/36099,,True,200,,False,,url_is_none,True,keep
1051,3146,NTSB,https://carol.ntsb.gov/investigations/detail/22613,,True,200,,False,,url_is_none,True,keep
1052,3147,NTSB,https://carol.ntsb.gov/investigations/detail/25809,,True,200,,False,,url_is_none,True,keep
1053,3148,NTSB,https://carol.ntsb.gov/investigations/detail/32006,,True,200,,False,,url_is_none,True,keep
1054,3149,NTSB,https://carol.ntsb.gov/investigations/detail/36095,,True,200,,False,,url_is_none,True,keep
1055,3150,NTSB,https://carol.ntsb.gov/investigations/detail/22539,,True,200,,False,,url_is_none,True,keep
1056,3151,NTSB,https://carol.ntsb.gov/investigations/detail/14047,,True,200,,False,,url_is_none,True,keep
1057,3152,NTSB,https://carol.ntsb.gov/investigations/detail/36093,,True,200,,False,,url_is_none,True,keep
1058,3153,NTSB,https://carol.ntsb.gov/investigations/detail/34540,,True,200,,False,,url_is_none,True,keep
1059,3154,NTSB,https://carol.ntsb.gov/investigations/detail/13985,,True,200,,False,,url_is_none,True,keep
1060,3155,NTSB,https://carol.ntsb.gov/investigations/detail/17446,,True,200,,False,,url_is_none,True,keep
1061,3156,NTSB,https://carol.ntsb.gov/investigations/detail/17447,,True,200,,False,,url_is_none,True,keep
1062,3157,NTSB,https://carol.ntsb.gov/investigations/detail/22537,,True,200,,False,,url_is_none,True,keep
1063,3158,NTSB,https://carol.ntsb.gov/investigations/detail/25949,,True,200,,False,,url_is_none,True,keep
1064,3159,NTSB,https://carol.ntsb.gov/investigations/detail/34537,,True,200,,False,,url_is_none,True,keep
1065,3160,NTSB,https://carol.ntsb.gov/investigations/detail/22611,,True,200,,False,,url_is_none,True,keep
1066,3161,NTSB,https://carol.ntsb.gov/investigations/detail/32133,,True,200,,False,,url_is_none,True,keep
1067,3162,NTSB,https://carol.ntsb.gov/investigations/detail/22536,,True,200,,False,,url_is_none,True,keep
1068,3163,NTSB,https://carol.ntsb.gov/investigations/detail/7820,,True,200,,False,,url_is_none,True,keep
1069,3164,NTSB,https://carol.ntsb.gov/investigations/detail/34538,,True,200,,False,,url_is_none,True,keep
1070,3165,NTSB,https://carol.ntsb.gov/investigations/detail/35975,,True,200,,False,,url_is_none,True,keep
1071,3166,NTSB,https://carol.ntsb.gov/investigations/detail/14042,,True,200,,False,,url_is_none,True,keep
1072,3167,NTSB,https://carol.ntsb.gov/investigations/detail/34536,,True,200,,False,,url_is_none,True,keep
1073,3168,NTSB,https://carol.ntsb.gov/investigations/detail/25773,,True,200,,False,,url_is_none,True,keep
1074,3169,NTSB,https://carol.ntsb.gov/investigations/detail/7585,,True,200,,False,,url_is_none,True,keep
1075,3170,NTSB,https://carol.ntsb.gov/investigations/detail/32252,,True,200,,False,,url_is_none,True,keep
1076,3171,NTSB,https://carol.ntsb.gov/investigations/detail/4983,,True,200,,False,,url_is_none,True,keep
1077,3172,NTSB,https://carol.ntsb.gov/investigations/detail/40778,,True,200,,False,,url_is_none,True,keep
1078,3173,NTSB,https://carol.ntsb.gov/investigations/detail/17353,,True,200,,False,,url_is_none,True,keep
1079,3174,NTSB,https://carol.ntsb.gov/investigations/detail/7702,,True,200,,False,,url_is_none,True,keep
1080,3175,NTSB,https://carol.ntsb.gov/investigations/detail/13900,,True,200,,False,,url_is_none,True,keep
1081,3176,NTSB,https://carol.ntsb.gov/investigations/detail/32135,,True,200,,False,,url_is_none,True,keep
1082,3177,NTSB,https://carol.ntsb.gov/investigations/detail/25948,,True,200,,False,,url_is_none,True,keep
1083,3178,NTSB,https://carol.ntsb.gov/investigations/detail/11392,,True,200,,False,,url_is_none,True,keep
1084,3179,NTSB,https://carol.ntsb.gov/investigations/detail/36092,,True,200,,False,,url_is_none,True,keep
1085,3180,NTSB,https://carol.ntsb.gov/investigations/detail/22612,,True,200,,False,,url_is_none,True,keep
1086,3181,NTSB,https://carol.ntsb.gov/investigations/detail/14043,,True,200,,False,,url_is_none,True,keep
1087,3182,NTSB,https://carol.ntsb.gov/investigations/detail/32132,,True,200,,False,,url_is_none,True,keep
1088,3183,NTSB,https://carol.ntsb.gov/investigations/detail/17352,,True,200,,False,,url_is_none,True,keep
1089,3184,NTSB,https://carol.ntsb.gov/investigations/detail/40777,,True,200,,False,,url_is_none,True,keep
1090,3185,NTSB,https://carol.ntsb.gov/investigations/detail/36091,,True,200,,False,,url_is_none,True,keep
1091,3186,NTSB,https://carol.ntsb.gov/investigations/detail/36088,,True,200,,False,,url_is_none,True,keep
1092,3187,NTSB,https://carol.ntsb.gov/investigations/detail/25758,,True,200,,False,,url_is_none,True,keep
1093,3188,NTSB,https://carol.ntsb.gov/investigations/detail/32053,,True,200,,False,,url_is_none,True,keep
1094,3189,NTSB,https://carol.ntsb.gov/investigations/detail/17351,,True,200,,False,,url_is_none,True,keep
1095,3190,NTSB,https://carol.ntsb.gov/investigations/detail/14041,,True,200,,False,,url_is_none,True,keep
1096,3191,NTSB,https://carol.ntsb.gov/investigations/detail/17350,,True,200,,False,,url_is_none,True,keep
1097,3192,NTSB,https://carol.ntsb.gov/investigations/detail/15901,https://data.ntsb.gov/carol-repgen/api/Aviation/ReportMain/GenerateNewestReport/DCA88MZ002/pdf,True,200,,False,404,http_404,True,keep
1098,3193,NTSB,https://carol.ntsb.gov/investigations/detail/14040,,True,200,,False,,url_is_none,True,keep
1099,3194,NTSB,https://carol.ntsb.gov/investigations/detail/26114,,True,200,,False,,url_is_none,True,keep
1100,3195,NTSB,https://carol.ntsb.gov/investigations/detail/36104,,True,200,,False,,url_is_none,True,keep
1101,3196,NTSB,https://carol.ntsb.gov/investigations/detail/34539,,True,200,,False,,url_is_none,True,keep
1102,3197,NTSB,https://carol.ntsb.gov/investigations/detail/17349,,True,200,,False,,url_is_none,True,keep
1103,3198,NTSB,https://carol.ntsb.gov/investigations/detail/25807,,True,200,,False,,url_is_none,True,keep
1104,3199,NTSB,https://carol.ntsb.gov/investigations/detail/35996,,True,200,,False,,url_is_none,True,keep
1105,3200,NTSB,https://carol.ntsb.gov/investigations/detail/34508,,True,200,,False,,url_is_none,True,keep
1106,3201,NTSB,https://carol.ntsb.gov/investigations/detail/36090,,True,200,,False,,url_is_none,True,keep
1107,3202,NTSB,https://carol.ntsb.gov/investigations/detail/25808,,True,200,,False,,url_is_none,True,keep
1108,3203,NTSB,https://carol.ntsb.gov/investigations/detail/11391,,True,200,,False,,url_is_none,True,keep
1109,3204,NTSB,https://carol.ntsb.gov/investigations/detail/17444,,True,200,,False,,url_is_none,True,keep
1110,3205,NTSB,https://carol.ntsb.gov/investigations/detail/36087,,True,200,,False,,url_is_none,True,keep
1111,3206,NTSB,https://carol.ntsb.gov/investigations/detail/40776,,True,200,,False,,url_is_none,True,keep
1112,3207,NTSB,https://carol.ntsb.gov/investigations/detail/32005,,True,200,,False,,url_is_none,True,keep
1113,3208,NTSB,https://carol.ntsb.gov/investigations/detail/7701,,True,200,,False,,url_is_none,True,keep
1114,3209,NTSB,https://carol.ntsb.gov/investigations/detail/17450,,True,200,,False,,url_is_none,True,keep
1115,3210,NTSB,https://carol.ntsb.gov/investigations/detail/36086,,True,200,,False,,url_is_none,True,keep
1116,3211,NTSB,https://carol.ntsb.gov/investigations/detail/32131,,True,200,,False,,url_is_none,True,keep
1117,3212,NTSB,https://carol.ntsb.gov/investigations/detail/32130,,True,200,,False,,url_is_none,True,keep
1118,3213,NTSB,https://carol.ntsb.gov/investigations/detail/13931,,True,200,,False,,url_is_none,True,keep
1119,3214,NTSB,https://carol.ntsb.gov/investigations/detail/25947,,True,200,,False,,url_is_none,True,keep
1120,3215,NTSB,https://carol.ntsb.gov/investigations/detail/32129,,True,200,,False,,url_is_none,True,keep
1121,3216,NTSB,https://carol.ntsb.gov/investigations/detail/4982,,True,200,,False,,url_is_none,True,keep
1122,3217,NTSB,https://carol.ntsb.gov/investigations/detail/17443,,True,200,,False,,url_is_none,True,keep
1123,3218,NTSB,https://carol.ntsb.gov/investigations/detail/22610,,True,200,,False,,url_is_none,True,keep
1124,3219,NTSB,https://carol.ntsb.gov/investigations/detail/7533,,True,200,,False,,url_is_none,True,keep
1125,3220,NTSB,https://carol.ntsb.gov/investigations/detail/40775,,True,200,,False,,url_is_none,True,keep
1126,3221,NTSB,https://carol.ntsb.gov/investigations/detail/25873,,True,200,,False,,url_is_none,True,keep
1127,3222,NTSB,https://carol.ntsb.gov/investigations/detail/7584,,True,200,,False,,url_is_none,True,keep
1128,3223,NTSB,https://carol.ntsb.gov/investigations/detail/34534,,True,200,,False,,url_is_none,True,keep
1129,3224,NTSB,https://carol.ntsb.gov/investigations/detail/34535,,True,200,,False,,url_is_none,True,keep
1130,3225,NTSB,https://carol.ntsb.gov/investigations/detail/36089,,True,200,,False,,url_is_none,True,keep
1131,3226,NTSB,https://carol.ntsb.gov/investigations/detail/17442,,True,200,,False,,url_is_none,True,keep
1132,3227,NTSB,https://carol.ntsb.gov/investigations/detail/14038,,True,200,,False,,url_is_none,True,keep
1133,3228,NTSB,https://carol.ntsb.gov/investigations/detail/25946,,True,200,,False,,url_is_none,True,keep
1134,3229,NTSB,https://carol.ntsb.gov/investigations/detail/25728,,True,200,,False,,url_is_none,True,keep
1135,3230,NTSB,https://carol.ntsb.gov/investigations/detail/40774,,True,200,,False,,url_is_none,True,keep
1136,3231,NTSB,https://carol.ntsb.gov/investigations/detail/32004,,True,200,,False,,url_is_none,True,keep
1137,3232,NTSB,https://carol.ntsb.gov/investigations/detail/32128,,True,200,,False,,url_is_none,True,keep
1138,3233,NTSB,https://carol.ntsb.gov/investigations/detail/36019,,True,200,,False,,url_is_none,True,keep
1139,3234,NTSB,https://carol.ntsb.gov/investigations/detail/25945,,True,200,,False,,url_is_none,True,keep
1140,3235,NTSB,https://carol.ntsb.gov/investigations/detail/22467,,True,200,,False,,url_is_none,True,keep
1141,3236,NTSB,https://carol.ntsb.gov/investigations/detail/25944,,True,200,,False,,url_is_none,True,keep
1142,3237,NTSB,https://carol.ntsb.gov/investigations/detail/14037,,True,200,,False,,url_is_none,True,keep
1143,3238,NTSB,https://carol.ntsb.gov/investigations/detail/7700,,True,200,,False,,url_is_none,True,keep
1144,3239,NTSB,https://carol.ntsb.gov/investigations/detail/25943,,True,200,,False,,url_is_none,True,keep
1145,3240,NTSB,https://carol.ntsb.gov/investigations/detail/22609,,True,200,,False,,url_is_none,True,keep
1146,3241,NTSB,https://carol.ntsb.gov/investigations/detail/11357,,True,200,,False,,url_is_none,True,keep
1147,3242,NTSB,https://carol.ntsb.gov/investigations/detail/25941,,True,200,,False,,url_is_none,True,keep
1148,3243,NTSB,https://carol.ntsb.gov/investigations/detail/14035,,True,200,,False,,url_is_none,True,keep
1149,3244,NTSB,https://carol.ntsb.gov/investigations/detail/35995,,True,200,,False,,url_is_none,True,keep
1150,3245,NTSB,https://carol.ntsb.gov/investigations/detail/40773,,True,200,,False,,url_is_none,True,keep
1151,3246,NTSB,https://carol.ntsb.gov/investigations/detail/13875,,True,200,,False,,url_is_none,True,keep
1152,3247,NTSB,https://carol.ntsb.gov/investigations/detail/25805,,True,200,,False,,url_is_none,True,keep
1153,3248,NTSB,https://carol.ntsb.gov/investigations/detail/14039,,True,200,,False,,url_is_none,True,keep
1154,3249,NTSB,https://carol.ntsb.gov/investigations/detail/25940,,True,200,,False,,url_is_none,True,keep
1155,3250,NTSB,https://carol.ntsb.gov/investigations/detail/36085,,True,200,,False,,url_is_none,True,keep
1156,3251,NTSB,https://carol.ntsb.gov/investigations/detail/32247,,True,200,,False,,url_is_none,True,keep
1157,3252,NTSB,https://carol.ntsb.gov/investigations/detail/17441,,True,200,,False,,url_is_none,True,keep
1158,3253,NTSB,https://carol.ntsb.gov/investigations/detail/40715,,True,200,,False,,url_is_none,True,keep
1159,3254,NTSB,https://carol.ntsb.gov/investigations/detail/22568,,True,200,,False,,url_is_none,True,keep
1160,3255,NTSB,https://carol.ntsb.gov/investigations/detail/11390,,True,200,,False,,url_is_none,True,keep
1161,3256,NTSB,https://carol.ntsb.gov/investigations/detail/32127,,True,200,,False,,url_is_none,True,keep
1162,3257,NTSB,https://carol.ntsb.gov/investigations/detail/34484,,True,200,,False,,url_is_none,True,keep
1163,3258,NTSB,https://carol.ntsb.gov/investigations/detail/7713,,True,200,,False,,url_is_none,True,keep
1164,3259,NTSB,https://carol.ntsb.gov/investigations/detail/22621,,True,200,,False,,url_is_none,True,keep
1165,3260,NTSB,https://carol.ntsb.gov/investigations/detail/17440,,True,200,,False,,url_is_none,True,keep
1166,3261,NTSB,https://carol.ntsb.gov/investigations/detail/25939,,True,200,,False,,url_is_none,True,keep
1167,3262,NTSB,https://carol.ntsb.gov/investigations/detail/36018,,True,200,,False,,url_is_none,True,keep
1168,3263,NTSB,https://carol.ntsb.gov/investigations/detail/22569,,True,200,,False,,url_is_none,True,keep
1169,3264,NTSB,https://carol.ntsb.gov/investigations/detail/34533,,True,200,,False,,url_is_none,True,keep
1170,3265,NTSB,https://carol.ntsb.gov/investigations/detail/34483,,True,200,,False,,url_is_none,True,keep
1171,3266,NTSB,https://carol.ntsb.gov/investigations/detail/15895,https://data.ntsb.gov/carol-repgen/api/Aviation/ReportMain/GenerateNewestReport/DCA88MA017/pdf,True,200,,False,404,http_404,True,keep
1172,3267,NTSB,https://carol.ntsb.gov/investigations/detail/7699,,True,200,,False,,url_is_none,True,keep
1173,3268,NTSB,https://carol.ntsb.gov/investigations/detail/13930,,True,200,,False,,url_is_none,True,keep
1174,3269,NTSB,https://carol.ntsb.gov/investigations/detail/40771,,True,200,,False,,url_is_none,True,keep
1175,3270,NTSB,https://carol.ntsb.gov/investigations/detail/40772,,True,200,,False,,url_is_none,True,keep
1176,3271,NTSB,https://carol.ntsb.gov/investigations/detail/32126,,True,200,,False,,url_is_none,True,keep
1177,3272,NTSB,https://carol.ntsb.gov/investigations/detail/7583,,True,200,,False,,url_is_none,True,keep
1178,3273,NTSB,https://carol.ntsb.gov/investigations/detail/34482,,True,200,,False,,url_is_none,True,keep
1179,3274,NTSB,https://carol.ntsb.gov/investigations/detail/34463,,True,200,,False,,url_is_none,True,keep
1180,3275,NTSB,https://carol.ntsb.gov/investigations/detail/13984,,True,200,,False,,url_is_none,True,keep
1181,3276,NTSB,https://carol.ntsb.gov/investigations/detail/13929,,True,200,,False,,url_is_none,True,keep
1182,3277,NTSB,https://carol.ntsb.gov/investigations/detail/32125,,True,200,,False,,url_is_none,True,keep
1183,3278,NTSB,https://carol.ntsb.gov/investigations/detail/7582,,True,200,,False,,url_is_none,True,keep
1184,3279,NTSB,https://carol.ntsb.gov/investigations/detail/25938,,True,200,,False,,url_is_none,True,keep
1185,3280,NTSB,https://carol.ntsb.gov/investigations/detail/14031,,True,200,,False,,url_is_none,True,keep
1186,3281,NTSB,https://carol.ntsb.gov/investigations/detail/22688,,True,200,,False,,url_is_none,True,keep
1187,3282,NTSB,https://carol.ntsb.gov/investigations/detail/25942,,True,200,,False,,url_is_none,True,keep
1188,3283,NTSB,https://carol.ntsb.gov/investigations/detail/22608,,True,200,,False,,url_is_none,True,keep
1189,3284,NTSB,https://carol.ntsb.gov/investigations/detail/22685,,True,200,,False,,url_is_none,True,keep
1190,3285,NTSB,https://carol.ntsb.gov/investigations/detail/17439,,True,200,,False,,url_is_none,True,keep
1191,3286,NTSB,https://carol.ntsb.gov/investigations/detail/4981,,True,200,,False,,url_is_none,True,keep
1192,3287,NTSB,https://carol.ntsb.gov/investigations/detail/34481,,True,200,,False,,url_is_none,True,keep
1193,3288,NTSB,https://carol.ntsb.gov/investigations/detail/25936,,True,200,,False,,url_is_none,True,keep
1194,3289,NTSB,https://carol.ntsb.gov/investigations/detail/32003,,True,200,,False,,url_is_none,True,keep
1195,3290,NTSB,https://carol.ntsb.gov/investigations/detail/36084,,True,200,,False,,url_is_none,True,keep
1196,3291,NTSB,https://carol.ntsb.gov/investigations/detail/40769,,True,200,,False,,url_is_none,True,keep
1197,3292,NTSB,https://carol.ntsb.gov/investigations/detail/25804,,True,200,,False,,url_is_none,True,keep
1198,3293,NTSB,https://carol.ntsb.gov/investigations/detail/17348,,True,200,,False,,url_is_none,True,keep
1199,3294,NTSB,https://carol.ntsb.gov/investigations/detail/25937,,True,200,,False,,url_is_none,True,keep
1200,3295,NTSB,https://carol.ntsb.gov/investigations/detail/14032,,True,200,,False,,url_is_none,True,keep
1201,3296,NTSB,https://carol.ntsb.gov/investigations/detail/32124,,True,200,,False,,url_is_none,True,keep
1202,3297,NTSB,https://carol.ntsb.gov/investigations/detail/14033,,True,200,,False,,url_is_none,True,keep
1203,3298,NTSB,https://carol.ntsb.gov/investigations/detail/4980,,True,200,,False,,url_is_none,True,keep
1204,3299,NTSB,https://carol.ntsb.gov/investigations/detail/22606,,True,200,,False,,url_is_none,True,keep
1205,3300,NTSB,https://carol.ntsb.gov/investigations/detail/7698,,True,200,,False,,url_is_none,True,keep
1206,3301,NTSB,https://carol.ntsb.gov/investigations/detail/25803,,True,200,,False,,url_is_none,True,keep
1207,3302,NTSB,https://carol.ntsb.gov/investigations/detail/7697,,True,200,,False,,url_is_none,True,keep
1208,3303,NTSB,https://carol.ntsb.gov/investigations/detail/14034,,True,200,,False,,url_is_none,True,keep
1209,3304,NTSB,https://carol.ntsb.gov/investigations/detail/34480,,True,200,,False,,url_is_none,True,keep
1210,3305,NTSB,https://carol.ntsb.gov/investigations/detail/7581,,True,200,,False,,url_is_none,True,keep
1211,3306,NTSB,https://carol.ntsb.gov/investigations/detail/14036,,True,200,,False,,url_is_none,True,keep
1212,3307,NTSB,https://carol.ntsb.gov/investigations/detail/22535,,True,200,,False,,url_is_none,True,keep
1213,3308,NTSB,https://carol.ntsb.gov/investigations/detail/25935,,True,200,,False,,url_is_none,True,keep
1214,3309,NTSB,https://carol.ntsb.gov/investigations/detail/17438,,True,200,,False,,url_is_none,True,keep
1215,3310,NTSB,https://carol.ntsb.gov/investigations/detail/36083,,True,200,,False,,url_is_none,True,keep
1216,3311,NTSB,https://carol.ntsb.gov/investigations/detail/32250,,True,200,,False,,url_is_none,True,keep
1217,3312,NTSB,https://carol.ntsb.gov/investigations/detail/25934,,True,200,,False,,url_is_none,True,keep
1218,3313,NTSB,https://carol.ntsb.gov/investigations/detail/4979,,True,200,,False,,url_is_none,True,keep
1219,3314,NTSB,https://carol.ntsb.gov/investigations/detail/25802,,True,200,,False,,url_is_none,True,keep
1220,3315,NTSB,https://carol.ntsb.gov/investigations/detail/7696,,True,200,,False,,url_is_none,True,keep
1221,3316,NTSB,https://carol.ntsb.gov/investigations/detail/40805,,True,200,,False,,url_is_none,True,keep
1222,3317,NTSB,https://carol.ntsb.gov/investigations/detail/7694,,True,200,,False,,url_is_none,True,keep
1223,3318,NTSB,https://carol.ntsb.gov/investigations/detail/17347,,True,200,,False,,url_is_none,True,keep
1224,3319,NTSB,https://carol.ntsb.gov/investigations/detail/17435,,True,200,,False,,url_is_none,True,keep
1225,3320,NTSB,https://carol.ntsb.gov/investigations/detail/22471,,True,200,,False,,url_is_none,True,keep
1226,3321,NTSB,https://carol.ntsb.gov/investigations/detail/36094,,True,200,,False,,url_is_none,True,keep
1227,3322,NTSB,https://carol.ntsb.gov/investigations/detail/34532,,True,200,,False,,url_is_none,True,keep
1228,3323,NTSB,https://carol.ntsb.gov/investigations/detail/14029,,True,200,,False,,url_is_none,True,keep
1229,3324,NTSB,https://carol.ntsb.gov/investigations/detail/17433,,True,200,,False,,url_is_none,True,keep
1230,3325,NTSB,https://carol.ntsb.gov/investigations/detail/7695,,True,200,,False,,url_is_none,True,keep
1231,3326,NTSB,https://carol.ntsb.gov/investigations/detail/17437,,True,200,,False,,url_is_none,True,keep
1232,3327,NTSB,https://carol.ntsb.gov/investigations/detail/36073,,True,200,,False,,url_is_none,True,keep
1233,3328,NTSB,https://carol.ntsb.gov/investigations/detail/40770,,True,200,,False,,url_is_none,True,keep
1234,3329,NTSB,https://carol.ntsb.gov/investigations/detail/13928,,True,200,,False,,url_is_none,True,keep
1235,3330,NTSB,https://carol.ntsb.gov/investigations/detail/22607,,True,200,,False,,url_is_none,True,keep
1236,3331,NTSB,https://carol.ntsb.gov/investigations/detail/25933,,True,200,,False,,url_is_none,True,keep
1237,3332,NTSB,https://carol.ntsb.gov/investigations/detail/17434,,True,200,,False,,url_is_none,True,keep
1238,3333,NTSB,https://carol.ntsb.gov/investigations/detail/4934,,True,200,,False,,url_is_none,True,keep
1239,3334,NTSB,https://carol.ntsb.gov/investigations/detail/17436,,True,200,,False,,url_is_none,True,keep
1240,3335,NTSB,https://carol.ntsb.gov/investigations/detail/13983,,True,200,,False,,url_is_none,True,keep
1241,3336,NTSB,https://carol.ntsb.gov/investigations/detail/15904,,True,200,,False,,url_is_none,True,keep
1242,3337,NTSB,https://carol.ntsb.gov/investigations/detail/34479,,True,200,,False,,url_is_none,True,keep
1243,3338,NTSB,https://carol.ntsb.gov/investigations/detail/36082,,True,200,,False,,url_is_none,True,keep
1244,3339,NTSB,https://carol.ntsb.gov/investigations/detail/13977,,True,200,,False,,url_is_none,True,keep
1245,3340,NTSB,https://carol.ntsb.gov/investigations/detail/17430,,True,200,,False,,url_is_none,True,keep
1246,3341,NTSB,https://carol.ntsb.gov/investigations/detail/22687,,True,200,,False,,url_is_none,True,keep
1247,3342,NTSB,https://carol.ntsb.gov/investigations/detail/25801,,True,200,,False,,url_is_none,True,keep
1248,3343,NTSB,https://carol.ntsb.gov/investigations/detail/25715,,True,200,,False,,url_is_none,True,keep
1249,3344,NTSB,https://carol.ntsb.gov/investigations/detail/11389,,True,200,,False,,url_is_none,True,keep
1250,3345,NTSB,https://carol.ntsb.gov/investigations/detail/32123,,True,200,,False,,url_is_none,True,keep
1251,3346,NTSB,https://carol.ntsb.gov/investigations/detail/32002,,True,200,,False,,url_is_none,True,keep
1252,3347,NTSB,https://carol.ntsb.gov/investigations/detail/22534,,True,200,,False,,url_is_none,True,keep
1253,3348,NTSB,https://carol.ntsb.gov/investigations/detail/13909,,True,200,,False,,url_is_none,True,keep
1254,3349,NTSB,https://carol.ntsb.gov/investigations/detail/13927,,True,200,,False,,url_is_none,True,keep
1255,3350,NTSB,https://carol.ntsb.gov/investigations/detail/13899,,True,200,,False,,url_is_none,True,keep
1256,3351,NTSB,https://carol.ntsb.gov/investigations/detail/4978,,True,200,,False,,url_is_none,True,keep
1257,3352,NTSB,https://carol.ntsb.gov/investigations/detail/22533,,True,200,,False,,url_is_none,True,keep
1258,3353,NTSB,https://carol.ntsb.gov/investigations/detail/7580,,True,200,,False,,url_is_none,True,keep
1259,3354,NTSB,https://carol.ntsb.gov/investigations/detail/14030,,True,200,,False,,url_is_none,True,keep
1260,3355,NTSB,https://carol.ntsb.gov/investigations/detail/25931,,True,200,,False,,url_is_none,True,keep
1261,3356,NTSB,https://carol.ntsb.gov/investigations/detail/32122,,True,200,,False,,url_is_none,True,keep
1262,3357,NTSB,https://carol.ntsb.gov/investigations/detail/7578,,True,200,,False,,url_is_none,True,keep
1263,3358,NTSB,https://carol.ntsb.gov/investigations/detail/32121,,True,200,,False,,url_is_none,True,keep
1264,3359,NTSB,https://carol.ntsb.gov/investigations/detail/17432,,True,200,,False,,url_is_none,True,keep
1265,3360,NTSB,https://carol.ntsb.gov/investigations/detail/7579,,True,200,,False,,url_is_none,True,keep
1266,3361,NTSB,https://carol.ntsb.gov/investigations/detail/22605,,True,200,,False,,url_is_none,True,keep
1267,3362,NTSB,https://carol.ntsb.gov/investigations/detail/7693,,True,200,,False,,url_is_none,True,keep
1268,3363,NTSB,https://carol.ntsb.gov/investigations/detail/32001,,True,200,,False,,url_is_none,True,keep
1269,3364,NTSB,https://carol.ntsb.gov/investigations/detail/34531,,True,200,,False,,url_is_none,True,keep
1270,3365,NTSB,https://carol.ntsb.gov/investigations/detail/34459,,True,200,,False,,url_is_none,True,keep
1271,3366,NTSB,https://carol.ntsb.gov/investigations/detail/25930,,True,200,,False,,url_is_none,True,keep
1272,3367,NTSB,https://carol.ntsb.gov/investigations/detail/35994,,True,200,,False,,url_is_none,True,keep
1273,3368,NTSB,https://carol.ntsb.gov/investigations/detail/25929,,True,200,,False,,url_is_none,True,keep
1274,3369,NTSB,https://carol.ntsb.gov/investigations/detail/36080,,True,200,,False,,url_is_none,True,keep
1275,3370,NTSB,https://carol.ntsb.gov/investigations/detail/34530,,True,200,,False,,url_is_none,True,keep
1276,3371,NTSB,https://carol.ntsb.gov/investigations/detail/14028,,True,200,,False,,url_is_none,True,keep
1277,3372,NTSB,https://carol.ntsb.gov/investigations/detail/40714,,True,200,,False,,url_is_none,True,keep
1278,3373,NTSB,https://carol.ntsb.gov/investigations/detail/17431,,True,200,,False,,url_is_none,True,keep
1279,3374,NTSB,https://carol.ntsb.gov/investigations/detail/17346,,True,200,,False,,url_is_none,True,keep
1280,3375,NTSB,https://carol.ntsb.gov/investigations/detail/22604,,True,200,,False,,url_is_none,True,keep
1281,3376,NTSB,https://carol.ntsb.gov/investigations/detail/25932,,True,200,,False,,url_is_none,True,keep
1282,3377,NTSB,https://carol.ntsb.gov/investigations/detail/32052,,True,200,,False,,url_is_none,True,keep
1283,3378,NTSB,https://carol.ntsb.gov/investigations/detail/22603,,True,200,,False,,url_is_none,True,keep
1284,3379,NTSB,https://carol.ntsb.gov/investigations/detail/40768,,True,200,,False,,url_is_none,True,keep
1285,3380,NTSB,https://carol.ntsb.gov/investigations/detail/32243,,True,200,,False,,url_is_none,True,keep
1286,3381,NTSB,https://carol.ntsb.gov/investigations/detail/32120,,True,200,,False,,url_is_none,True,keep
1287,3382,NTSB,https://carol.ntsb.gov/investigations/detail/25921,,True,200,,False,,url_is_none,True,keep
1288,3383,NTSB,https://carol.ntsb.gov/investigations/detail/32051,,True,200,,False,,url_is_none,True,keep
1289,3384,NTSB,https://carol.ntsb.gov/investigations/detail/22442,,True,200,,False,,url_is_none,True,keep
1290,3385,NTSB,https://carol.ntsb.gov/investigations/detail/17391,,True,200,,False,,url_is_none,True,keep
1291,3386,NTSB,https://carol.ntsb.gov/investigations/detail/15903,,True,200,,False,,url_is_none,True,keep
1292,3387,NTSB,https://carol.ntsb.gov/investigations/detail/32119,,True,200,,False,,url_is_none,True,keep
1293,3388,NTSB,https://carol.ntsb.gov/investigations/detail/34529,,True,200,,False,,url_is_none,True,keep
1294,3389,NTSB,https://carol.ntsb.gov/investigations/detail/25737,,True,200,,False,,url_is_none,True,keep
1295,3390,NTSB,https://carol.ntsb.gov/investigations/detail/34528,,True,200,,False,,url_is_none,True,keep
1296,3391,NTSB,https://carol.ntsb.gov/investigations/detail/32117,,True,200,,False,,url_is_none,True,keep
1297,3392,NTSB,https://carol.ntsb.gov/investigations/detail/17429,,True,200,,False,,url_is_none,True,keep
1298,3393,NTSB,https://carol.ntsb.gov/investigations/detail/14026,,True,200,,False,,url_is_none,True,keep
1299,3394,NTSB,https://carol.ntsb.gov/investigations/detail/7577,,True,200,,False,,url_is_none,True,keep
1300,3395,NTSB,https://carol.ntsb.gov/investigations/detail/7576,,True,200,,False,,url_is_none,True,keep
1301,3396,NTSB,https://carol.ntsb.gov/investigations/detail/14027,,True,200,,False,,url_is_none,True,keep
1302,3397,NTSB,https://carol.ntsb.gov/investigations/detail/11356,,True,200,,False,,url_is_none,True,keep
1303,3398,NTSB,https://carol.ntsb.gov/investigations/detail/36079,,True,200,,False,,url_is_none,True,keep
1304,3399,NTSB,https://carol.ntsb.gov/investigations/detail/36081,,True,200,,False,,url_is_none,True,keep
1305,3400,NTSB,https://carol.ntsb.gov/investigations/detail/32000,,True,200,,False,,url_is_none,True,keep
1306,3401,NTSB,https://carol.ntsb.gov/investigations/detail/7575,,True,200,,False,,url_is_none,True,keep
1307,3402,NTSB,https://carol.ntsb.gov/investigations/detail/25730,,True,200,,False,,url_is_none,True,keep
1308,3403,NTSB,https://carol.ntsb.gov/investigations/detail/25928,,True,200,,False,,url_is_none,True,keep
1309,3404,NTSB,https://carol.ntsb.gov/investigations/detail/25927,,True,200,,False,,url_is_none,True,keep
1310,3405,NTSB,https://carol.ntsb.gov/investigations/detail/32115,,True,200,,False,,url_is_none,True,keep
1311,3406,NTSB,https://carol.ntsb.gov/investigations/detail/25800,,True,200,,False,,url_is_none,True,keep
1312,3407,NTSB,https://carol.ntsb.gov/investigations/detail/32249,,True,200,,False,,url_is_none,True,keep
1313,3408,NTSB,https://carol.ntsb.gov/investigations/detail/22602,,True,200,,False,,url_is_none,True,keep
1314,3409,NTSB,https://carol.ntsb.gov/investigations/detail/15894,https://data.ntsb.gov/carol-repgen/api/Aviation/ReportMain/GenerateNewestReport/DCA88MA011/pdf,True,200,,False,404,http_404,True,keep
1315,3410,NTSB,https://carol.ntsb.gov/investigations/detail/34478,,True,200,,False,,url_is_none,True,keep
