{"timestamp": "2026-05-03T05:22:42.319291Z", "event": "model_auto_created", "aircraft_id": 1, "manufacturer": "Boeing", "model_name": "Boeing 737-800", "source": "BACKFILL"}
{"timestamp": "2026-05-03T05:22:42.808144Z", "event": "model_auto_created", "aircraft_id": 1, "manufacturer": "Boeing", "model_name": "Boeing 737", "source": "FAA_SDR"}
{"timestamp": "2026-05-03T05:22:42.848292Z", "event": "model_auto_created", "aircraft_id": 1, "manufacturer": "Boeing", "model_name": "Boeing 737", "source": "FAA_SDR"}
{"timestamp": "2026-05-03T05:22:44.691395Z", "event": "model_auto_created", "aircraft_id": 1, "manufacturer": "Boeing", "model_name": "Boeing 737-800", "source": "DUMMY"}
{"timestamp": "2026-05-03T05:22:44.692183Z", "event": "model_auto_created", "aircraft_id": 2, "manufacturer": "Airbus", "model_name": "Airbus A320-200", "source": "DUMMY"}
{"timestamp": "2026-05-03T05:22:44.709835Z", "event": "model_auto_created", "aircraft_id": 1, "manufacturer": "Boeing", "model_name": "Boeing 737-800", "source": "DUMMY"}
{"timestamp": "2026-05-03T05:22:44.710512Z", "event": "model_auto_created", "aircraft_id": 2, "manufacturer": "Airbus", "model_name": "Airbus A320-200", "source": "DUMMY"}
{"timestamp": "2026-05-03T05:22:44.728252Z", "event": "model_auto_created", "aircraft_id": 1, "manufacturer": "Boeing", "model_name": "Boeing 737-800", "source": "DUMMY"}
{"timestamp": "2026-05-03T05:22:44.728918Z", "event": "model_auto_created", "aircraft_id": 2, "manufacturer": "Airbus", "model_name": "Airbus A320-200", "source": "DUMMY"}
{"timestamp": "2026-05-03T05:22:44.745649Z", "event": "model_auto_created", "aircraft_id": 1, "manufacturer": "Boeing", "model_name": "Boeing 737-800", "source": "DUMMY"}
{"timestamp": "2026-05-03T05:22:44.746291Z", "event": "model_auto_created", "aircraft_id": 2, "manufacturer": "Airbus", "model_name": "Airbus A320-200", "source": "DUMMY"}
{"timestamp": "2026-05-03T05:22:44.799253Z", "event": "model_auto_created", "aircraft_id": 1, "manufacturer": "Boeing", "model_name": "Boeing 999", "source": "DUMMY"}
{"timestamp": "2026-05-03T05:22:44.836463Z", "event": "model_auto_created", "aircraft_id": 1, "manufacturer": "Boeing", "model_name": "Boeing 999", "source": "DUMMY"}
{"timestamp": "2026-05-05T13:51:51.375278Z", "event": "model_auto_created", "aircraft_id": 1, "manufacturer": "Boeing", "model_name": "Boeing 737-800", "source": "BACKFILL"}
{"timestamp": "2026-05-05T13:51:51.961672Z", "event": "model_auto_created", "aircraft_id": 1, "manufacturer": "Boeing", "model_name": "Boeing 737", "source": "FAA_SDR"}
{"timestamp": "2026-05-05T13:51:52.062323Z", "event": "model_auto_created", "aircraft_id": 1, "manufacturer": "Boeing", "model_name": "Boeing 737", "source": "FAA_SDR"}
{"timestamp": "2026-05-05T13:51:53.876303Z", "event": "model_auto_created", "aircraft_id": 1, "manufacturer": "Boeing", "model_name": "Boeing 737-800", "source": "DUMMY"}
{"timestamp": "2026-05-05T13:51:53.877294Z", "event": "model_auto_created", "aircraft_id": 2, "manufacturer": "Airbus", "model_name": "Airbus A320-200", "source": "DUMMY"}
{"timestamp": "2026-05-05T13:51:53.897152Z", "event": "model_auto_created", "aircraft_id": 1, "manufacturer": "Boeing", "model_name": "Boeing 737-800", "source": "DUMMY"}
{"timestamp": "2026-05-05T13:51:53.897919Z", "event": "model_auto_created", "aircraft_id": 2, "manufacturer": "Airbus", "model_name": "Airbus A320-200", "source": "DUMMY"}
{"timestamp": "2026-05-05T13:51:53.917314Z", "event": "model_auto_created", "aircraft_id": 1, "manufacturer": "Boeing", "model_name": "Boeing 737-800", "source": "DUMMY"}
{"timestamp": "2026-05-05T13:51:53.918099Z", "event": "model_auto_created", "aircraft_id": 2, "manufacturer": "Airbus", "model_name": "Airbus A320-200", "source": "DUMMY"}
{"timestamp": "2026-05-05T13:51:53.936317Z", "event": "model_auto_created", "aircraft_id": 1, "manufacturer": "Boeing", "model_name": "Boeing 737-800", "source": "DUMMY"}
{"timestamp": "2026-05-05T13:51:53.937165Z", "event": "model_auto_created", "aircraft_id": 2, "manufacturer": "Airbus", "model_name": "Airbus A320-200", "source": "DUMMY"}
{"timestamp": "2026-05-05T13:51:53.996098Z", "event": "model_auto_created", "aircraft_id": 1, "manufacturer": "Boeing", "model_name": "Boeing 999", "source": "DUMMY"}
{"timestamp": "2026-05-05T13:51:54.035887Z", "event": "model_auto_created", "aircraft_id": 1, "manufacturer": "Boeing", "model_name": "Boeing 999", "source": "DUMMY"}
{"timestamp": "2026-05-05T13:52:36.785479Z", "event": "model_auto_created", "aircraft_id": 1, "manufacturer": "Boeing", "model_name": "Boeing 737-800", "source": "BACKFILL"}
{"timestamp": "2026-05-05T13:52:37.378816Z", "event": "model_auto_created", "aircraft_id": 1, "manufacturer": "Boeing", "model_name": "Boeing 737", "source": "FAA_SDR"}
{"timestamp": "2026-05-05T13:52:37.423153Z", "event": "model_auto_created", "aircraft_id": 1, "manufacturer": "Boeing", "model_name": "Boeing 737", "source": "FAA_SDR"}
{"timestamp": "2026-05-05T13:52:39.610165Z", "event": "model_auto_created", "aircraft_id": 1, "manufacturer": "Boeing", "model_name": "Boeing 737-800", "source": "DUMMY"}
{"timestamp": "2026-05-05T13:52:39.611362Z", "event": "model_auto_created", "aircraft_id": 2, "manufacturer": "Airbus", "model_name": "Airbus A320-200", "source": "DUMMY"}
{"timestamp": "2026-05-05T13:52:39.631373Z", "event": "model_auto_created", "aircraft_id": 1, "manufacturer": "Boeing", "model_name": "Boeing 737-800", "source": "DUMMY"}
{"timestamp": "2026-05-05T13:52:39.632158Z", "event": "model_auto_created", "aircraft_id": 2, "manufacturer": "Airbus", "model_name": "Airbus A320-200", "source": "DUMMY"}
{"timestamp": "2026-05-05T13:52:39.650348Z", "event": "model_auto_created", "aircraft_id": 1, "manufacturer": "Boeing", "model_name": "Boeing 737-800", "source": "DUMMY"}
{"timestamp": "2026-05-05T13:52:39.651087Z", "event": "model_auto_created", "aircraft_id": 2, "manufacturer": "Airbus", "model_name": "Airbus A320-200", "source": "DUMMY"}
{"timestamp": "2026-05-05T13:52:39.669393Z", "event": "model_auto_created", "aircraft_id": 1, "manufacturer": "Boeing", "model_name": "Boeing 737-800", "source": "DUMMY"}
{"timestamp": "2026-05-05T13:52:39.670209Z", "event": "model_auto_created", "aircraft_id": 2, "manufacturer": "Airbus", "model_name": "Airbus A320-200", "source": "DUMMY"}
{"timestamp": "2026-05-05T13:52:39.728427Z", "event": "model_auto_created", "aircraft_id": 1, "manufacturer": "Boeing", "model_name": "Boeing 999", "source": "DUMMY"}
{"timestamp": "2026-05-05T13:52:39.830501Z", "event": "model_auto_created", "aircraft_id": 1, "manufacturer": "Boeing", "model_name": "Boeing 999", "source": "DUMMY"}
{"timestamp": "2026-05-05T14:11:05.823296Z", "event": "model_auto_created", "aircraft_id": 1, "manufacturer": "Boeing", "model_name": "Boeing 737-800", "source": "BACKFILL"}
{"timestamp": "2026-05-05T14:11:06.494530Z", "event": "model_auto_created", "aircraft_id": 1, "manufacturer": "Boeing", "model_name": "Boeing 737", "source": "FAA_SDR"}
{"timestamp": "2026-05-05T14:11:06.538269Z", "event": "model_auto_created", "aircraft_id": 1, "manufacturer": "Boeing", "model_name": "Boeing 737", "source": "FAA_SDR"}
{"timestamp": "2026-05-05T14:11:08.244232Z", "event": "model_auto_created", "aircraft_id": 1, "manufacturer": "Boeing", "model_name": "Boeing 737-800", "source": "DUMMY"}
{"timestamp": "2026-05-05T14:11:08.245102Z", "event": "model_auto_created", "aircraft_id": 2, "manufacturer": "Airbus", "model_name": "Airbus A320-200", "source": "DUMMY"}
{"timestamp": "2026-05-05T14:11:08.264839Z", "event": "model_auto_created", "aircraft_id": 1, "manufacturer": "Boeing", "model_name": "Boeing 737-800", "source": "DUMMY"}
{"timestamp": "2026-05-05T14:11:08.266056Z", "event": "model_auto_created", "aircraft_id": 2, "manufacturer": "Airbus", "model_name": "Airbus A320-200", "source": "DUMMY"}
{"timestamp": "2026-05-05T14:11:08.284161Z", "event": "model_auto_created", "aircraft_id": 1, "manufacturer": "Boeing", "model_name": "Boeing 737-800", "source": "DUMMY"}
{"timestamp": "2026-05-05T14:11:08.284945Z", "event": "model_auto_created", "aircraft_id": 2, "manufacturer": "Airbus", "model_name": "Airbus A320-200", "source": "DUMMY"}
{"timestamp": "2026-05-05T14:11:08.303850Z", "event": "model_auto_created", "aircraft_id": 1, "manufacturer": "Boeing", "model_name": "Boeing 737-800", "source": "DUMMY"}
{"timestamp": "2026-05-05T14:11:08.304728Z", "event": "model_auto_created", "aircraft_id": 2, "manufacturer": "Airbus", "model_name": "Airbus A320-200", "source": "DUMMY"}
{"timestamp": "2026-05-05T14:11:08.361976Z", "event": "model_auto_created", "aircraft_id": 1, "manufacturer": "Boeing", "model_name": "Boeing 999", "source": "DUMMY"}
{"timestamp": "2026-05-05T14:11:08.402256Z", "event": "model_auto_created", "aircraft_id": 1, "manufacturer": "Boeing", "model_name": "Boeing 999", "source": "DUMMY"}
{"timestamp": "2026-05-05T14:11:53.856869Z", "event": "model_auto_created", "aircraft_id": 1, "manufacturer": "Boeing", "model_name": "Boeing 737-800", "source": "BACKFILL"}
{"timestamp": "2026-05-05T14:11:54.425467Z", "event": "model_auto_created", "aircraft_id": 1, "manufacturer": "Boeing", "model_name": "Boeing 737", "source": "FAA_SDR"}
{"timestamp": "2026-05-05T14:11:54.469119Z", "event": "model_auto_created", "aircraft_id": 1, "manufacturer": "Boeing", "model_name": "Boeing 737", "source": "FAA_SDR"}
{"timestamp": "2026-05-05T14:11:56.414926Z", "event": "model_auto_created", "aircraft_id": 1, "manufacturer": "Boeing", "model_name": "Boeing 737-800", "source": "DUMMY"}
{"timestamp": "2026-05-05T14:11:56.416098Z", "event": "model_auto_created", "aircraft_id": 2, "manufacturer": "Airbus", "model_name": "Airbus A320-200", "source": "DUMMY"}
{"timestamp": "2026-05-05T14:11:56.436075Z", "event": "model_auto_created", "aircraft_id": 1, "manufacturer": "Boeing", "model_name": "Boeing 737-800", "source": "DUMMY"}
{"timestamp": "2026-05-05T14:11:56.436880Z", "event": "model_auto_created", "aircraft_id": 2, "manufacturer": "Airbus", "model_name": "Airbus A320-200", "source": "DUMMY"}
{"timestamp": "2026-05-05T14:11:56.455170Z", "event": "model_auto_created", "aircraft_id": 1, "manufacturer": "Boeing", "model_name": "Boeing 737-800", "source": "DUMMY"}
{"timestamp": "2026-05-05T14:11:56.455949Z", "event": "model_auto_created", "aircraft_id": 2, "manufacturer": "Airbus", "model_name": "Airbus A320-200", "source": "DUMMY"}
{"timestamp": "2026-05-05T14:11:56.474435Z", "event": "model_auto_created", "aircraft_id": 1, "manufacturer": "Boeing", "model_name": "Boeing 737-800", "source": "DUMMY"}
{"timestamp": "2026-05-05T14:11:56.475275Z", "event": "model_auto_created", "aircraft_id": 2, "manufacturer": "Airbus", "model_name": "Airbus A320-200", "source": "DUMMY"}
{"timestamp": "2026-05-05T14:11:56.535547Z", "event": "model_auto_created", "aircraft_id": 1, "manufacturer": "Boeing", "model_name": "Boeing 999", "source": "DUMMY"}
{"timestamp": "2026-05-05T14:11:56.575877Z", "event": "model_auto_created", "aircraft_id": 1, "manufacturer": "Boeing", "model_name": "Boeing 999", "source": "DUMMY"}
{"timestamp": "2026-05-06T14:36:08.876281Z", "event": "model_auto_created", "aircraft_id": 1, "manufacturer": "Boeing", "model_name": "Boeing 737-800", "source": "BACKFILL"}
{"timestamp": "2026-05-06T14:36:09.457750Z", "event": "model_auto_created", "aircraft_id": 1, "manufacturer": "Boeing", "model_name": "Boeing 737", "source": "FAA_SDR"}
{"timestamp": "2026-05-06T14:36:09.503361Z", "event": "model_auto_created", "aircraft_id": 1, "manufacturer": "Boeing", "model_name": "Boeing 737", "source": "FAA_SDR"}
{"timestamp": "2026-05-06T14:36:10.875344Z", "event": "model_auto_created", "aircraft_id": 1, "manufacturer": "Boeing", "model_name": "Boeing 737-800", "source": "DUMMY"}
{"timestamp": "2026-05-06T14:36:10.876176Z", "event": "model_auto_created", "aircraft_id": 2, "manufacturer": "Airbus", "model_name": "Airbus A320-200", "source": "DUMMY"}
{"timestamp": "2026-05-06T14:36:10.894918Z", "event": "model_auto_created", "aircraft_id": 1, "manufacturer": "Boeing", "model_name": "Boeing 737-800", "source": "DUMMY"}
{"timestamp": "2026-05-06T14:36:10.895735Z", "event": "model_auto_created", "aircraft_id": 2, "manufacturer": "Airbus", "model_name": "Airbus A320-200", "source": "DUMMY"}
{"timestamp": "2026-05-06T14:36:10.914745Z", "event": "model_auto_created", "aircraft_id": 1, "manufacturer": "Boeing", "model_name": "Boeing 737-800", "source": "DUMMY"}
{"timestamp": "2026-05-06T14:36:10.915583Z", "event": "model_auto_created", "aircraft_id": 2, "manufacturer": "Airbus", "model_name": "Airbus A320-200", "source": "DUMMY"}
{"timestamp": "2026-05-06T14:36:10.933563Z", "event": "model_auto_created", "aircraft_id": 1, "manufacturer": "Boeing", "model_name": "Boeing 737-800", "source": "DUMMY"}
{"timestamp": "2026-05-06T14:36:10.934435Z", "event": "model_auto_created", "aircraft_id": 2, "manufacturer": "Airbus", "model_name": "Airbus A320-200", "source": "DUMMY"}
{"timestamp": "2026-05-06T14:36:10.990881Z", "event": "model_auto_created", "aircraft_id": 1, "manufacturer": "Boeing", "model_name": "Boeing 999", "source": "DUMMY"}
{"timestamp": "2026-05-06T14:36:11.092563Z", "event": "model_auto_created", "aircraft_id": 1, "manufacturer": "Boeing", "model_name": "Boeing 999", "source": "DUMMY"}
{"timestamp": "2026-05-06T14:42:53.521905Z", "event": "model_auto_created", "aircraft_id": 1, "manufacturer": "Boeing", "model_name": "Boeing 737-800", "source": "BACKFILL"}
{"timestamp": "2026-05-06T14:42:54.095616Z", "event": "model_auto_created", "aircraft_id": 1, "manufacturer": "Boeing", "model_name": "Boeing 737", "source": "FAA_SDR"}
{"timestamp": "2026-05-06T14:42:54.139664Z", "event": "model_auto_created", "aircraft_id": 1, "manufacturer": "Boeing", "model_name": "Boeing 737", "source": "FAA_SDR"}
{"timestamp": "2026-05-06T14:42:55.881474Z", "event": "model_auto_created", "aircraft_id": 1, "manufacturer": "Boeing", "model_name": "Boeing 737-800", "source": "DUMMY"}
{"timestamp": "2026-05-06T14:42:55.882415Z", "event": "model_auto_created", "aircraft_id": 2, "manufacturer": "Airbus", "model_name": "Airbus A320-200", "source": "DUMMY"}
{"timestamp": "2026-05-06T14:42:55.902324Z", "event": "model_auto_created", "aircraft_id": 1, "manufacturer": "Boeing", "model_name": "Boeing 737-800", "source": "DUMMY"}
{"timestamp": "2026-05-06T14:42:55.903128Z", "event": "model_auto_created", "aircraft_id": 2, "manufacturer": "Airbus", "model_name": "Airbus A320-200", "source": "DUMMY"}
{"timestamp": "2026-05-06T14:42:55.920961Z", "event": "model_auto_created", "aircraft_id": 1, "manufacturer": "Boeing", "model_name": "Boeing 737-800", "source": "DUMMY"}
{"timestamp": "2026-05-06T14:42:55.922085Z", "event": "model_auto_created", "aircraft_id": 2, "manufacturer": "Airbus", "model_name": "Airbus A320-200", "source": "DUMMY"}
{"timestamp": "2026-05-06T14:42:55.939779Z", "event": "model_auto_created", "aircraft_id": 1, "manufacturer": "Boeing", "model_name": "Boeing 737-800", "source": "DUMMY"}
{"timestamp": "2026-05-06T14:42:55.940606Z", "event": "model_auto_created", "aircraft_id": 2, "manufacturer": "Airbus", "model_name": "Airbus A320-200", "source": "DUMMY"}
{"timestamp": "2026-05-06T14:42:55.999537Z", "event": "model_auto_created", "aircraft_id": 1, "manufacturer": "Boeing", "model_name": "Boeing 999", "source": "DUMMY"}
{"timestamp": "2026-05-06T14:42:56.039540Z", "event": "model_auto_created", "aircraft_id": 1, "manufacturer": "Boeing", "model_name": "Boeing 999", "source": "DUMMY"}
{"timestamp": "2026-05-09T13:22:42.548342Z", "event": "model_auto_created", "aircraft_id": 1, "manufacturer": "Boeing", "model_name": "Boeing 737-800", "source": "BACKFILL"}
{"timestamp": "2026-05-09T13:22:43.128991Z", "event": "model_auto_created", "aircraft_id": 1, "manufacturer": "Boeing", "model_name": "Boeing 737", "source": "FAA_SDR"}
{"timestamp": "2026-05-09T13:22:43.174157Z", "event": "model_auto_created", "aircraft_id": 1, "manufacturer": "Boeing", "model_name": "Boeing 737", "source": "FAA_SDR"}
{"timestamp": "2026-05-09T13:22:44.618776Z", "event": "model_auto_created", "aircraft_id": 1, "manufacturer": "Boeing", "model_name": "Boeing 737-800", "source": "DUMMY"}
{"timestamp": "2026-05-09T13:22:44.619637Z", "event": "model_auto_created", "aircraft_id": 2, "manufacturer": "Airbus", "model_name": "Airbus A320-200", "source": "DUMMY"}
{"timestamp": "2026-05-09T13:22:44.639931Z", "event": "model_auto_created", "aircraft_id": 1, "manufacturer": "Boeing", "model_name": "Boeing 737-800", "source": "DUMMY"}
{"timestamp": "2026-05-09T13:22:44.640787Z", "event": "model_auto_created", "aircraft_id": 2, "manufacturer": "Airbus", "model_name": "Airbus A320-200", "source": "DUMMY"}
{"timestamp": "2026-05-09T13:22:44.660417Z", "event": "model_auto_created", "aircraft_id": 1, "manufacturer": "Boeing", "model_name": "Boeing 737-800", "source": "DUMMY"}
{"timestamp": "2026-05-09T13:22:44.661208Z", "event": "model_auto_created", "aircraft_id": 2, "manufacturer": "Airbus", "model_name": "Airbus A320-200", "source": "DUMMY"}
{"timestamp": "2026-05-09T13:22:44.679223Z", "event": "model_auto_created", "aircraft_id": 1, "manufacturer": "Boeing", "model_name": "Boeing 737-800", "source": "DUMMY"}
{"timestamp": "2026-05-09T13:22:44.679991Z", "event": "model_auto_created", "aircraft_id": 2, "manufacturer": "Airbus", "model_name": "Airbus A320-200", "source": "DUMMY"}
{"timestamp": "2026-05-09T13:22:44.737507Z", "event": "model_auto_created", "aircraft_id": 1, "manufacturer": "Boeing", "model_name": "Boeing 999", "source": "DUMMY"}
{"timestamp": "2026-05-09T13:22:44.779053Z", "event": "model_auto_created", "aircraft_id": 1, "manufacturer": "Boeing", "model_name": "Boeing 999", "source": "DUMMY"}
{"timestamp": "2026-05-09T13:28:25.913108Z", "event": "model_auto_created", "aircraft_id": 1, "manufacturer": "Boeing", "model_name": "Boeing 737-800", "source": "BACKFILL"}
{"timestamp": "2026-05-09T13:28:26.502355Z", "event": "model_auto_created", "aircraft_id": 1, "manufacturer": "Boeing", "model_name": "Boeing 737", "source": "FAA_SDR"}
{"timestamp": "2026-05-09T13:28:26.546942Z", "event": "model_auto_created", "aircraft_id": 1, "manufacturer": "Boeing", "model_name": "Boeing 737", "source": "FAA_SDR"}
{"timestamp": "2026-05-09T13:28:28.604366Z", "event": "model_auto_created", "aircraft_id": 1, "manufacturer": "Boeing", "model_name": "Boeing 737-800", "source": "DUMMY"}
{"timestamp": "2026-05-09T13:28:28.605230Z", "event": "model_auto_created", "aircraft_id": 2, "manufacturer": "Airbus", "model_name": "Airbus A320-200", "source": "DUMMY"}
{"timestamp": "2026-05-09T13:28:28.625795Z", "event": "model_auto_created", "aircraft_id": 1, "manufacturer": "Boeing", "model_name": "Boeing 737-800", "source": "DUMMY"}
{"timestamp": "2026-05-09T13:28:28.626686Z", "event": "model_auto_created", "aircraft_id": 2, "manufacturer": "Airbus", "model_name": "Airbus A320-200", "source": "DUMMY"}
{"timestamp": "2026-05-09T13:28:28.645308Z", "event": "model_auto_created", "aircraft_id": 1, "manufacturer": "Boeing", "model_name": "Boeing 737-800", "source": "DUMMY"}
{"timestamp": "2026-05-09T13:28:28.646117Z", "event": "model_auto_created", "aircraft_id": 2, "manufacturer": "Airbus", "model_name": "Airbus A320-200", "source": "DUMMY"}
{"timestamp": "2026-05-09T13:28:28.666112Z", "event": "model_auto_created", "aircraft_id": 1, "manufacturer": "Boeing", "model_name": "Boeing 737-800", "source": "DUMMY"}
{"timestamp": "2026-05-09T13:28:28.667168Z", "event": "model_auto_created", "aircraft_id": 2, "manufacturer": "Airbus", "model_name": "Airbus A320-200", "source": "DUMMY"}
{"timestamp": "2026-05-09T13:28:28.724497Z", "event": "model_auto_created", "aircraft_id": 1, "manufacturer": "Boeing", "model_name": "Boeing 999", "source": "DUMMY"}
{"timestamp": "2026-05-09T13:28:28.765738Z", "event": "model_auto_created", "aircraft_id": 1, "manufacturer": "Boeing", "model_name": "Boeing 999", "source": "DUMMY"}
{"timestamp": "2026-05-09T13:46:28.854268Z", "event": "model_auto_created", "aircraft_id": 1, "manufacturer": "Boeing", "model_name": "Boeing 737-800", "source": "BACKFILL"}
{"timestamp": "2026-05-09T13:46:29.447021Z", "event": "model_auto_created", "aircraft_id": 1, "manufacturer": "Boeing", "model_name": "Boeing 737", "source": "FAA_SDR"}
{"timestamp": "2026-05-09T13:46:29.511525Z", "event": "model_auto_created", "aircraft_id": 1, "manufacturer": "Boeing", "model_name": "Boeing 737", "source": "FAA_SDR"}
{"timestamp": "2026-05-09T13:46:31.293450Z", "event": "model_auto_created", "aircraft_id": 1, "manufacturer": "Boeing", "model_name": "Boeing 737-800", "source": "DUMMY"}
{"timestamp": "2026-05-09T13:46:31.294373Z", "event": "model_auto_created", "aircraft_id": 2, "manufacturer": "Airbus", "model_name": "Airbus A320-200", "source": "DUMMY"}
{"timestamp": "2026-05-09T13:46:31.315229Z", "event": "model_auto_created", "aircraft_id": 1, "manufacturer": "Boeing", "model_name": "Boeing 737-800", "source": "DUMMY"}
{"timestamp": "2026-05-09T13:46:31.316230Z", "event": "model_auto_created", "aircraft_id": 2, "manufacturer": "Airbus", "model_name": "Airbus A320-200", "source": "DUMMY"}
{"timestamp": "2026-05-09T13:46:31.334625Z", "event": "model_auto_created", "aircraft_id": 1, "manufacturer": "Boeing", "model_name": "Boeing 737-800", "source": "DUMMY"}
{"timestamp": "2026-05-09T13:46:31.335424Z", "event": "model_auto_created", "aircraft_id": 2, "manufacturer": "Airbus", "model_name": "Airbus A320-200", "source": "DUMMY"}
{"timestamp": "2026-05-09T13:46:31.358725Z", "event": "model_auto_created", "aircraft_id": 1, "manufacturer": "Boeing", "model_name": "Boeing 737-800", "source": "DUMMY"}
{"timestamp": "2026-05-09T13:46:31.360048Z", "event": "model_auto_created", "aircraft_id": 2, "manufacturer": "Airbus", "model_name": "Airbus A320-200", "source": "DUMMY"}
{"timestamp": "2026-05-09T13:46:31.429183Z", "event": "model_auto_created", "aircraft_id": 1, "manufacturer": "Boeing", "model_name": "Boeing 999", "source": "DUMMY"}
{"timestamp": "2026-05-09T13:46:31.476749Z", "event": "model_auto_created", "aircraft_id": 1, "manufacturer": "Boeing", "model_name": "Boeing 999", "source": "DUMMY"}
{"timestamp": "2026-05-09T13:55:51.157475Z", "event": "model_auto_created", "aircraft_id": 1, "manufacturer": "Boeing", "model_name": "Boeing 737-800", "source": "BACKFILL"}
{"timestamp": "2026-05-09T13:55:51.737573Z", "event": "model_auto_created", "aircraft_id": 1, "manufacturer": "Boeing", "model_name": "Boeing 737", "source": "FAA_SDR"}
{"timestamp": "2026-05-09T13:55:51.781453Z", "event": "model_auto_created", "aircraft_id": 1, "manufacturer": "Boeing", "model_name": "Boeing 737", "source": "FAA_SDR"}
{"timestamp": "2026-05-09T13:55:53.806341Z", "event": "model_auto_created", "aircraft_id": 1, "manufacturer": "Boeing", "model_name": "Boeing 737-800", "source": "DUMMY"}
{"timestamp": "2026-05-09T13:55:53.807359Z", "event": "model_auto_created", "aircraft_id": 2, "manufacturer": "Airbus", "model_name": "Airbus A320-200", "source": "DUMMY"}
{"timestamp": "2026-05-09T13:55:53.827015Z", "event": "model_auto_created", "aircraft_id": 1, "manufacturer": "Boeing", "model_name": "Boeing 737-800", "source": "DUMMY"}
{"timestamp": "2026-05-09T13:55:53.827919Z", "event": "model_auto_created", "aircraft_id": 2, "manufacturer": "Airbus", "model_name": "Airbus A320-200", "source": "DUMMY"}
{"timestamp": "2026-05-09T13:55:53.845998Z", "event": "model_auto_created", "aircraft_id": 1, "manufacturer": "Boeing", "model_name": "Boeing 737-800", "source": "DUMMY"}
{"timestamp": "2026-05-09T13:55:53.846790Z", "event": "model_auto_created", "aircraft_id": 2, "manufacturer": "Airbus", "model_name": "Airbus A320-200", "source": "DUMMY"}
{"timestamp": "2026-05-09T13:55:53.865100Z", "event": "model_auto_created", "aircraft_id": 1, "manufacturer": "Boeing", "model_name": "Boeing 737-800", "source": "DUMMY"}
{"timestamp": "2026-05-09T13:55:53.865931Z", "event": "model_auto_created", "aircraft_id": 2, "manufacturer": "Airbus", "model_name": "Airbus A320-200", "source": "DUMMY"}
{"timestamp": "2026-05-09T13:55:53.924862Z", "event": "model_auto_created", "aircraft_id": 1, "manufacturer": "Boeing", "model_name": "Boeing 999", "source": "DUMMY"}
{"timestamp": "2026-05-09T13:55:53.966453Z", "event": "model_auto_created", "aircraft_id": 1, "manufacturer": "Boeing", "model_name": "Boeing 999", "source": "DUMMY"}
{"timestamp": "2026-05-24T05:41:50.359455Z", "event": "model_auto_created", "aircraft_id": 825, "manufacturer": "Boeing", "model_name": "Boeing 7372T4", "source": "FAA_AIDS"}
{"timestamp": "2026-05-24T05:41:50.362172Z", "event": "model_auto_created", "aircraft_id": 826, "manufacturer": "Boeing", "model_name": "Boeing 7272M7", "source": "FAA_AIDS"}
{"timestamp": "2026-05-24T05:41:50.363945Z", "event": "model_auto_created", "aircraft_id": 827, "manufacturer": "Boeing", "model_name": "Boeing 747Sp21", "source": "FAA_AIDS"}
{"timestamp": "2026-05-24T05:41:50.365213Z", "event": "model_auto_created", "aircraft_id": 828, "manufacturer": "Boeing", "model_name": "Boeing 7272S2F", "source": "FAA_AIDS"}
{"timestamp": "2026-05-24T05:41:50.366612Z", "event": "model_auto_created", "aircraft_id": 829, "manufacturer": "Boeing", "model_name": "Boeing 727247", "source": "FAA_AIDS"}
{"timestamp": "2026-05-24T05:41:50.368249Z", "event": "model_auto_created", "aircraft_id": 830, "manufacturer": "Boeing", "model_name": "Boeing 72727C", "source": "FAA_AIDS"}
{"timestamp": "2026-05-24T05:41:50.369498Z", "event": "model_auto_created", "aircraft_id": 831, "manufacturer": "Boeing", "model_name": "Boeing 737201", "source": "FAA_AIDS"}
{"timestamp": "2026-05-24T05:41:50.370675Z", "event": "model_auto_created", "aircraft_id": 832, "manufacturer": "Boeing", "model_name": "Boeing 747123", "source": "FAA_AIDS"}
{"timestamp": "2026-05-24T05:41:50.371852Z", "event": "model_auto_created", "aircraft_id": 833, "manufacturer": "Boeing", "model_name": "Boeing 727243", "source": "FAA_AIDS"}
{"timestamp": "2026-05-24T05:41:50.373611Z", "event": "model_auto_created", "aircraft_id": 834, "manufacturer": "Boeing", "model_name": "Boeing 727223", "source": "FAA_AIDS"}
{"timestamp": "2026-05-24T05:41:50.374749Z", "event": "model_auto_created", "aircraft_id": 835, "manufacturer": "Boeing", "model_name": "Boeing 727231", "source": "FAA_AIDS"}
{"timestamp": "2026-05-24T05:41:50.375856Z", "event": "model_auto_created", "aircraft_id": 836, "manufacturer": "Boeing", "model_name": "Boeing 727222", "source": "FAA_AIDS"}
{"timestamp": "2026-05-24T05:41:50.377972Z", "event": "model_auto_created", "aircraft_id": 837, "manufacturer": "Boeing", "model_name": "Boeing 727224", "source": "FAA_AIDS"}
{"timestamp": "2026-05-24T05:41:50.379840Z", "event": "model_auto_created", "aircraft_id": 838, "manufacturer": "Boeing", "model_name": "Boeing 747122", "source": "FAA_AIDS"}
{"timestamp": "2026-05-24T05:41:50.382030Z", "event": "model_auto_created", "aircraft_id": 839, "manufacturer": "Boeing", "model_name": "Boeing 72730C", "source": "FAA_AIDS"}
{"timestamp": "2026-05-24T05:41:50.385350Z", "event": "model_auto_created", "aircraft_id": 840, "manufacturer": "Boeing", "model_name": "Boeing 727232", "source": "FAA_AIDS"}
{"timestamp": "2026-05-24T05:41:50.387975Z", "event": "model_auto_created", "aircraft_id": 841, "manufacturer": "Boeing", "model_name": "Boeing 727227", "source": "FAA_AIDS"}
{"timestamp": "2026-05-24T05:41:50.389268Z", "event": "model_auto_created", "aircraft_id": 842, "manufacturer": "Boeing", "model_name": "Boeing 727251", "source": "FAA_AIDS"}
{"timestamp": "2026-05-24T05:41:50.391867Z", "event": "model_auto_created", "aircraft_id": 843, "manufacturer": "Boeing", "model_name": "Boeing 727200", "source": "FAA_AIDS"}
{"timestamp": "2026-05-24T05:41:50.394879Z", "event": "model_auto_created", "aircraft_id": 844, "manufacturer": "Boeing", "model_name": "Boeing 767223", "source": "FAA_AIDS"}
{"timestamp": "2026-05-24T05:41:50.397230Z", "event": "model_auto_created", "aircraft_id": 845, "manufacturer": "Boeing", "model_name": "Boeing 767222", "source": "FAA_AIDS"}
{"timestamp": "2026-05-24T05:41:50.399592Z", "event": "model_auto_created", "aircraft_id": 846, "manufacturer": "Boeing", "model_name": "Boeing 737297", "source": "FAA_AIDS"}
{"timestamp": "2026-05-24T05:41:50.401225Z", "event": "model_auto_created", "aircraft_id": 847, "manufacturer": "Boeing", "model_name": "Boeing 757232", "source": "FAA_AIDS"}
{"timestamp": "2026-05-24T05:41:50.403165Z", "event": "model_auto_created", "aircraft_id": 848, "manufacturer": "Boeing", "model_name": "Boeing 727225", "source": "FAA_AIDS"}
{"timestamp": "2026-05-24T05:41:50.404820Z", "event": "model_auto_created", "aircraft_id": 849, "manufacturer": "Boeing", "model_name": "Boeing 747Sp09", "source": "FAA_AIDS"}
{"timestamp": "2026-05-24T05:41:50.406864Z", "event": "model_auto_created", "aircraft_id": 850, "manufacturer": "Boeing", "model_name": "Boeing 737130", "source": "FAA_AIDS"}
{"timestamp": "2026-05-24T05:41:50.410287Z", "event": "model_auto_created", "aircraft_id": 851, "manufacturer": "Boeing", "model_name": "Boeing 7372H4", "source": "FAA_AIDS"}
{"timestamp": "2026-05-24T05:41:50.412056Z", "event": "model_auto_created", "aircraft_id": 852, "manufacturer": "Boeing", "model_name": "Boeing 72795", "source": "FAA_AIDS"}
{"timestamp": "2026-05-24T05:41:50.413232Z", "event": "model_auto_created", "aircraft_id": 853, "manufacturer": "Boeing", "model_name": "Boeing 727123", "source": "FAA_AIDS"}
{"timestamp": "2026-05-24T05:41:50.414473Z", "event": "model_auto_created", "aircraft_id": 854, "manufacturer": "Boeing", "model_name": "Boeing 7373A4", "source": "FAA_AIDS"}
{"timestamp": "2026-05-24T05:41:50.417472Z", "event": "model_auto_created", "aircraft_id": 855, "manufacturer": "Boeing", "model_name": "Boeing 72762C", "source": "FAA_AIDS"}
{"timestamp": "2026-05-24T05:41:50.419809Z", "event": "model_auto_created", "aircraft_id": 856, "manufacturer": "Boeing", "model_name": "Boeing 737247", "source": "FAA_AIDS"}
{"timestamp": "2026-05-24T05:41:50.422402Z", "event": "model_auto_created", "aircraft_id": 857, "manufacturer": "Boeing", "model_name": "Boeing 727228", "source": "FAA_AIDS"}
{"timestamp": "2026-05-24T05:41:50.424750Z", "event": "model_auto_created", "aircraft_id": 858, "manufacturer": "Boeing", "model_name": "Boeing 72722C", "source": "FAA_AIDS"}
{"timestamp": "2026-05-24T05:41:50.425907Z", "event": "model_auto_created", "aircraft_id": 859, "manufacturer": "Boeing", "model_name": "Boeing 737281", "source": "FAA_AIDS"}
{"timestamp": "2026-05-24T05:41:50.429141Z", "event": "model_auto_created", "aircraft_id": 860, "manufacturer": "Boeing", "model_name": "Boeing 737222", "source": "FAA_AIDS"}
{"timestamp": "2026-05-24T05:41:50.430425Z", "event": "model_auto_created", "aircraft_id": 861, "manufacturer": "Boeing", "model_name": "Boeing 727281", "source": "FAA_AIDS"}
{"timestamp": "2026-05-24T05:41:50.432288Z", "event": "model_auto_created", "aircraft_id": 862, "manufacturer": "Boeing", "model_name": "Boeing 727214", "source": "FAA_AIDS"}
{"timestamp": "2026-05-24T05:41:50.436197Z", "event": "model_auto_created", "aircraft_id": 863, "manufacturer": "Boeing", "model_name": "Boeing 72751", "source": "FAA_AIDS"}
{"timestamp": "2026-05-24T05:41:50.439355Z", "event": "model_auto_created", "aircraft_id": 864, "manufacturer": "Boeing", "model_name": "Boeing 747251B", "source": "FAA_AIDS"}
{"timestamp": "2026-05-24T05:41:50.442173Z", "event": "model_auto_created", "aircraft_id": 865, "manufacturer": "Boeing", "model_name": "Boeing 767231", "source": "FAA_AIDS"}
{"timestamp": "2026-05-24T05:41:50.444515Z", "event": "model_auto_created", "aircraft_id": 866, "manufacturer": "Boeing", "model_name": "Boeing 747131", "source": "FAA_AIDS"}
{"timestamp": "2026-05-24T05:41:50.446325Z", "event": "model_auto_created", "aircraft_id": 867, "manufacturer": "Boeing", "model_name": "Boeing 747127", "source": "FAA_AIDS"}
{"timestamp": "2026-05-24T05:41:50.451780Z", "event": "model_auto_created", "aircraft_id": 868, "manufacturer": "Airbus", "model_name": "Airbus A300B2K3C", "source": "FAA_AIDS"}
{"timestamp": "2026-05-24T05:41:50.456177Z", "event": "model_auto_created", "aircraft_id": 869, "manufacturer": "Boeing", "model_name": "Boeing 747132", "source": "FAA_AIDS"}
{"timestamp": "2026-05-24T05:41:50.458379Z", "event": "model_auto_created", "aircraft_id": 870, "manufacturer": "Boeing", "model_name": "Boeing 7372Q8C", "source": "FAA_AIDS"}
{"timestamp": "2026-05-24T05:41:50.460149Z", "event": "model_auto_created", "aircraft_id": 871, "manufacturer": "Airbus", "model_name": "Airbus A300B42C", "source": "FAA_AIDS"}
{"timestamp": "2026-05-24T05:41:50.461784Z", "event": "model_auto_created", "aircraft_id": 872, "manufacturer": "Boeing", "model_name": "Boeing 72731", "source": "FAA_AIDS"}
{"timestamp": "2026-05-24T05:41:50.463260Z", "event": "model_auto_created", "aircraft_id": 873, "manufacturer": "Boeing", "model_name": "Boeing 727235", "source": "FAA_AIDS"}
{"timestamp": "2026-05-24T05:41:50.464388Z", "event": "model_auto_created", "aircraft_id": 874, "manufacturer": "Boeing", "model_name": "Boeing 747151", "source": "FAA_AIDS"}
{"timestamp": "2026-05-24T05:41:50.472474Z", "event": "model_auto_created", "aircraft_id": 875, "manufacturer": "Boeing", "model_name": "Boeing 757225", "source": "FAA_AIDS"}
{"timestamp": "2026-05-24T05:41:50.480394Z", "event": "model_auto_created", "aircraft_id": 876, "manufacturer": "Boeing", "model_name": "Boeing 707399C", "source": "FAA_AIDS"}
{"timestamp": "2026-05-24T05:41:50.482173Z", "event": "model_auto_created", "aircraft_id": 877, "manufacturer": "Boeing", "model_name": "Boeing 7373H4", "source": "FAA_AIDS"}
{"timestamp": "2026-05-24T05:41:50.484087Z", "event": "model_auto_created", "aircraft_id": 878, "manufacturer": "Boeing", "model_name": "Boeing 737212", "source": "FAA_AIDS"}
{"timestamp": "2026-05-24T05:41:50.487470Z", "event": "model_auto_created", "aircraft_id": 879, "manufacturer": "Boeing", "model_name": "Boeing 737200", "source": "FAA_AIDS"}
{"timestamp": "2026-05-24T05:41:50.490057Z", "event": "model_auto_created", "aircraft_id": 880, "manufacturer": "Boeing", "model_name": "Boeing 707331B", "source": "FAA_AIDS"}
{"timestamp": "2026-05-24T05:41:50.492804Z", "event": "model_auto_created", "aircraft_id": 881, "manufacturer": "Boeing", "model_name": "Boeing 727100", "source": "FAA_AIDS"}
{"timestamp": "2026-05-24T05:41:50.497881Z", "event": "model_auto_created", "aircraft_id": 882, "manufacturer": "Boeing", "model_name": "Boeing 72735", "source": "FAA_AIDS"}
{"timestamp": "2026-05-24T05:41:50.499333Z", "event": "model_auto_created", "aircraft_id": 883, "manufacturer": "Boeing", "model_name": "Boeing 707351C", "source": "FAA_AIDS"}
{"timestamp": "2026-05-24T05:41:50.503307Z", "event": "model_auto_created", "aircraft_id": 884, "manufacturer": "Boeing", "model_name": "Boeing 747130", "source": "FAA_AIDS"}
{"timestamp": "2026-05-24T05:41:50.506229Z", "event": "model_auto_created", "aircraft_id": 885, "manufacturer": "Boeing", "model_name": "Boeing 737291", "source": "FAA_AIDS"}
{"timestamp": "2026-05-24T05:41:50.512344Z", "event": "model_auto_created", "aircraft_id": 886, "manufacturer": "Airbus", "model_name": "Airbus A300B4203", "source": "FAA_AIDS"}
{"timestamp": "2026-05-24T05:41:50.513559Z", "event": "model_auto_created", "aircraft_id": 887, "manufacturer": "Boeing", "model_name": "Boeing 727264", "source": "FAA_AIDS"}
{"timestamp": "2026-05-24T05:41:50.515247Z", "event": "model_auto_created", "aircraft_id": 888, "manufacturer": "Boeing", "model_name": "Boeing 747228B", "source": "FAA_AIDS"}
{"timestamp": "2026-05-24T05:41:50.516631Z", "event": "model_auto_created", "aircraft_id": 889, "manufacturer": "Boeing", "model_name": "Boeing 7372A6", "source": "FAA_AIDS"}
{"timestamp": "2026-05-24T05:41:50.523982Z", "event": "model_auto_created", "aircraft_id": 890, "manufacturer": "Boeing", "model_name": "Boeing 72744", "source": "FAA_AIDS"}
{"timestamp": "2026-05-24T05:41:50.527351Z", "event": "model_auto_created", "aircraft_id": 891, "manufacturer": "Boeing", "model_name": "Boeing 747249F", "source": "FAA_AIDS"}
{"timestamp": "2026-05-24T05:41:50.529360Z", "event": "model_auto_created", "aircraft_id": 892, "manufacturer": "Boeing", "model_name": "Boeing 7372X6C", "source": "FAA_AIDS"}
{"timestamp": "2026-05-24T05:41:50.535017Z", "event": "model_auto_created", "aircraft_id": 893, "manufacturer": "Boeing", "model_name": "Boeing 747200F", "source": "FAA_AIDS"}
{"timestamp": "2026-05-24T05:41:50.538751Z", "event": "model_auto_created", "aircraft_id": 894, "manufacturer": "Boeing", "model_name": "Boeing 747282B", "source": "FAA_AIDS"}
{"timestamp": "2026-05-24T05:41:50.542377Z", "event": "model_auto_created", "aircraft_id": 895, "manufacturer": "Boeing", "model_name": "Boeing 7372B7", "source": "FAA_AIDS"}
{"timestamp": "2026-05-24T05:41:50.545003Z", "event": "model_auto_created", "aircraft_id": 896, "manufacturer": "Boeing", "model_name": "Boeing 727277", "source": "FAA_AIDS"}
{"timestamp": "2026-05-24T05:41:50.546298Z", "event": "model_auto_created", "aircraft_id": 897, "manufacturer": "Boeing", "model_name": "Boeing 707321B", "source": "FAA_AIDS"}
{"timestamp": "2026-05-24T05:41:50.548574Z", "event": "model_auto_created", "aircraft_id": 898, "manufacturer": "Boeing", "model_name": "Boeing 737284", "source": "FAA_AIDS"}
{"timestamp": "2026-05-24T05:41:50.552246Z", "event": "model_auto_created", "aircraft_id": 899, "manufacturer": "Boeing", "model_name": "Boeing 7272S7", "source": "FAA_AIDS"}
{"timestamp": "2026-05-24T05:41:50.553529Z", "event": "model_auto_created", "aircraft_id": 900, "manufacturer": "Boeing", "model_name": "Boeing 72751C", "source": "FAA_AIDS"}
{"timestamp": "2026-05-24T05:41:50.558420Z", "event": "model_auto_created", "aircraft_id": 901, "manufacturer": "Boeing", "model_name": "Boeing 747121", "source": "FAA_AIDS"}
{"timestamp": "2026-05-24T05:41:50.566214Z", "event": "model_auto_created", "aircraft_id": 902, "manufacturer": "Airbus", "model_name": "Airbus A300B4103", "source": "FAA_AIDS"}
{"timestamp": "2026-05-24T05:41:50.570247Z", "event": "model_auto_created", "aircraft_id": 903, "manufacturer": "Boeing", "model_name": "Boeing 747136", "source": "FAA_AIDS"}
{"timestamp": "2026-05-24T05:41:50.572260Z", "event": "model_auto_created", "aircraft_id": 904, "manufacturer": "Boeing", "model_name": "Boeing 72776", "source": "FAA_AIDS"}
{"timestamp": "2026-05-24T05:41:50.574085Z", "event": "model_auto_created", "aircraft_id": 905, "manufacturer": "Boeing", "model_name": "Boeing 7272A1", "source": "FAA_AIDS"}
{"timestamp": "2026-05-24T05:41:50.575321Z", "event": "model_auto_created", "aircraft_id": 906, "manufacturer": "Boeing", "model_name": "Boeing 747251F", "source": "FAA_AIDS"}
{"timestamp": "2026-05-24T05:41:50.578341Z", "event": "model_auto_created", "aircraft_id": 907, "manufacturer": "Boeing", "model_name": "Boeing 707331C", "source": "FAA_AIDS"}
{"timestamp": "2026-05-24T05:41:50.591073Z", "event": "model_auto_created", "aircraft_id": 908, "manufacturer": "Boeing", "model_name": "Boeing 737293", "source": "FAA_AIDS"}
{"timestamp": "2026-05-24T05:41:50.593951Z", "event": "model_auto_created", "aircraft_id": 909, "manufacturer": "Boeing", "model_name": "Boeing 7372T2", "source": "FAA_AIDS"}
{"timestamp": "2026-05-24T05:41:50.605740Z", "event": "model_auto_created", "aircraft_id": 910, "manufacturer": "Boeing", "model_name": "Boeing 7372U9", "source": "FAA_AIDS"}
{"timestamp": "2026-05-24T05:41:50.608198Z", "event": "model_auto_created", "aircraft_id": 911, "manufacturer": "Boeing", "model_name": "Boeing 737347", "source": "FAA_AIDS"}
{"timestamp": "2026-05-24T05:41:50.612656Z", "event": "model_auto_created", "aircraft_id": 912, "manufacturer": "Boeing", "model_name": "Boeing 7373B7", "source": "FAA_AIDS"}
{"timestamp": "2026-05-24T05:41:50.614167Z", "event": "model_auto_created", "aircraft_id": 913, "manufacturer": "Boeing", "model_name": "Boeing 737230C", "source": "FAA_AIDS"}
{"timestamp": "2026-05-24T05:41:50.616597Z", "event": "model_auto_created", "aircraft_id": 914, "manufacturer": "Boeing", "model_name": "Boeing 727295", "source": "FAA_AIDS"}
{"timestamp": "2026-05-24T05:41:50.628489Z", "event": "model_auto_created", "aircraft_id": 915, "manufacturer": "Boeing", "model_name": "Boeing 707323C", "source": "FAA_AIDS"}
{"timestamp": "2026-05-24T05:41:50.630144Z", "event": "model_auto_created", "aircraft_id": 916, "manufacturer": "Boeing", "model_name": "Boeing 737204", "source": "FAA_AIDS"}
{"timestamp": "2026-05-24T05:41:50.641231Z", "event": "model_auto_created", "aircraft_id": 917, "manufacturer": "Boeing", "model_name": "Boeing 737275C", "source": "FAA_AIDS"}
{"timestamp": "2026-05-24T05:41:50.642590Z", "event": "model_auto_created", "aircraft_id": 918, "manufacturer": "Boeing", "model_name": "Boeing 737232", "source": "FAA_AIDS"}
{"timestamp": "2026-05-24T05:41:50.649977Z", "event": "model_auto_created", "aircraft_id": 919, "manufacturer": "Boeing", "model_name": "Boeing 737210C", "source": "FAA_AIDS"}
{"timestamp": "2026-05-24T05:41:50.651453Z", "event": "model_auto_created", "aircraft_id": 920, "manufacturer": "Boeing", "model_name": "Boeing 737301", "source": "FAA_AIDS"}
{"timestamp": "2026-05-24T05:41:50.666854Z", "event": "model_auto_created", "aircraft_id": 921, "manufacturer": "Boeing", "model_name": "Boeing 737244", "source": "FAA_AIDS"}
{"timestamp": "2026-05-24T05:41:50.673858Z", "event": "model_auto_created", "aircraft_id": 922, "manufacturer": "Boeing", "model_name": "Boeing 7373To", "source": "FAA_AIDS"}
{"timestamp": "2026-05-24T05:41:50.688180Z", "event": "model_auto_created", "aircraft_id": 923, "manufacturer": "Boeing", "model_name": "Boeing 747245F", "source": "FAA_AIDS"}
{"timestamp": "2026-05-24T05:41:50.690984Z", "event": "model_auto_created", "aircraft_id": 924, "manufacturer": "Boeing", "model_name": "Boeing 707320C", "source": "FAA_AIDS"}
{"timestamp": "2026-05-24T05:41:50.695791Z", "event": "model_auto_created", "aircraft_id": 925, "manufacturer": "Boeing", "model_name": "Boeing 727108", "source": "FAA_AIDS"}
{"timestamp": "2026-05-24T05:41:50.705574Z", "event": "model_auto_created", "aircraft_id": 926, "manufacturer": "Boeing", "model_name": "Boeing 737112", "source": "FAA_AIDS"}
{"timestamp": "2026-05-24T05:41:50.707790Z", "event": "model_auto_created", "aircraft_id": 927, "manufacturer": "Boeing", "model_name": "Boeing 737300", "source": "FAA_AIDS"}
{"timestamp": "2026-05-24T05:41:50.714806Z", "event": "model_auto_created", "aircraft_id": 928, "manufacturer": "Airbus", "model_name": "Airbus A310200", "source": "FAA_AIDS"}
{"timestamp": "2026-05-24T05:41:50.717615Z", "event": "model_auto_created", "aircraft_id": 929, "manufacturer": "Boeing", "model_name": "Boeing 72725C", "source": "FAA_AIDS"}
{"timestamp": "2026-05-24T05:41:50.718882Z", "event": "model_auto_created", "aircraft_id": 930, "manufacturer": "Boeing", "model_name": "Boeing 737290C", "source": "FAA_AIDS"}
{"timestamp": "2026-05-24T05:41:50.724949Z", "event": "model_auto_created", "aircraft_id": 931, "manufacturer": "Boeing", "model_name": "Boeing 727172C", "source": "FAA_AIDS"}
{"timestamp": "2026-05-24T05:41:50.726188Z", "event": "model_auto_created", "aircraft_id": 932, "manufacturer": "Boeing", "model_name": "Boeing 767232", "source": "FAA_AIDS"}
{"timestamp": "2026-05-24T05:41:50.757414Z", "event": "model_auto_created", "aircraft_id": 933, "manufacturer": "Boeing", "model_name": "Boeing 7372H5", "source": "FAA_AIDS"}
{"timestamp": "2026-05-24T05:41:50.766649Z", "event": "model_auto_created", "aircraft_id": 934, "manufacturer": "Boeing", "model_name": "Boeing 767200", "source": "FAA_AIDS"}
{"timestamp": "2026-05-24T05:41:50.777482Z", "event": "model_auto_created", "aircraft_id": 935, "manufacturer": "Boeing", "model_name": "Boeing 757251", "source": "FAA_AIDS"}
{"timestamp": "2026-05-24T05:41:50.778906Z", "event": "model_auto_created", "aircraft_id": 936, "manufacturer": "Boeing", "model_name": "Boeing 727212", "source": "FAA_AIDS"}
{"timestamp": "2026-05-24T05:41:50.780720Z", "event": "model_auto_created", "aircraft_id": 937, "manufacturer": "Boeing", "model_name": "Boeing 7272Q8", "source": "FAA_AIDS"}
{"timestamp": "2026-05-24T05:41:50.782917Z", "event": "model_auto_created", "aircraft_id": 938, "manufacturer": "Boeing", "model_name": "Boeing 72790C", "source": "FAA_AIDS"}
{"timestamp": "2026-05-24T05:41:50.784932Z", "event": "model_auto_created", "aircraft_id": 939, "manufacturer": "Boeing", "model_name": "Boeing 7272J7", "source": "FAA_AIDS"}
{"timestamp": "2026-05-24T05:41:50.797862Z", "event": "model_auto_created", "aircraft_id": 940, "manufacturer": "Boeing", "model_name": "Boeing 7372S5C", "source": "FAA_AIDS"}
{"timestamp": "2026-05-24T05:41:50.800266Z", "event": "model_auto_created", "aircraft_id": 941, "manufacturer": "Boeing", "model_name": "Boeing 747200B", "source": "FAA_AIDS"}
{"timestamp": "2026-05-24T05:41:50.809424Z", "event": "model_auto_created", "aircraft_id": 942, "manufacturer": "Boeing", "model_name": "Boeing 7272B7", "source": "FAA_AIDS"}
{"timestamp": "2026-05-24T05:41:50.825668Z", "event": "model_auto_created", "aircraft_id": 943, "manufacturer": "Boeing", "model_name": "Boeing 747238B", "source": "FAA_AIDS"}
{"timestamp": "2026-05-24T05:41:50.827959Z", "event": "model_auto_created", "aircraft_id": 944, "manufacturer": "Boeing", "model_name": "Boeing 757200", "source": "FAA_AIDS"}
{"timestamp": "2026-05-24T05:41:50.839065Z", "event": "model_auto_created", "aircraft_id": 945, "manufacturer": "Boeing", "model_name": "Boeing 747212B", "source": "FAA_AIDS"}
{"timestamp": "2026-05-24T05:41:50.855700Z", "event": "model_auto_created", "aircraft_id": 946, "manufacturer": "Boeing", "model_name": "Boeing 72724C", "source": "FAA_AIDS"}
{"timestamp": "2026-05-24T05:41:50.863630Z", "event": "model_auto_created", "aircraft_id": 947, "manufacturer": "Boeing", "model_name": "Boeing 73733A", "source": "FAA_AIDS"}
{"timestamp": "2026-05-24T05:41:50.870023Z", "event": "model_auto_created", "aircraft_id": 948, "manufacturer": "Boeing", "model_name": "Boeing 7372E3A", "source": "FAA_AIDS"}
{"timestamp": "2026-05-24T05:41:50.875854Z", "event": "model_auto_created", "aircraft_id": 949, "manufacturer": "Airbus", "model_name": "Airbus A310222", "source": "FAA_AIDS"}
{"timestamp": "2026-05-24T05:41:50.879593Z", "event": "model_auto_created", "aircraft_id": 950, "manufacturer": "Boeing", "model_name": "Boeing 727221", "source": "FAA_AIDS"}
{"timestamp": "2026-05-24T05:41:50.881784Z", "event": "model_auto_created", "aircraft_id": 951, "manufacturer": "Boeing", "model_name": "Boeing 747284B", "source": "FAA_AIDS"}
{"timestamp": "2026-05-24T05:41:50.884915Z", "event": "model_auto_created", "aircraft_id": 952, "manufacturer": "Boeing", "model_name": "Boeing 737277", "source": "FAA_AIDS"}
{"timestamp": "2026-05-24T05:41:50.888634Z", "event": "model_auto_created", "aircraft_id": 953, "manufacturer": "Airbus", "model_name": "Airbus A300B21A", "source": "FAA_AIDS"}
{"timestamp": "2026-05-24T05:41:50.897391Z", "event": "model_auto_created", "aircraft_id": 954, "manufacturer": "Boeing", "model_name": "Boeing 767332", "source": "FAA_AIDS"}
{"timestamp": "2026-05-24T05:41:50.907306Z", "event": "model_auto_created", "aircraft_id": 955, "manufacturer": "Boeing", "model_name": "Boeing 747227B", "source": "FAA_AIDS"}
{"timestamp": "2026-05-24T05:41:50.927964Z", "event": "model_auto_created", "aircraft_id": 956, "manufacturer": "Airbus", "model_name": "Airbus A310324", "source": "FAA_AIDS"}
{"timestamp": "2026-05-24T05:41:50.930520Z", "event": "model_auto_created", "aircraft_id": 957, "manufacturer": "Boeing", "model_name": "Boeing 737214", "source": "FAA_AIDS"}
{"timestamp": "2026-05-24T05:41:50.951864Z", "event": "model_auto_created", "aircraft_id": 958, "manufacturer": "Boeing", "model_name": "Boeing 7372J8", "source": "FAA_AIDS"}
{"timestamp": "2026-05-24T05:41:50.965312Z", "event": "model_auto_created", "aircraft_id": 959, "manufacturer": "Boeing", "model_name": "Boeing 75724Apf", "source": "FAA_AIDS"}
{"timestamp": "2026-05-24T05:41:50.969039Z", "event": "model_auto_created", "aircraft_id": 960, "manufacturer": "Boeing", "model_name": "Boeing 767201", "source": "FAA_AIDS"}
{"timestamp": "2026-05-24T05:41:50.989155Z", "event": "model_auto_created", "aircraft_id": 961, "manufacturer": "Boeing", "model_name": "Boeing 707321C", "source": "FAA_AIDS"}
{"timestamp": "2026-05-24T05:41:51.006711Z", "event": "model_auto_created", "aircraft_id": 962, "manufacturer": "Boeing", "model_name": "Boeing 727291", "source": "FAA_AIDS"}
{"timestamp": "2026-05-24T05:41:51.015163Z", "event": "model_auto_created", "aircraft_id": 963, "manufacturer": "Boeing", "model_name": "Boeing 7572S7", "source": "FAA_AIDS"}
{"timestamp": "2026-05-24T05:41:51.017881Z", "event": "model_auto_created", "aircraft_id": 964, "manufacturer": "Boeing", "model_name": "Boeing 737322", "source": "FAA_AIDS"}
{"timestamp": "2026-05-24T05:41:51.021729Z", "event": "model_auto_created", "aircraft_id": 965, "manufacturer": "Boeing", "model_name": "Boeing 737217", "source": "FAA_AIDS"}
{"timestamp": "2026-05-24T05:41:51.030857Z", "event": "model_auto_created", "aircraft_id": 966, "manufacturer": "Boeing", "model_name": "Boeing 707330C", "source": "FAA_AIDS"}
{"timestamp": "2026-05-24T05:41:51.036137Z", "event": "model_auto_created", "aircraft_id": 967, "manufacturer": "Boeing", "model_name": "Boeing 7472F6B", "source": "FAA_AIDS"}
{"timestamp": "2026-05-24T05:41:51.038890Z", "event": "model_auto_created", "aircraft_id": 968, "manufacturer": "Boeing", "model_name": "Boeing 707323B", "source": "FAA_AIDS"}
{"timestamp": "2026-05-24T05:41:51.063311Z", "event": "model_auto_created", "aircraft_id": 969, "manufacturer": "Boeing", "model_name": "Boeing 747143", "source": "FAA_AIDS"}
{"timestamp": "2026-05-24T05:41:51.065265Z", "event": "model_auto_created", "aircraft_id": 970, "manufacturer": "Boeing", "model_name": "Boeing 727230", "source": "FAA_AIDS"}
{"timestamp": "2026-05-24T05:41:51.073044Z", "event": "model_auto_created", "aircraft_id": 971, "manufacturer": "Boeing", "model_name": "Boeing 727290", "source": "FAA_AIDS"}
{"timestamp": "2026-05-24T05:41:51.076223Z", "event": "model_auto_created", "aircraft_id": 972, "manufacturer": "Boeing", "model_name": "Boeing 767205", "source": "FAA_AIDS"}
{"timestamp": "2026-05-24T05:41:51.139237Z", "event": "model_auto_created", "aircraft_id": 973, "manufacturer": "Boeing", "model_name": "Boeing 737202C", "source": "FAA_AIDS"}
{"timestamp": "2026-05-24T05:41:51.142503Z", "event": "model_auto_created", "aircraft_id": 974, "manufacturer": "Boeing", "model_name": "Boeing 73725A", "source": "FAA_AIDS"}
{"timestamp": "2026-05-24T05:41:51.144530Z", "event": "model_auto_created", "aircraft_id": 975, "manufacturer": "Boeing", "model_name": "Boeing 737287", "source": "FAA_AIDS"}
{"timestamp": "2026-05-24T05:41:51.156678Z", "event": "model_auto_created", "aircraft_id": 976, "manufacturer": "Boeing", "model_name": "Boeing 747Spj6", "source": "FAA_AIDS"}
{"timestamp": "2026-05-24T05:41:51.163267Z", "event": "model_auto_created", "aircraft_id": 977, "manufacturer": "Boeing", "model_name": "Boeing 7372A1", "source": "FAA_AIDS"}
{"timestamp": "2026-05-24T05:41:51.170403Z", "event": "model_auto_created", "aircraft_id": 978, "manufacturer": "Boeing", "model_name": "Boeing 7373G7", "source": "FAA_AIDS"}
{"timestamp": "2026-05-24T05:41:51.172353Z", "event": "model_auto_created", "aircraft_id": 979, "manufacturer": "Boeing", "model_name": "Boeing 707311C", "source": "FAA_AIDS"}
{"timestamp": "2026-05-24T05:41:51.174953Z", "event": "model_auto_created", "aircraft_id": 980, "manufacturer": "Airbus", "model_name": "Airbus A300B4605R", "source": "FAA_AIDS"}
{"timestamp": "2026-05-24T05:41:51.193671Z", "event": "model_auto_created", "aircraft_id": 981, "manufacturer": "Boeing", "model_name": "Boeing 767323", "source": "FAA_AIDS"}
{"timestamp": "2026-05-24T05:41:51.201215Z", "event": "model_auto_created", "aircraft_id": 982, "manufacturer": "Boeing", "model_name": "Boeing 707338C", "source": "FAA_AIDS"}
{"timestamp": "2026-05-24T05:41:51.214630Z", "event": "model_auto_created", "aircraft_id": 983, "manufacturer": "Boeing", "model_name": "Boeing 747273C", "source": "FAA_AIDS"}
{"timestamp": "2026-05-24T05:41:51.234227Z", "event": "model_auto_created", "aircraft_id": 984, "manufacturer": "Boeing", "model_name": "Boeing 7373T0", "source": "FAA_AIDS"}
{"timestamp": "2026-05-24T05:41:51.259674Z", "event": "model_auto_created", "aircraft_id": 985, "manufacturer": "Boeing", "model_name": "Boeing 747243B", "source": "FAA_AIDS"}
{"timestamp": "2026-05-24T05:41:51.267333Z", "event": "model_auto_created", "aircraft_id": 986, "manufacturer": "Boeing", "model_name": "Boeing 72792C", "source": "FAA_AIDS"}
{"timestamp": "2026-05-24T05:41:51.300798Z", "event": "model_auto_created", "aircraft_id": 987, "manufacturer": "Boeing", "model_name": "Boeing 7372Q9", "source": "FAA_AIDS"}
{"timestamp": "2026-05-24T05:41:51.305553Z", "event": "model_auto_created", "aircraft_id": 988, "manufacturer": "Boeing", "model_name": "Boeing 7372C0", "source": "FAA_AIDS"}
{"timestamp": "2026-05-24T05:41:51.315587Z", "event": "model_auto_created", "aircraft_id": 989, "manufacturer": "Boeing", "model_name": "Boeing 737401", "source": "FAA_AIDS"}
{"timestamp": "2026-05-24T05:41:51.322502Z", "event": "model_auto_created", "aircraft_id": 990, "manufacturer": "Boeing", "model_name": "Boeing 72731C", "source": "FAA_AIDS"}
{"timestamp": "2026-05-24T05:41:51.324286Z", "event": "model_auto_created", "aircraft_id": 991, "manufacturer": "Boeing", "model_name": "Boeing 7672S1", "source": "FAA_AIDS"}
{"timestamp": "2026-05-24T05:41:51.346562Z", "event": "model_auto_created", "aircraft_id": 992, "manufacturer": "Boeing", "model_name": "Boeing 747156", "source": "FAA_AIDS"}
{"timestamp": "2026-05-24T05:41:51.360242Z", "event": "model_auto_created", "aircraft_id": 993, "manufacturer": "Boeing", "model_name": "Boeing 727155C", "source": "FAA_AIDS"}
{"timestamp": "2026-05-24T05:41:51.376190Z", "event": "model_auto_created", "aircraft_id": 994, "manufacturer": "Boeing", "model_name": "Boeing 7272F9", "source": "FAA_AIDS"}
{"timestamp": "2026-05-24T05:41:51.384921Z", "event": "model_auto_created", "aircraft_id": 995, "manufacturer": "Boeing", "model_name": "Boeing 7373Q8", "source": "FAA_AIDS"}
{"timestamp": "2026-05-24T05:41:51.400413Z", "event": "model_auto_created", "aircraft_id": 996, "manufacturer": "Boeing", "model_name": "Boeing 707385C", "source": "FAA_AIDS"}
{"timestamp": "2026-05-24T05:41:51.403923Z", "event": "model_auto_created", "aircraft_id": 997, "manufacturer": "Boeing", "model_name": "Boeing 757223", "source": "FAA_AIDS"}
{"timestamp": "2026-05-24T05:41:51.417732Z", "event": "model_auto_created", "aircraft_id": 998, "manufacturer": "Boeing", "model_name": "Boeing 757222", "source": "FAA_AIDS"}
{"timestamp": "2026-05-24T05:41:51.420471Z", "event": "model_auto_created", "aircraft_id": 999, "manufacturer": "Boeing", "model_name": "Boeing 747283B", "source": "FAA_AIDS"}
{"timestamp": "2026-05-24T05:41:51.433776Z", "event": "model_auto_created", "aircraft_id": 1000, "manufacturer": "Boeing", "model_name": "Boeing 7372K9", "source": "FAA_AIDS"}
{"timestamp": "2026-05-24T05:41:51.459418Z", "event": "model_auto_created", "aircraft_id": 1001, "manufacturer": "Boeing", "model_name": "Boeing 727180C", "source": "FAA_AIDS"}
{"timestamp": "2026-05-24T05:41:51.471649Z", "event": "model_auto_created", "aircraft_id": 1002, "manufacturer": "Boeing", "model_name": "Boeing 707138B", "source": "FAA_AIDS"}
{"timestamp": "2026-05-24T05:41:51.497359Z", "event": "model_auto_created", "aircraft_id": 1003, "manufacturer": "Boeing", "model_name": "Boeing 747124", "source": "FAA_AIDS"}
{"timestamp": "2026-05-24T05:41:51.506214Z", "event": "model_auto_created", "aircraft_id": 1004, "manufacturer": "Boeing", "model_name": "Boeing 7375H4", "source": "FAA_AIDS"}
{"timestamp": "2026-05-24T05:41:51.511306Z", "event": "model_auto_created", "aircraft_id": 1005, "manufacturer": "Airbus", "model_name": "Airbus A320211", "source": "FAA_AIDS"}
{"timestamp": "2026-05-24T05:41:51.515621Z", "event": "model_auto_created", "aircraft_id": 1006, "manufacturer": "Boeing", "model_name": "Boeing 737219", "source": "FAA_AIDS"}
{"timestamp": "2026-05-24T05:41:51.520307Z", "event": "model_auto_created", "aircraft_id": 1007, "manufacturer": "Boeing", "model_name": "Boeing 757212", "source": "FAA_AIDS"}
{"timestamp": "2026-05-24T05:41:51.530066Z", "event": "model_auto_created", "aircraft_id": 1008, "manufacturer": "Airbus", "model_name": "Airbus A320231", "source": "FAA_AIDS"}
{"timestamp": "2026-05-24T05:41:51.556192Z", "event": "model_auto_created", "aircraft_id": 1009, "manufacturer": "Boeing", "model_name": "Boeing 747422", "source": "FAA_AIDS"}
{"timestamp": "2026-05-24T05:41:51.578030Z", "event": "model_auto_created", "aircraft_id": 1010, "manufacturer": "Boeing", "model_name": "Boeing 7374B7", "source": "FAA_AIDS"}
{"timestamp": "2026-05-24T05:41:51.583304Z", "event": "model_auto_created", "aircraft_id": 1011, "manufacturer": "Boeing", "model_name": "Boeing 747Sp27", "source": "FAA_AIDS"}
{"timestamp": "2026-05-24T05:41:51.631706Z", "event": "model_auto_created", "aircraft_id": 1012, "manufacturer": "Boeing", "model_name": "Boeing 747133", "source": "FAA_AIDS"}
{"timestamp": "2026-05-24T05:41:51.637987Z", "event": "model_auto_created", "aircraft_id": 1013, "manufacturer": "Boeing", "model_name": "Boeing 727233", "source": "FAA_AIDS"}
{"timestamp": "2026-05-24T05:41:51.651749Z", "event": "model_auto_created", "aircraft_id": 1014, "manufacturer": "Boeing", "model_name": "Boeing 727276", "source": "FAA_AIDS"}
{"timestamp": "2026-05-24T05:41:51.658835Z", "event": "model_auto_created", "aircraft_id": 1015, "manufacturer": "Boeing", "model_name": "Boeing 727151C", "source": "FAA_AIDS"}
{"timestamp": "2026-05-24T05:41:51.665084Z", "event": "model_auto_created", "aircraft_id": 1016, "manufacturer": "Boeing", "model_name": "Boeing 747230B", "source": "FAA_AIDS"}
{"timestamp": "2026-05-24T05:41:51.671191Z", "event": "model_auto_created", "aircraft_id": 1017, "manufacturer": "Boeing", "model_name": "Boeing 747206B", "source": "FAA_AIDS"}
{"timestamp": "2026-05-24T05:41:51.674088Z", "event": "model_auto_created", "aircraft_id": 1018, "manufacturer": "Boeing", "model_name": "Boeing 7372M6C", "source": "FAA_AIDS"}
{"timestamp": "2026-05-24T05:41:51.696293Z", "event": "model_auto_created", "aircraft_id": 1019, "manufacturer": "Boeing", "model_name": "Boeing 727254", "source": "FAA_AIDS"}
{"timestamp": "2026-05-24T05:41:51.707334Z", "event": "model_auto_created", "aircraft_id": 1020, "manufacturer": "Boeing", "model_name": "Boeing 737522", "source": "FAA_AIDS"}
{"timestamp": "2026-05-24T05:41:51.717496Z", "event": "model_auto_created", "aircraft_id": 1021, "manufacturer": "Boeing", "model_name": "Boeing 7372S2C", "source": "FAA_AIDS"}
{"timestamp": "2026-05-24T05:41:51.737017Z", "event": "model_auto_created", "aircraft_id": 1022, "manufacturer": "Boeing", "model_name": "Boeing 707123B", "source": "FAA_AIDS"}
{"timestamp": "2026-05-24T05:41:51.746449Z", "event": "model_auto_created", "aircraft_id": 1023, "manufacturer": "Boeing", "model_name": "Boeing 747451", "source": "FAA_AIDS"}
{"timestamp": "2026-05-24T05:41:51.761182Z", "event": "model_auto_created", "aircraft_id": 1024, "manufacturer": "Boeing", "model_name": "Boeing 747300", "source": "FAA_AIDS"}
{"timestamp": "2026-05-24T05:41:51.762738Z", "event": "model_auto_created", "aircraft_id": 1025, "manufacturer": "Boeing", "model_name": "Boeing 727191", "source": "FAA_AIDS"}
{"timestamp": "2026-05-24T05:41:51.778008Z", "event": "model_auto_created", "aircraft_id": 1026, "manufacturer": "Boeing", "model_name": "Boeing 72761", "source": "FAA_AIDS"}
{"timestamp": "2026-05-24T05:41:51.782828Z", "event": "model_auto_created", "aircraft_id": 1027, "manufacturer": "Boeing", "model_name": "Boeing 7373S3", "source": "FAA_AIDS"}
{"timestamp": "2026-05-24T05:41:51.784788Z", "event": "model_auto_created", "aircraft_id": 1028, "manufacturer": "Boeing", "model_name": "Boeing 767322Er", "source": "FAA_AIDS"}
{"timestamp": "2026-05-24T05:41:51.791008Z", "event": "model_auto_created", "aircraft_id": 1029, "manufacturer": "Boeing", "model_name": "Boeing 727173C", "source": "FAA_AIDS"}
{"timestamp": "2026-05-24T05:41:51.799456Z", "event": "model_auto_created", "aircraft_id": 1030, "manufacturer": "Boeing", "model_name": "Boeing 75723Apf", "source": "FAA_AIDS"}
{"timestamp": "2026-05-24T05:41:51.802301Z", "event": "model_auto_created", "aircraft_id": 1031, "manufacturer": "Boeing", "model_name": "Boeing 737353", "source": "FAA_AIDS"}
{"timestamp": "2026-05-24T05:41:51.860210Z", "event": "model_auto_created", "aircraft_id": 1032, "manufacturer": "Boeing", "model_name": "Boeing 707324C", "source": "FAA_AIDS"}
{"timestamp": "2026-05-24T05:41:52.013965Z", "event": "model_auto_created", "aircraft_id": 1033, "manufacturer": "Boeing", "model_name": "Boeing 747368", "source": "FAA_AIDS"}
{"timestamp": "2026-05-24T05:41:52.017845Z", "event": "model_auto_created", "aircraft_id": 1034, "manufacturer": "Boeing", "model_name": "Boeing 1072", "source": "FAA_AIDS"}
{"timestamp": "2026-05-24T05:41:52.049509Z", "event": "model_auto_created", "aircraft_id": 1035, "manufacturer": "Boeing", "model_name": "Boeing 747Sr46", "source": "FAA_AIDS"}
{"timestamp": "2026-05-24T05:41:52.052590Z", "event": "model_auto_created", "aircraft_id": 1036, "manufacturer": "Boeing", "model_name": "Boeing 747146", "source": "FAA_AIDS"}
{"timestamp": "2026-05-24T05:41:52.098651Z", "event": "model_auto_created", "aircraft_id": 1037, "manufacturer": "Boeing", "model_name": "Boeing 767300", "source": "FAA_AIDS"}
{"timestamp": "2026-05-24T05:41:52.106336Z", "event": "model_auto_created", "aircraft_id": 1038, "manufacturer": "Boeing", "model_name": "Boeing 747100", "source": "FAA_AIDS"}
{"timestamp": "2026-05-24T05:41:52.108808Z", "event": "model_auto_created", "aircraft_id": 1039, "manufacturer": "Boeing", "model_name": "Boeing 727C3", "source": "FAA_AIDS"}
{"timestamp": "2026-05-24T05:41:52.117710Z", "event": "model_auto_created", "aircraft_id": 1040, "manufacturer": "Boeing", "model_name": "Boeing 737524", "source": "FAA_AIDS"}
{"timestamp": "2026-05-24T05:41:52.134977Z", "event": "model_auto_created", "aircraft_id": 1041, "manufacturer": "Boeing", "model_name": "Boeing 7374S3", "source": "FAA_AIDS"}
{"timestamp": "2026-05-24T05:41:52.164661Z", "event": "model_auto_created", "aircraft_id": 1042, "manufacturer": "Boeing", "model_name": "Boeing 747128", "source": "FAA_AIDS"}
{"timestamp": "2026-05-24T05:41:52.169540Z", "event": "model_auto_created", "aircraft_id": 1043, "manufacturer": "Boeing", "model_name": "Boeing 737242", "source": "FAA_AIDS"}
{"timestamp": "2026-05-24T05:41:52.184364Z", "event": "model_auto_created", "aircraft_id": 1044, "manufacturer": "Airbus", "model_name": "Airbus A320232", "source": "FAA_AIDS"}
{"timestamp": "2026-05-24T05:41:52.187910Z", "event": "model_auto_created", "aircraft_id": 1045, "manufacturer": "Boeing", "model_name": "Boeing 7572Q8", "source": "FAA_AIDS"}
{"timestamp": "2026-05-24T05:41:52.189238Z", "event": "model_auto_created", "aircraft_id": 1046, "manufacturer": "Boeing", "model_name": "Boeing 7373T5", "source": "FAA_AIDS"}
{"timestamp": "2026-05-24T05:41:52.229879Z", "event": "model_auto_created", "aircraft_id": 1047, "manufacturer": "Boeing", "model_name": "Boeing 7374Q8", "source": "FAA_AIDS"}
{"timestamp": "2026-05-24T05:41:52.238598Z", "event": "model_auto_created", "aircraft_id": 1048, "manufacturer": "Boeing", "model_name": "Boeing 72721C", "source": "FAA_AIDS"}
{"timestamp": "2026-05-24T05:41:52.250642Z", "event": "model_auto_created", "aircraft_id": 1049, "manufacturer": "Boeing", "model_name": "Boeing 75723N", "source": "FAA_AIDS"}
{"timestamp": "2026-05-24T05:41:52.254210Z", "event": "model_auto_created", "aircraft_id": 1050, "manufacturer": "Boeing", "model_name": "Boeing 737100", "source": "FAA_AIDS"}
{"timestamp": "2026-05-24T05:41:52.275150Z", "event": "model_auto_created", "aircraft_id": 1051, "manufacturer": "Boeing", "model_name": "Boeing 7272D4", "source": "FAA_AIDS"}
{"timestamp": "2026-05-24T05:41:52.279930Z", "event": "model_auto_created", "aircraft_id": 1052, "manufacturer": "Boeing", "model_name": "Boeing 7372H6", "source": "FAA_AIDS"}
{"timestamp": "2026-05-24T05:41:52.281979Z", "event": "model_auto_created", "aircraft_id": 1053, "manufacturer": "Boeing", "model_name": "Boeing 72782", "source": "FAA_AIDS"}
{"timestamp": "2026-05-24T05:41:52.291982Z", "event": "model_auto_created", "aircraft_id": 1054, "manufacturer": "Airbus", "model_name": "Airbus A340211", "source": "FAA_AIDS"}
{"timestamp": "2026-05-24T05:41:52.298259Z", "event": "model_auto_created", "aircraft_id": 1055, "manufacturer": "Boeing", "model_name": "Boeing 747230F", "source": "FAA_AIDS"}
{"timestamp": "2026-05-24T05:41:52.304109Z", "event": "model_auto_created", "aircraft_id": 1056, "manufacturer": "Boeing", "model_name": "Boeing 7372P6", "source": "FAA_AIDS"}
{"timestamp": "2026-05-24T05:41:52.306380Z", "event": "model_auto_created", "aircraft_id": 1057, "manufacturer": "Boeing", "model_name": "Boeing 7272J4", "source": "FAA_AIDS"}
{"timestamp": "2026-05-24T05:41:52.333876Z", "event": "model_auto_created", "aircraft_id": 1058, "manufacturer": "Boeing", "model_name": "Boeing 7272L5", "source": "FAA_AIDS"}
{"timestamp": "2026-05-24T05:41:52.338295Z", "event": "model_auto_created", "aircraft_id": 1059, "manufacturer": "Boeing", "model_name": "Boeing 747269B", "source": "FAA_AIDS"}
{"timestamp": "2026-05-24T05:41:52.342812Z", "event": "model_auto_created", "aircraft_id": 1060, "manufacturer": "Boeing", "model_name": "Boeing 7374Y0", "source": "FAA_AIDS"}
{"timestamp": "2026-05-24T05:41:52.344855Z", "event": "model_auto_created", "aircraft_id": 1061, "manufacturer": "Boeing", "model_name": "Boeing 7672B7", "source": "FAA_AIDS"}
{"timestamp": "2026-05-24T05:41:52.348107Z", "event": "model_auto_created", "aircraft_id": 1062, "manufacturer": "Boeing", "model_name": "Boeing 747467F", "source": "FAA_AIDS"}
{"timestamp": "2026-05-24T05:41:52.378727Z", "event": "model_auto_created", "aircraft_id": 1063, "manufacturer": "Boeing", "model_name": "Boeing 747400", "source": "FAA_AIDS"}
{"timestamp": "2026-05-24T05:41:52.382671Z", "event": "model_auto_created", "aircraft_id": 1064, "manufacturer": "Boeing", "model_name": "Boeing 757224", "source": "FAA_AIDS"}
{"timestamp": "2026-05-24T05:41:52.405576Z", "event": "model_auto_created", "aircraft_id": 1065, "manufacturer": "Boeing", "model_name": "Boeing 737205", "source": "FAA_AIDS"}
{"timestamp": "2026-05-24T05:41:52.408760Z", "event": "model_auto_created", "aircraft_id": 1066, "manufacturer": "Boeing", "model_name": "Boeing 737500", "source": "FAA_AIDS"}
{"timestamp": "2026-05-24T05:41:52.410026Z", "event": "model_auto_created", "aircraft_id": 1067, "manufacturer": "Boeing", "model_name": "Boeing 72777C", "source": "FAA_AIDS"}
{"timestamp": "2026-05-24T05:41:52.417237Z", "event": "model_auto_created", "aircraft_id": 1068, "manufacturer": "Boeing", "model_name": "Boeing 7572B7", "source": "FAA_AIDS"}
{"timestamp": "2026-05-24T05:41:52.427754Z", "event": "model_auto_created", "aircraft_id": 1069, "manufacturer": "Boeing", "model_name": "Boeing 757236", "source": "FAA_AIDS"}
{"timestamp": "2026-05-24T05:41:52.432702Z", "event": "model_auto_created", "aircraft_id": 1070, "manufacturer": "Airbus", "model_name": "Airbus A320212", "source": "FAA_AIDS"}
{"timestamp": "2026-05-24T05:41:52.436325Z", "event": "model_auto_created", "aircraft_id": 1071, "manufacturer": "Airbus", "model_name": "Airbus A310203", "source": "FAA_AIDS"}
{"timestamp": "2026-05-24T05:41:52.440331Z", "event": "model_auto_created", "aircraft_id": 1072, "manufacturer": "Boeing", "model_name": "Boeing 7673P6", "source": "FAA_AIDS"}
{"timestamp": "2026-05-24T05:41:52.442533Z", "event": "model_auto_created", "aircraft_id": 1073, "manufacturer": "Boeing", "model_name": "Boeing 7472D7B", "source": "FAA_AIDS"}
{"timestamp": "2026-05-24T05:41:52.459812Z", "event": "model_auto_created", "aircraft_id": 1074, "manufacturer": "Boeing", "model_name": "Boeing 7377H4", "source": "FAA_AIDS"}
{"timestamp": "2026-05-24T05:41:52.475123Z", "event": "model_auto_created", "aircraft_id": 1075, "manufacturer": "Boeing", "model_name": "Boeing 777222", "source": "FAA_AIDS"}
{"timestamp": "2026-05-24T05:41:52.484679Z", "event": "model_auto_created", "aircraft_id": 1076, "manufacturer": "Boeing", "model_name": "Boeing 737400", "source": "FAA_AIDS"}
{"timestamp": "2026-05-24T05:41:52.487616Z", "event": "model_auto_created", "aircraft_id": 1077, "manufacturer": "Airbus", "model_name": "Airbus A320233", "source": "FAA_AIDS"}
{"timestamp": "2026-05-24T05:41:52.489996Z", "event": "model_auto_created", "aircraft_id": 1078, "manufacturer": "Airbus", "model_name": "Airbus A320321", "source": "FAA_AIDS"}
{"timestamp": "2026-05-24T05:41:52.512769Z", "event": "model_auto_created", "aircraft_id": 1079, "manufacturer": "Boeing", "model_name": "Boeing 7272J0", "source": "FAA_AIDS"}
{"timestamp": "2026-05-24T05:41:52.528388Z", "event": "model_auto_created", "aircraft_id": 1080, "manufacturer": "Boeing", "model_name": "Boeing 727225A", "source": "FAA_AIDS"}
{"timestamp": "2026-05-24T05:41:52.535059Z", "event": "model_auto_created", "aircraft_id": 1081, "manufacturer": "Boeing", "model_name": "Boeing 7372L9", "source": "FAA_AIDS"}
{"timestamp": "2026-05-24T05:41:52.536887Z", "event": "model_auto_created", "aircraft_id": 1082, "manufacturer": "Boeing", "model_name": "Boeing 727208", "source": "FAA_AIDS"}
{"timestamp": "2026-05-24T05:41:52.539638Z", "event": "model_auto_created", "aircraft_id": 1083, "manufacturer": "Boeing", "model_name": "Boeing 72744C", "source": "FAA_AIDS"}
{"timestamp": "2026-05-24T05:41:52.548546Z", "event": "model_auto_created", "aircraft_id": 1084, "manufacturer": "Boeing", "model_name": "Boeing 737490", "source": "FAA_AIDS"}
{"timestamp": "2026-05-24T05:41:52.556216Z", "event": "model_auto_created", "aircraft_id": 1085, "manufacturer": "Boeing", "model_name": "Boeing 747Sp44", "source": "FAA_AIDS"}
{"timestamp": "2026-05-24T05:41:52.563784Z", "event": "model_auto_created", "aircraft_id": 1086, "manufacturer": "Airbus", "model_name": "Airbus A300F4605R", "source": "FAA_AIDS"}
{"timestamp": "2026-05-24T05:41:52.572095Z", "event": "model_auto_created", "aircraft_id": 1087, "manufacturer": "Boeing", "model_name": "Boeing 757231", "source": "FAA_AIDS"}
{"timestamp": "2026-05-24T05:41:52.573418Z", "event": "model_auto_created", "aircraft_id": 1088, "manufacturer": "Boeing", "model_name": "Boeing 737317", "source": "FAA_AIDS"}
{"timestamp": "2026-05-24T05:41:52.582913Z", "event": "model_auto_created", "aircraft_id": 1089, "manufacturer": "Boeing", "model_name": "Boeing 737242C", "source": "FAA_AIDS"}
{"timestamp": "2026-05-24T05:41:52.586950Z", "event": "model_auto_created", "aircraft_id": 1090, "manufacturer": "Boeing", "model_name": "Boeing 777224", "source": "FAA_AIDS"}
{"timestamp": "2026-05-24T05:41:52.618285Z", "event": "model_auto_created", "aircraft_id": 1091, "manufacturer": "Boeing", "model_name": "Boeing 737824", "source": "FAA_AIDS"}
{"timestamp": "2026-05-24T05:41:52.625105Z", "event": "model_auto_created", "aircraft_id": 1092, "manufacturer": "Boeing", "model_name": "Boeing 747259B", "source": "FAA_AIDS"}
{"timestamp": "2026-05-24T05:41:52.638574Z", "event": "model_auto_created", "aircraft_id": 1093, "manufacturer": "Boeing", "model_name": "Boeing 72789", "source": "FAA_AIDS"}
{"timestamp": "2026-05-24T05:41:52.645838Z", "event": "model_auto_created", "aircraft_id": 1094, "manufacturer": "Boeing", "model_name": "Boeing 737724", "source": "FAA_AIDS"}
{"timestamp": "2026-05-24T05:41:52.649389Z", "event": "model_auto_created", "aircraft_id": 1095, "manufacturer": "Boeing", "model_name": "Boeing 7474F6", "source": "FAA_AIDS"}
{"timestamp": "2026-05-24T05:41:52.667387Z", "event": "model_auto_created", "aircraft_id": 1096, "manufacturer": "Boeing", "model_name": "Boeing 7272X3", "source": "FAA_AIDS"}
{"timestamp": "2026-05-24T05:41:52.689335Z", "event": "model_auto_created", "aircraft_id": 1097, "manufacturer": "Boeing", "model_name": "Boeing 737832", "source": "FAA_AIDS"}
{"timestamp": "2026-05-24T05:41:52.690582Z", "event": "model_auto_created", "aircraft_id": 1098, "manufacturer": "Boeing", "model_name": "Boeing 72746", "source": "FAA_AIDS"}
{"timestamp": "2026-05-24T05:41:52.691763Z", "event": "model_auto_created", "aircraft_id": 1099, "manufacturer": "Boeing", "model_name": "Boeing 737823", "source": "FAA_AIDS"}
{"timestamp": "2026-05-24T05:41:52.720694Z", "event": "model_auto_created", "aircraft_id": 1100, "manufacturer": "Boeing", "model_name": "Boeing 7472R7F", "source": "FAA_AIDS"}
{"timestamp": "2026-05-24T05:41:52.732579Z", "event": "model_auto_created", "aircraft_id": 1101, "manufacturer": "Boeing", "model_name": "Boeing 7372K6", "source": "FAA_AIDS"}
{"timestamp": "2026-05-24T05:41:52.754501Z", "event": "model_auto_created", "aircraft_id": 1102, "manufacturer": "Boeing", "model_name": "Boeing 76734Af", "source": "FAA_AIDS"}
{"timestamp": "2026-05-24T05:41:52.767754Z", "event": "model_auto_created", "aircraft_id": 1103, "manufacturer": "Boeing", "model_name": "Boeing 7572Y0", "source": "FAA_AIDS"}
{"timestamp": "2026-05-24T05:41:52.771074Z", "event": "model_auto_created", "aircraft_id": 1104, "manufacturer": "Boeing", "model_name": "Boeing 747257B", "source": "FAA_AIDS"}
{"timestamp": "2026-05-24T05:41:52.772803Z", "event": "model_auto_created", "aircraft_id": 1105, "manufacturer": "Boeing", "model_name": "Boeing 7372Y5", "source": "FAA_AIDS"}
{"timestamp": "2026-05-24T05:41:52.775537Z", "event": "model_auto_created", "aircraft_id": 1106, "manufacturer": "Boeing", "model_name": "Boeing 727J4", "source": "FAA_AIDS"}
{"timestamp": "2026-05-24T05:41:52.785899Z", "event": "model_auto_created", "aircraft_id": 1107, "manufacturer": "Airbus", "model_name": "Airbus A319131", "source": "FAA_AIDS"}
{"timestamp": "2026-05-24T05:41:52.787599Z", "event": "model_auto_created", "aircraft_id": 1108, "manufacturer": "Boeing", "model_name": "Boeing 7373Y0", "source": "FAA_AIDS"}
{"timestamp": "2026-05-24T05:41:52.797006Z", "event": "model_auto_created", "aircraft_id": 1109, "manufacturer": "Boeing", "model_name": "Boeing 737282", "source": "FAA_AIDS"}
{"timestamp": "2026-05-24T05:41:52.802915Z", "event": "model_auto_created", "aircraft_id": 1110, "manufacturer": "Boeing", "model_name": "Boeing 737200A", "source": "FAA_AIDS"}
{"timestamp": "2026-05-24T05:41:52.805180Z", "event": "model_auto_created", "aircraft_id": 1111, "manufacturer": "Boeing", "model_name": "Boeing 7572G7", "source": "FAA_AIDS"}
{"timestamp": "2026-05-24T05:41:52.812852Z", "event": "model_auto_created", "aircraft_id": 1112, "manufacturer": "Boeing", "model_name": "Boeing 737790", "source": "FAA_AIDS"}
{"timestamp": "2026-05-24T05:41:52.822141Z", "event": "model_auto_created", "aircraft_id": 1113, "manufacturer": "Boeing", "model_name": "Boeing 727260", "source": "FAA_AIDS"}
{"timestamp": "2026-05-24T05:41:52.829303Z", "event": "model_auto_created", "aircraft_id": 1114, "manufacturer": "Boeing", "model_name": "Boeing 777232", "source": "FAA_AIDS"}
{"timestamp": "2026-05-24T05:41:52.856260Z", "event": "model_auto_created", "aircraft_id": 1115, "manufacturer": "Boeing", "model_name": "Boeing 73749R", "source": "FAA_AIDS"}
{"timestamp": "2026-05-24T05:41:52.870113Z", "event": "model_auto_created", "aircraft_id": 1116, "manufacturer": "Boeing", "model_name": "Boeing 737236", "source": "FAA_AIDS"}
{"timestamp": "2026-05-24T05:41:52.872924Z", "event": "model_auto_created", "aircraft_id": 1117, "manufacturer": "Airbus", "model_name": "Airbus A319132", "source": "FAA_AIDS"}
{"timestamp": "2026-05-24T05:41:52.890084Z", "event": "model_auto_created", "aircraft_id": 1118, "manufacturer": "Boeing", "model_name": "Boeing 777223", "source": "FAA_AIDS"}
{"timestamp": "2026-05-24T05:41:52.920494Z", "event": "model_auto_created", "aircraft_id": 1119, "manufacturer": "Airbus", "model_name": "Airbus A340313", "source": "FAA_AIDS"}
{"timestamp": "2026-05-24T05:41:52.942533Z", "event": "model_auto_created", "aircraft_id": 1120, "manufacturer": "Boeing", "model_name": "Boeing 717200", "source": "FAA_AIDS"}
{"timestamp": "2026-05-24T05:41:52.950428Z", "event": "model_auto_created", "aircraft_id": 1121, "manufacturer": "Boeing", "model_name": "Boeing 767432Er", "source": "FAA_AIDS"}
{"timestamp": "2026-05-24T05:41:52.952812Z", "event": "model_auto_created", "aircraft_id": 1122, "manufacturer": "Boeing", "model_name": "Boeing 7372E1", "source": "FAA_AIDS"}
{"timestamp": "2026-05-24T05:41:52.963107Z", "event": "model_auto_created", "aircraft_id": 1123, "manufacturer": "Boeing", "model_name": "Boeing 727108C", "source": "FAA_AIDS"}
{"timestamp": "2026-05-24T05:41:52.975295Z", "event": "model_auto_created", "aircraft_id": 1124, "manufacturer": "Boeing", "model_name": "Boeing 75728A", "source": "FAA_AIDS"}
{"timestamp": "2026-05-24T05:41:52.988641Z", "event": "model_auto_created", "aircraft_id": 1125, "manufacturer": "Airbus", "model_name": "Airbus A300F4622R", "source": "FAA_AIDS"}
{"timestamp": "2026-05-24T05:41:53.003702Z", "event": "model_auto_created", "aircraft_id": 1126, "manufacturer": "Boeing", "model_name": "Boeing 7272Q6", "source": "FAA_AIDS"}
{"timestamp": "2026-05-24T05:41:53.009633Z", "event": "model_auto_created", "aircraft_id": 1127, "manufacturer": "Boeing", "model_name": "Boeing 7474B5B", "source": "FAA_AIDS"}
{"timestamp": "2026-05-24T05:41:53.016714Z", "event": "model_auto_created", "aircraft_id": 1128, "manufacturer": "Airbus", "model_name": "Airbus A321211", "source": "FAA_AIDS"}
{"timestamp": "2026-05-24T05:41:53.021711Z", "event": "model_auto_created", "aircraft_id": 1129, "manufacturer": "Airbus", "model_name": "Airbus A319112", "source": "FAA_AIDS"}
{"timestamp": "2026-05-24T05:41:53.030546Z", "event": "model_auto_created", "aircraft_id": 1130, "manufacturer": "Boeing", "model_name": "Boeing 73776N", "source": "FAA_AIDS"}
{"timestamp": "2026-05-24T05:41:53.036731Z", "event": "model_auto_created", "aircraft_id": 1131, "manufacturer": "Boeing", "model_name": "Boeing 737330", "source": "FAA_AIDS"}
{"timestamp": "2026-05-24T05:41:53.042238Z", "event": "model_auto_created", "aircraft_id": 1132, "manufacturer": "Boeing", "model_name": "Boeing 747228F", "source": "FAA_AIDS"}
{"timestamp": "2026-05-24T05:41:53.049131Z", "event": "model_auto_created", "aircraft_id": 1133, "manufacturer": "Boeing", "model_name": "Boeing 7472J9F", "source": "FAA_AIDS"}
{"timestamp": "2026-05-24T05:41:53.052731Z", "event": "model_auto_created", "aircraft_id": 1134, "manufacturer": "Boeing", "model_name": "Boeing 727282", "source": "FAA_AIDS"}
{"timestamp": "2026-05-24T05:41:53.056334Z", "event": "model_auto_created", "aircraft_id": 1135, "manufacturer": "Boeing", "model_name": "Boeing 74745E", "source": "FAA_AIDS"}
{"timestamp": "2026-05-24T05:41:53.071930Z", "event": "model_auto_created", "aircraft_id": 1136, "manufacturer": "Boeing", "model_name": "Boeing 75733N", "source": "FAA_AIDS"}
{"timestamp": "2026-05-24T05:41:53.079379Z", "event": "model_auto_created", "aircraft_id": 1137, "manufacturer": "Boeing", "model_name": "Boeing 767224", "source": "FAA_AIDS"}
{"timestamp": "2026-05-24T05:41:53.083860Z", "event": "model_auto_created", "aircraft_id": 1138, "manufacturer": "Airbus", "model_name": "Airbus A319114", "source": "FAA_AIDS"}
{"timestamp": "2026-05-24T05:41:53.093736Z", "event": "model_auto_created", "aircraft_id": 1139, "manufacturer": "Boeing", "model_name": "Boeing 7378Q8", "source": "FAA_AIDS"}
{"timestamp": "2026-05-24T05:41:53.098760Z", "event": "model_auto_created", "aircraft_id": 1140, "manufacturer": "Boeing", "model_name": "Boeing 737306", "source": "FAA_AIDS"}
{"timestamp": "2026-05-24T05:41:53.105463Z", "event": "model_auto_created", "aircraft_id": 1141, "manufacturer": "Airbus", "model_name": "Airbus A310300", "source": "FAA_AIDS"}
{"timestamp": "2026-05-24T05:41:53.125786Z", "event": "model_auto_created", "aircraft_id": 1142, "manufacturer": "Airbus", "model_name": "Airbus A340311", "source": "FAA_AIDS"}
{"timestamp": "2026-05-24T05:41:53.127957Z", "event": "model_auto_created", "aircraft_id": 1143, "manufacturer": "Boeing", "model_name": "Boeing 73783N", "source": "FAA_AIDS"}
{"timestamp": "2026-05-24T05:41:53.130313Z", "event": "model_auto_created", "aircraft_id": 1144, "manufacturer": "Airbus", "model_name": "Airbus A330323", "source": "FAA_AIDS"}
{"timestamp": "2026-05-24T05:41:53.133263Z", "event": "model_auto_created", "aircraft_id": 1145, "manufacturer": "Boeing", "model_name": "Boeing 737924", "source": "FAA_AIDS"}
{"timestamp": "2026-05-24T05:41:53.150894Z", "event": "model_auto_created", "aircraft_id": 1146, "manufacturer": "Airbus", "model_name": "Airbus A330300", "source": "FAA_AIDS"}
{"timestamp": "2026-05-24T05:41:53.154703Z", "event": "model_auto_created", "aircraft_id": 1147, "manufacturer": "Boeing", "model_name": "Boeing 73773A", "source": "FAA_AIDS"}
{"timestamp": "2026-05-24T05:41:53.161751Z", "event": "model_auto_created", "aircraft_id": 1148, "manufacturer": "Airbus", "model_name": "Airbus A319111", "source": "FAA_AIDS"}
{"timestamp": "2026-05-24T05:41:53.165191Z", "event": "model_auto_created", "aircraft_id": 1149, "manufacturer": "Boeing", "model_name": "Boeing 757351", "source": "FAA_AIDS"}
{"timestamp": "2026-05-24T05:41:53.169258Z", "event": "model_auto_created", "aircraft_id": 1150, "manufacturer": "Boeing", "model_name": "Boeing 747246F", "source": "FAA_AIDS"}
{"timestamp": "2026-05-24T05:41:53.173025Z", "event": "model_auto_created", "aircraft_id": 1151, "manufacturer": "Boeing", "model_name": "Boeing 73735B", "source": "FAA_AIDS"}
{"timestamp": "2026-05-24T05:41:53.212166Z", "event": "model_auto_created", "aircraft_id": 1152, "manufacturer": "Airbus", "model_name": "Airbus A330243", "source": "FAA_AIDS"}
{"timestamp": "2026-05-24T05:41:53.214526Z", "event": "model_auto_created", "aircraft_id": 1153, "manufacturer": "Boeing", "model_name": "Boeing 74746Nf", "source": "FAA_AIDS"}
{"timestamp": "2026-05-24T05:41:53.217204Z", "event": "model_auto_created", "aircraft_id": 1154, "manufacturer": "Airbus", "model_name": "Airbus A318111", "source": "FAA_AIDS"}
{"timestamp": "2026-05-24T05:41:53.222663Z", "event": "model_auto_created", "aircraft_id": 1155, "manufacturer": "Airbus", "model_name": "Airbus A320214", "source": "FAA_AIDS"}
{"timestamp": "2026-05-24T05:41:53.236818Z", "event": "model_auto_created", "aircraft_id": 1156, "manufacturer": "Boeing", "model_name": "Boeing 727185C", "source": "FAA_AIDS"}
{"timestamp": "2026-05-24T05:41:53.246384Z", "event": "model_auto_created", "aircraft_id": 1157, "manufacturer": "Boeing", "model_name": "Boeing 767281", "source": "FAA_AIDS"}
{"timestamp": "2026-05-24T05:41:53.257885Z", "event": "model_auto_created", "aircraft_id": 1158, "manufacturer": "Boeing", "model_name": "Boeing 7377Bc", "source": "FAA_AIDS"}
{"timestamp": "2026-05-24T05:41:53.264029Z", "event": "model_auto_created", "aircraft_id": 1159, "manufacturer": "Boeing", "model_name": "Boeing 777236", "source": "FAA_AIDS"}
{"timestamp": "2026-05-24T05:41:53.268303Z", "event": "model_auto_created", "aircraft_id": 1160, "manufacturer": "Airbus", "model_name": "Airbus A340212", "source": "FAA_AIDS"}
{"timestamp": "2026-05-24T05:41:53.274480Z", "event": "model_auto_created", "aircraft_id": 1161, "manufacturer": "Boeing", "model_name": "Boeing 7373L9", "source": "FAA_AIDS"}
{"timestamp": "2026-05-24T05:41:53.297372Z", "event": "model_auto_created", "aircraft_id": 1162, "manufacturer": "Boeing", "model_name": "Boeing 757324", "source": "FAA_AIDS"}
{"timestamp": "2026-05-24T05:41:53.301195Z", "event": "model_auto_created", "aircraft_id": 1163, "manufacturer": "Boeing", "model_name": "Boeing 7472B4B", "source": "FAA_AIDS"}
{"timestamp": "2026-05-24T05:41:53.307435Z", "event": "model_auto_created", "aircraft_id": 1164, "manufacturer": "Boeing", "model_name": "Boeing 73772T", "source": "FAA_AIDS"}
{"timestamp": "2026-05-24T05:41:53.311640Z", "event": "model_auto_created", "aircraft_id": 1165, "manufacturer": "Airbus", "model_name": "Airbus A321231", "source": "FAA_AIDS"}
{"timestamp": "2026-05-24T05:41:53.313051Z", "event": "model_auto_created", "aircraft_id": 1166, "manufacturer": "Boeing", "model_name": "Boeing 7378Bk", "source": "FAA_AIDS"}
{"timestamp": "2026-05-24T05:41:53.315370Z", "event": "model_auto_created", "aircraft_id": 1167, "manufacturer": "Boeing", "model_name": "Boeing 7672Ey", "source": "FAA_AIDS"}
{"timestamp": "2026-05-24T05:41:53.333114Z", "event": "model_auto_created", "aircraft_id": 1168, "manufacturer": "Airbus", "model_name": "Airbus A340300", "source": "FAA_AIDS"}
{"timestamp": "2026-05-24T05:41:53.337072Z", "event": "model_auto_created", "aircraft_id": 1169, "manufacturer": "Airbus", "model_name": "Airbus A300B4622", "source": "FAA_AIDS"}
{"timestamp": "2026-05-24T05:41:53.340233Z", "event": "model_auto_created", "aircraft_id": 1170, "manufacturer": "Boeing", "model_name": "Boeing 73781Q", "source": "FAA_AIDS"}
{"timestamp": "2026-05-24T05:41:53.350534Z", "event": "model_auto_created", "aircraft_id": 1171, "manufacturer": "Airbus", "model_name": "Airbus A330223", "source": "FAA_AIDS"}
{"timestamp": "2026-05-24T05:41:53.353736Z", "event": "model_auto_created", "aircraft_id": 1172, "manufacturer": "Boeing", "model_name": "Boeing 737298C", "source": "FAA_AIDS"}
{"timestamp": "2026-05-24T05:41:53.371031Z", "event": "model_auto_created", "aircraft_id": 1173, "manufacturer": "Boeing", "model_name": "Boeing 7272K5", "source": "FAA_AIDS"}
{"timestamp": "2026-05-24T05:41:53.379881Z", "event": "model_auto_created", "aircraft_id": 1174, "manufacturer": "Boeing", "model_name": "Boeing 747437", "source": "FAA_AIDS"}
{"timestamp": "2026-05-24T05:41:53.384963Z", "event": "model_auto_created", "aircraft_id": 1175, "manufacturer": "Boeing", "model_name": "Boeing 7377Av", "source": "FAA_AIDS"}
{"timestamp": "2026-05-24T05:41:53.395880Z", "event": "model_auto_created", "aircraft_id": 1176, "manufacturer": "Boeing", "model_name": "Boeing 7472U3B", "source": "FAA_AIDS"}
{"timestamp": "2026-05-24T05:41:53.411898Z", "event": "model_auto_created", "aircraft_id": 1177, "manufacturer": "Boeing", "model_name": "Boeing 7372K5", "source": "FAA_AIDS"}
{"timestamp": "2026-05-24T05:41:53.423874Z", "event": "model_auto_created", "aircraft_id": 1178, "manufacturer": "Boeing", "model_name": "Boeing 747430", "source": "FAA_AIDS"}
{"timestamp": "2026-05-24T05:41:53.425152Z", "event": "model_auto_created", "aircraft_id": 1179, "manufacturer": "Boeing", "model_name": "Boeing 7474J6", "source": "FAA_AIDS"}
{"timestamp": "2026-05-24T05:41:53.427432Z", "event": "model_auto_created", "aircraft_id": 1180, "manufacturer": "Boeing", "model_name": "Boeing 76733A", "source": "FAA_AIDS"}
{"timestamp": "2026-05-24T05:41:53.432771Z", "event": "model_auto_created", "aircraft_id": 1181, "manufacturer": "Boeing", "model_name": "Boeing 727270", "source": "FAA_AIDS"}
{"timestamp": "2026-05-24T05:41:53.435842Z", "event": "model_auto_created", "aircraft_id": 1182, "manufacturer": "Boeing", "model_name": "Boeing 767424Er", "source": "FAA_AIDS"}
{"timestamp": "2026-05-24T05:41:53.453842Z", "event": "model_auto_created", "aircraft_id": 1183, "manufacturer": "Boeing", "model_name": "Boeing 747409", "source": "FAA_AIDS"}
{"timestamp": "2026-05-24T05:41:53.470732Z", "event": "model_auto_created", "aircraft_id": 1184, "manufacturer": "Boeing", "model_name": "Boeing 77731Her", "source": "FAA_AIDS"}
{"timestamp": "2026-05-24T05:41:53.472195Z", "event": "model_auto_created", "aircraft_id": 1185, "manufacturer": "Boeing", "model_name": "Boeing 7272H3", "source": "FAA_AIDS"}
{"timestamp": "2026-05-24T05:41:53.493360Z", "event": "model_auto_created", "aircraft_id": 1186, "manufacturer": "Boeing", "model_name": "Boeing 73776Q", "source": "FAA_AIDS"}
{"timestamp": "2026-05-24T05:41:53.502797Z", "event": "model_auto_created", "aircraft_id": 1187, "manufacturer": "Boeing", "model_name": "Boeing 747267B", "source": "FAA_AIDS"}
{"timestamp": "2026-05-24T05:41:53.539462Z", "event": "model_auto_created", "aircraft_id": 1188, "manufacturer": "Boeing", "model_name": "Boeing 74745Ef", "source": "FAA_AIDS"}
{"timestamp": "2026-05-24T05:41:53.546787Z", "event": "model_auto_created", "aircraft_id": 1189, "manufacturer": "Boeing", "model_name": "Boeing 767-259", "source": "FAA_AIDS"}
{"timestamp": "2026-05-24T05:41:53.553469Z", "event": "model_auto_created", "aircraft_id": 1190, "manufacturer": "Boeing", "model_name": "Boeing 747446", "source": "FAA_AIDS"}
{"timestamp": "2026-05-24T05:41:53.564443Z", "event": "model_auto_created", "aircraft_id": 1191, "manufacturer": "Boeing", "model_name": "Boeing 747400F", "source": "FAA_AIDS"}
{"timestamp": "2026-05-24T05:41:53.570446Z", "event": "model_auto_created", "aircraft_id": 1192, "manufacturer": "Boeing", "model_name": "Boeing 737752", "source": "FAA_AIDS"}
{"timestamp": "2026-05-24T05:41:53.574726Z", "event": "model_auto_created", "aircraft_id": 1193, "manufacturer": "Boeing", "model_name": "Boeing 737890", "source": "FAA_AIDS"}
{"timestamp": "2026-05-24T05:41:53.579687Z", "event": "model_auto_created", "aircraft_id": 1194, "manufacturer": "Airbus", "model_name": "Airbus A320-212", "source": "FAA_AIDS"}
{"timestamp": "2026-05-24T05:41:53.595825Z", "event": "model_auto_created", "aircraft_id": 1195, "manufacturer": "Boeing", "model_name": "Boeing 737-3Y0", "source": "FAA_AIDS"}
{"timestamp": "2026-05-24T05:41:53.604589Z", "event": "model_auto_created", "aircraft_id": 1196, "manufacturer": "Airbus", "model_name": "Airbus A300F4-605R", "source": "FAA_AIDS"}
{"timestamp": "2026-05-24T05:41:53.617673Z", "event": "model_auto_created", "aircraft_id": 1197, "manufacturer": "Boeing", "model_name": "Boeing 747-438", "source": "FAA_AIDS"}
{"timestamp": "2026-05-24T05:41:53.619232Z", "event": "model_auto_created", "aircraft_id": 1198, "manufacturer": "Airbus", "model_name": "Airbus A320-231", "source": "FAA_AIDS"}
{"timestamp": "2026-05-24T05:41:53.628101Z", "event": "model_auto_created", "aircraft_id": 1199, "manufacturer": "Boeing", "model_name": "Boeing 767-3G5", "source": "FAA_AIDS"}
{"timestamp": "2026-05-24T05:41:53.635112Z", "event": "model_auto_created", "aircraft_id": 1200, "manufacturer": "Boeing", "model_name": "Boeing 737-401", "source": "FAA_AIDS"}
{"timestamp": "2026-05-24T05:41:53.638220Z", "event": "model_auto_created", "aircraft_id": 1201, "manufacturer": "Airbus", "model_name": "Airbus A310-222", "source": "FAA_AIDS"}
{"timestamp": "2026-05-24T05:41:53.641161Z", "event": "model_auto_created", "aircraft_id": 1202, "manufacturer": "Airbus", "model_name": "Airbus A318-111", "source": "FAA_AIDS"}
{"timestamp": "2026-05-24T05:41:53.642883Z", "event": "model_auto_created", "aircraft_id": 1203, "manufacturer": "Boeing", "model_name": "Boeing 737-76Q", "source": "FAA_AIDS"}
{"timestamp": "2026-05-24T05:41:53.655981Z", "event": "model_auto_created", "aircraft_id": 1204, "manufacturer": "Boeing", "model_name": "Boeing 737-76N", "source": "FAA_AIDS"}
{"timestamp": "2026-05-24T05:41:53.658873Z", "event": "model_auto_created", "aircraft_id": 1205, "manufacturer": "Boeing", "model_name": "Boeing 737-3Q8", "source": "FAA_AIDS"}
{"timestamp": "2026-05-24T05:41:53.664159Z", "event": "model_auto_created", "aircraft_id": 1206, "manufacturer": "Boeing", "model_name": "Boeing 747-230B", "source": "FAA_AIDS"}
{"timestamp": "2026-05-24T05:41:53.665864Z", "event": "model_auto_created", "aircraft_id": 1207, "manufacturer": "Boeing", "model_name": "Boeing 737-8Bk", "source": "FAA_AIDS"}
{"timestamp": "2026-05-24T05:41:53.674231Z", "event": "model_auto_created", "aircraft_id": 1208, "manufacturer": "Boeing", "model_name": "Boeing 767-3Cb", "source": "FAA_AIDS"}
{"timestamp": "2026-05-24T05:41:53.679928Z", "event": "model_auto_created", "aircraft_id": 1209, "manufacturer": "Boeing", "model_name": "Boeing 757-200 Seri", "source": "FAA_AIDS"}
{"timestamp": "2026-05-24T05:41:53.683260Z", "event": "model_auto_created", "aircraft_id": 1210, "manufacturer": "Boeing", "model_name": "Boeing 737-8Q8", "source": "FAA_AIDS"}
{"timestamp": "2026-05-24T05:41:53.688940Z", "event": "model_auto_created", "aircraft_id": 1211, "manufacturer": "Boeing", "model_name": "Boeing 757-2Yo", "source": "FAA_AIDS"}
{"timestamp": "2026-05-24T05:41:53.694005Z", "event": "model_auto_created", "aircraft_id": 1212, "manufacturer": "Boeing", "model_name": "Boeing 737-73V", "source": "FAA_AIDS"}
{"timestamp": "2026-05-24T05:41:53.697067Z", "event": "model_auto_created", "aircraft_id": 1213, "manufacturer": "Boeing", "model_name": "Boeing 777-232Lr", "source": "FAA_AIDS"}
{"timestamp": "2026-05-24T05:41:53.702221Z", "event": "model_auto_created", "aircraft_id": 1214, "manufacturer": "Boeing", "model_name": "Boeing 107-Ii", "source": "FAA_AIDS"}
{"timestamp": "2026-05-24T05:41:53.705809Z", "event": "model_auto_created", "aircraft_id": 1215, "manufacturer": "Boeing", "model_name": "Boeing 727-2H3", "source": "FAA_AIDS"}
{"timestamp": "2026-05-24T05:41:53.710446Z", "event": "model_auto_created", "aircraft_id": 1216, "manufacturer": "Boeing", "model_name": "Boeing 767-281", "source": "FAA_AIDS"}
{"timestamp": "2026-05-24T05:41:53.711906Z", "event": "model_auto_created", "aircraft_id": 1217, "manufacturer": "Boeing", "model_name": "Boeing 737-81Q", "source": "FAA_AIDS"}
{"timestamp": "2026-05-24T05:41:53.713224Z", "event": "model_auto_created", "aircraft_id": 1218, "manufacturer": "Boeing", "model_name": "Boeing 747-281F", "source": "FAA_AIDS"}
{"timestamp": "2026-05-24T05:41:53.736394Z", "event": "model_auto_created", "aircraft_id": 1219, "manufacturer": "Airbus", "model_name": "Airbus A300F4-622R", "source": "FAA_AIDS"}
{"timestamp": "2026-05-24T05:41:53.741340Z", "event": "model_auto_created", "aircraft_id": 1220, "manufacturer": "Boeing", "model_name": "Boeing 777-28Eer", "source": "FAA_AIDS"}
{"timestamp": "2026-05-24T05:41:53.749648Z", "event": "model_auto_created", "aircraft_id": 1221, "manufacturer": "Boeing", "model_name": "Boeing 757-23N", "source": "FAA_AIDS"}
{"timestamp": "2026-05-24T05:41:53.751076Z", "event": "model_auto_created", "aircraft_id": 1222, "manufacturer": "Boeing", "model_name": "Boeing 747-4R7F", "source": "FAA_AIDS"}
{"timestamp": "2026-05-24T05:41:53.770359Z", "event": "model_auto_created", "aircraft_id": 1223, "manufacturer": "Boeing", "model_name": "Boeing 737-330", "source": "FAA_AIDS"}
{"timestamp": "2026-05-24T05:41:53.772149Z", "event": "model_auto_created", "aircraft_id": 1224, "manufacturer": "Boeing", "model_name": "Boeing 737-8Z9", "source": "FAA_AIDS"}
{"timestamp": "2026-05-24T05:41:53.776511Z", "event": "model_auto_created", "aircraft_id": 1225, "manufacturer": "Boeing", "model_name": "Boeing 737-752", "source": "FAA_AIDS"}
{"timestamp": "2026-05-24T05:41:53.778999Z", "event": "model_auto_created", "aircraft_id": 1226, "manufacturer": "Boeing", "model_name": "Boeing 737-7Bc", "source": "FAA_AIDS"}
{"timestamp": "2026-05-24T05:41:53.781043Z", "event": "model_auto_created", "aircraft_id": 1227, "manufacturer": "Boeing", "model_name": "Boeing 767-424Er", "source": "FAA_AIDS"}
{"timestamp": "2026-05-24T05:41:53.784905Z", "event": "model_auto_created", "aircraft_id": 1228, "manufacturer": "Boeing", "model_name": "Boeing 767-33A", "source": "FAA_AIDS"}
{"timestamp": "2026-05-24T05:41:53.791755Z", "event": "model_auto_created", "aircraft_id": 1229, "manufacturer": "Boeing", "model_name": "Boeing 757-204", "source": "FAA_AIDS"}
{"timestamp": "2026-05-24T05:41:53.796354Z", "event": "model_auto_created", "aircraft_id": 1230, "manufacturer": "Boeing", "model_name": "Boeing 767-269", "source": "FAA_AIDS"}
{"timestamp": "2026-05-24T05:41:53.809962Z", "event": "model_auto_created", "aircraft_id": 1231, "manufacturer": "Boeing", "model_name": "Boeing 767-277", "source": "FAA_AIDS"}
{"timestamp": "2026-05-24T05:41:53.815886Z", "event": "model_auto_created", "aircraft_id": 1232, "manufacturer": "Boeing", "model_name": "Boeing 747 400F", "source": "FAA_AIDS"}
{"timestamp": "2026-05-24T05:41:53.818643Z", "event": "model_auto_created", "aircraft_id": 1233, "manufacturer": "Boeing", "model_name": "Boeing 767-7L9", "source": "FAA_AIDS"}
{"timestamp": "2026-05-24T05:41:53.823811Z", "event": "model_auto_created", "aircraft_id": 1234, "manufacturer": "Boeing", "model_name": "Boeing 737-484", "source": "FAA_AIDS"}
{"timestamp": "2026-05-24T05:41:53.836184Z", "event": "model_auto_created", "aircraft_id": 1235, "manufacturer": "Airbus", "model_name": "Airbus A310-324", "source": "FAA_AIDS"}
{"timestamp": "2026-05-24T05:41:53.837533Z", "event": "model_auto_created", "aircraft_id": 1236, "manufacturer": "Boeing", "model_name": "Boeing 767-375", "source": "FAA_AIDS"}
{"timestamp": "2026-05-24T05:41:53.845477Z", "event": "model_auto_created", "aircraft_id": 1237, "manufacturer": "Boeing", "model_name": "Boeing 767-241", "source": "FAA_AIDS"}
{"timestamp": "2026-05-24T05:41:53.855685Z", "event": "model_auto_created", "aircraft_id": 1238, "manufacturer": "Boeing", "model_name": "Boeing 747-45E", "source": "FAA_AIDS"}
{"timestamp": "2026-05-24T05:41:53.859085Z", "event": "model_auto_created", "aircraft_id": 1239, "manufacturer": "Airbus", "model_name": "Airbus A333", "source": "FAA_AIDS"}
{"timestamp": "2026-05-24T05:41:53.865332Z", "event": "model_auto_created", "aircraft_id": 1240, "manufacturer": "Boeing", "model_name": "Boeing 767-38E", "source": "FAA_AIDS"}
{"timestamp": "2026-05-24T05:41:53.870597Z", "event": "model_auto_created", "aircraft_id": 1241, "manufacturer": "Boeing", "model_name": "Boeing 747-412F", "source": "FAA_AIDS"}
{"timestamp": "2026-05-24T05:41:53.873551Z", "event": "model_auto_created", "aircraft_id": 1242, "manufacturer": "Boeing", "model_name": "Boeing 747-46Nf", "source": "FAA_AIDS"}
{"timestamp": "2026-05-24T05:41:53.876748Z", "event": "model_auto_created", "aircraft_id": 1243, "manufacturer": "Boeing", "model_name": "Boeing 767-346", "source": "FAA_AIDS"}
{"timestamp": "2026-05-24T05:41:53.887406Z", "event": "model_auto_created", "aircraft_id": 1244, "manufacturer": "Boeing", "model_name": "Boeing 737-8F2", "source": "FAA_AIDS"}
{"timestamp": "2026-05-24T05:41:53.889673Z", "event": "model_auto_created", "aircraft_id": 1245, "manufacturer": "Boeing", "model_name": "Boeing 747-430", "source": "FAA_AIDS"}
{"timestamp": "2026-05-24T05:41:53.910790Z", "event": "model_auto_created", "aircraft_id": 1246, "manufacturer": "Boeing", "model_name": "Boeing 737-4H6", "source": "FAA_AIDS"}
{"timestamp": "2026-05-24T05:41:53.919677Z", "event": "model_auto_created", "aircraft_id": 1247, "manufacturer": "Boeing", "model_name": "Boeing 737-7Hj", "source": "FAA_AIDS"}
{"timestamp": "2026-05-24T05:41:53.922695Z", "event": "model_auto_created", "aircraft_id": 1248, "manufacturer": "Boeing", "model_name": "Boeing 737-8Kn", "source": "FAA_AIDS"}
{"timestamp": "2026-05-24T05:41:53.929897Z", "event": "model_auto_created", "aircraft_id": 1249, "manufacturer": "Airbus", "model_name": "Airbus A321-200", "source": "FAA_AIDS"}
{"timestamp": "2026-05-24T05:41:53.937246Z", "event": "model_auto_created", "aircraft_id": 1250, "manufacturer": "Airbus", "model_name": "Airbus A380-841", "source": "FAA_AIDS"}
{"timestamp": "2026-05-24T05:41:53.939352Z", "event": "model_auto_created", "aircraft_id": 1251, "manufacturer": "Airbus", "model_name": "Airbus A350-1041", "source": "FAA_AIDS"}
{"timestamp": "2026-05-24T05:41:53.953529Z", "event": "model_auto_created", "aircraft_id": 1252, "manufacturer": "Boeing", "model_name": "Boeing 767-3Q8", "source": "FAA_AIDS"}
{"timestamp": "2026-05-24T05:41:53.960427Z", "event": "model_auto_created", "aircraft_id": 1253, "manufacturer": "Boeing", "model_name": "Boeing 767-324", "source": "FAA_AIDS"}
{"timestamp": "2026-05-24T05:41:53.966198Z", "event": "model_auto_created", "aircraft_id": 1254, "manufacturer": "Boeing", "model_name": "Boeing 737-4K5", "source": "FAA_AIDS"}
{"timestamp": "2026-05-24T05:41:53.979621Z", "event": "model_auto_created", "aircraft_id": 1255, "manufacturer": "Boeing", "model_name": "Boeing 737-86N", "source": "FAA_AIDS"}
{"timestamp": "2026-05-24T05:41:53.989045Z", "event": "model_auto_created", "aircraft_id": 1256, "manufacturer": "Boeing", "model_name": "Boeing 767-316F", "source": "FAA_AIDS"}
{"timestamp": "2026-05-24T05:41:53.992247Z", "event": "model_auto_created", "aircraft_id": 1257, "manufacturer": "Boeing", "model_name": "Boeing 737-2Q8", "source": "FAA_AIDS"}
{"timestamp": "2026-05-24T05:41:53.993769Z", "event": "model_auto_created", "aircraft_id": 1258, "manufacturer": "Boeing", "model_name": "Boeing 737-883", "source": "FAA_AIDS"}
{"timestamp": "2026-05-24T05:41:53.997111Z", "event": "model_auto_created", "aircraft_id": 1259, "manufacturer": "Boeing", "model_name": "Boeing 757-324", "source": "FAA_AIDS"}
{"timestamp": "2026-05-24T05:41:54.001602Z", "event": "model_auto_created", "aircraft_id": 1260, "manufacturer": "Boeing", "model_name": "Boeing 737-77Z", "source": "FAA_AIDS"}
{"timestamp": "2026-05-24T05:41:54.004011Z", "event": "model_auto_created", "aircraft_id": 1261, "manufacturer": "Boeing", "model_name": "Boeing 757-200 Series", "source": "FAA_AIDS"}
{"timestamp": "2026-05-24T05:41:54.015810Z", "event": "model_auto_created", "aircraft_id": 1262, "manufacturer": "Airbus", "model_name": "Airbus A330-202", "source": "FAA_AIDS"}
{"timestamp": "2026-05-24T05:41:54.017460Z", "event": "model_auto_created", "aircraft_id": 1263, "manufacturer": "Boeing", "model_name": "Boeing 737-8Jp", "source": "FAA_AIDS"}
{"timestamp": "2026-05-24T05:41:54.029052Z", "event": "model_auto_created", "aircraft_id": 1264, "manufacturer": "Boeing", "model_name": "Boeing 737-436", "source": "FAA_AIDS"}
{"timestamp": "2026-05-24T05:41:54.031541Z", "event": "model_auto_created", "aircraft_id": 1265, "manufacturer": "Boeing", "model_name": "Boeing 747-4Haf", "source": "FAA_AIDS"}
{"timestamp": "2026-05-24T05:41:54.050062Z", "event": "model_auto_created", "aircraft_id": 1266, "manufacturer": "Boeing", "model_name": "Boeing 777-228Er", "source": "FAA_AIDS"}
{"timestamp": "2026-05-24T05:48:29.969906Z", "event": "model_auto_created", "aircraft_id": 825, "manufacturer": "Boeing", "model_name": "Boeing 7372T4", "source": "FAA_AIDS"}
{"timestamp": "2026-05-24T05:48:29.972786Z", "event": "model_auto_created", "aircraft_id": 826, "manufacturer": "Boeing", "model_name": "Boeing 7272M7", "source": "FAA_AIDS"}
{"timestamp": "2026-05-24T05:48:29.974768Z", "event": "model_auto_created", "aircraft_id": 827, "manufacturer": "Boeing", "model_name": "Boeing 747Sp21", "source": "FAA_AIDS"}
{"timestamp": "2026-05-24T05:48:29.976204Z", "event": "model_auto_created", "aircraft_id": 828, "manufacturer": "Boeing", "model_name": "Boeing 7272S2F", "source": "FAA_AIDS"}
{"timestamp": "2026-05-24T05:48:29.977976Z", "event": "model_auto_created", "aircraft_id": 829, "manufacturer": "Boeing", "model_name": "Boeing 727247", "source": "FAA_AIDS"}
{"timestamp": "2026-05-24T05:48:29.979547Z", "event": "model_auto_created", "aircraft_id": 830, "manufacturer": "Boeing", "model_name": "Boeing 72727C", "source": "FAA_AIDS"}
{"timestamp": "2026-05-24T05:48:29.980868Z", "event": "model_auto_created", "aircraft_id": 831, "manufacturer": "Boeing", "model_name": "Boeing 737201", "source": "FAA_AIDS"}
{"timestamp": "2026-05-24T05:48:29.982149Z", "event": "model_auto_created", "aircraft_id": 832, "manufacturer": "Boeing", "model_name": "Boeing 747123", "source": "FAA_AIDS"}
{"timestamp": "2026-05-24T05:48:29.983387Z", "event": "model_auto_created", "aircraft_id": 833, "manufacturer": "Boeing", "model_name": "Boeing 727243", "source": "FAA_AIDS"}
{"timestamp": "2026-05-24T05:48:29.985373Z", "event": "model_auto_created", "aircraft_id": 834, "manufacturer": "Boeing", "model_name": "Boeing 727223", "source": "FAA_AIDS"}
{"timestamp": "2026-05-24T05:48:29.986606Z", "event": "model_auto_created", "aircraft_id": 835, "manufacturer": "Boeing", "model_name": "Boeing 727231", "source": "FAA_AIDS"}
{"timestamp": "2026-05-24T05:48:29.988386Z", "event": "model_auto_created", "aircraft_id": 836, "manufacturer": "Boeing", "model_name": "Boeing 727222", "source": "FAA_AIDS"}
{"timestamp": "2026-05-24T05:48:29.990077Z", "event": "model_auto_created", "aircraft_id": 837, "manufacturer": "Boeing", "model_name": "Boeing 727224", "source": "FAA_AIDS"}
{"timestamp": "2026-05-24T05:48:29.991814Z", "event": "model_auto_created", "aircraft_id": 838, "manufacturer": "Boeing", "model_name": "Boeing 747122", "source": "FAA_AIDS"}
{"timestamp": "2026-05-24T05:48:29.994808Z", "event": "model_auto_created", "aircraft_id": 839, "manufacturer": "Boeing", "model_name": "Boeing 72730C", "source": "FAA_AIDS"}
{"timestamp": "2026-05-24T05:48:30.025469Z", "event": "model_auto_created", "aircraft_id": 840, "manufacturer": "Boeing", "model_name": "Boeing 727232", "source": "FAA_AIDS"}
{"timestamp": "2026-05-24T05:48:30.028238Z", "event": "model_auto_created", "aircraft_id": 841, "manufacturer": "Boeing", "model_name": "Boeing 727227", "source": "FAA_AIDS"}
{"timestamp": "2026-05-24T05:48:30.029615Z", "event": "model_auto_created", "aircraft_id": 842, "manufacturer": "Boeing", "model_name": "Boeing 727251", "source": "FAA_AIDS"}
{"timestamp": "2026-05-24T05:48:30.032835Z", "event": "model_auto_created", "aircraft_id": 843, "manufacturer": "Boeing", "model_name": "Boeing 727200", "source": "FAA_AIDS"}
{"timestamp": "2026-05-24T05:48:30.036305Z", "event": "model_auto_created", "aircraft_id": 844, "manufacturer": "Boeing", "model_name": "Boeing 767223", "source": "FAA_AIDS"}
{"timestamp": "2026-05-24T05:48:30.038842Z", "event": "model_auto_created", "aircraft_id": 845, "manufacturer": "Boeing", "model_name": "Boeing 767222", "source": "FAA_AIDS"}
{"timestamp": "2026-05-24T05:48:30.041675Z", "event": "model_auto_created", "aircraft_id": 846, "manufacturer": "Boeing", "model_name": "Boeing 737297", "source": "FAA_AIDS"}
{"timestamp": "2026-05-24T05:48:30.043072Z", "event": "model_auto_created", "aircraft_id": 847, "manufacturer": "Boeing", "model_name": "Boeing 757232", "source": "FAA_AIDS"}
{"timestamp": "2026-05-24T05:48:30.045398Z", "event": "model_auto_created", "aircraft_id": 848, "manufacturer": "Boeing", "model_name": "Boeing 727225", "source": "FAA_AIDS"}
{"timestamp": "2026-05-24T05:48:30.047316Z", "event": "model_auto_created", "aircraft_id": 849, "manufacturer": "Boeing", "model_name": "Boeing 747Sp09", "source": "FAA_AIDS"}
{"timestamp": "2026-05-24T05:48:30.076003Z", "event": "model_auto_created", "aircraft_id": 850, "manufacturer": "Boeing", "model_name": "Boeing 737130", "source": "FAA_AIDS"}
{"timestamp": "2026-05-24T05:48:30.080829Z", "event": "model_auto_created", "aircraft_id": 851, "manufacturer": "Boeing", "model_name": "Boeing 7372H4", "source": "FAA_AIDS"}
{"timestamp": "2026-05-24T05:48:30.082812Z", "event": "model_auto_created", "aircraft_id": 852, "manufacturer": "Boeing", "model_name": "Boeing 72795", "source": "FAA_AIDS"}
{"timestamp": "2026-05-24T05:48:30.084042Z", "event": "model_auto_created", "aircraft_id": 853, "manufacturer": "Boeing", "model_name": "Boeing 727123", "source": "FAA_AIDS"}
{"timestamp": "2026-05-24T05:48:30.085341Z", "event": "model_auto_created", "aircraft_id": 854, "manufacturer": "Boeing", "model_name": "Boeing 7373A4", "source": "FAA_AIDS"}
{"timestamp": "2026-05-24T05:48:30.088168Z", "event": "model_auto_created", "aircraft_id": 855, "manufacturer": "Boeing", "model_name": "Boeing 72762C", "source": "FAA_AIDS"}
{"timestamp": "2026-05-24T05:48:30.090492Z", "event": "model_auto_created", "aircraft_id": 856, "manufacturer": "Boeing", "model_name": "Boeing 737247", "source": "FAA_AIDS"}
{"timestamp": "2026-05-24T05:48:30.094228Z", "event": "model_auto_created", "aircraft_id": 857, "manufacturer": "Boeing", "model_name": "Boeing 727228", "source": "FAA_AIDS"}
{"timestamp": "2026-05-24T05:48:30.122871Z", "event": "model_auto_created", "aircraft_id": 858, "manufacturer": "Boeing", "model_name": "Boeing 72722C", "source": "FAA_AIDS"}
{"timestamp": "2026-05-24T05:48:30.124372Z", "event": "model_auto_created", "aircraft_id": 859, "manufacturer": "Boeing", "model_name": "Boeing 737281", "source": "FAA_AIDS"}
{"timestamp": "2026-05-24T05:48:30.127694Z", "event": "model_auto_created", "aircraft_id": 860, "manufacturer": "Boeing", "model_name": "Boeing 737222", "source": "FAA_AIDS"}
{"timestamp": "2026-05-24T05:48:30.129021Z", "event": "model_auto_created", "aircraft_id": 861, "manufacturer": "Boeing", "model_name": "Boeing 727281", "source": "FAA_AIDS"}
{"timestamp": "2026-05-24T05:48:30.131043Z", "event": "model_auto_created", "aircraft_id": 862, "manufacturer": "Boeing", "model_name": "Boeing 727214", "source": "FAA_AIDS"}
{"timestamp": "2026-05-24T05:48:30.134961Z", "event": "model_auto_created", "aircraft_id": 863, "manufacturer": "Boeing", "model_name": "Boeing 72751", "source": "FAA_AIDS"}
{"timestamp": "2026-05-24T05:48:30.138641Z", "event": "model_auto_created", "aircraft_id": 864, "manufacturer": "Boeing", "model_name": "Boeing 747251B", "source": "FAA_AIDS"}
{"timestamp": "2026-05-24T05:48:30.142132Z", "event": "model_auto_created", "aircraft_id": 865, "manufacturer": "Boeing", "model_name": "Boeing 767231", "source": "FAA_AIDS"}
{"timestamp": "2026-05-24T05:48:30.169871Z", "event": "model_auto_created", "aircraft_id": 866, "manufacturer": "Boeing", "model_name": "Boeing 747131", "source": "FAA_AIDS"}
{"timestamp": "2026-05-24T05:48:30.172699Z", "event": "model_auto_created", "aircraft_id": 867, "manufacturer": "Boeing", "model_name": "Boeing 747127", "source": "FAA_AIDS"}
{"timestamp": "2026-05-24T05:48:30.178529Z", "event": "model_auto_created", "aircraft_id": 868, "manufacturer": "Airbus", "model_name": "Airbus A300B2K3C", "source": "FAA_AIDS"}
{"timestamp": "2026-05-24T05:48:30.183330Z", "event": "model_auto_created", "aircraft_id": 869, "manufacturer": "Boeing", "model_name": "Boeing 747132", "source": "FAA_AIDS"}
{"timestamp": "2026-05-24T05:48:30.185884Z", "event": "model_auto_created", "aircraft_id": 870, "manufacturer": "Boeing", "model_name": "Boeing 7372Q8C", "source": "FAA_AIDS"}
{"timestamp": "2026-05-24T05:48:30.187888Z", "event": "model_auto_created", "aircraft_id": 871, "manufacturer": "Airbus", "model_name": "Airbus A300B42C", "source": "FAA_AIDS"}
{"timestamp": "2026-05-24T05:48:30.251253Z", "event": "model_auto_created", "aircraft_id": 872, "manufacturer": "Boeing", "model_name": "Boeing 72731", "source": "FAA_AIDS"}
{"timestamp": "2026-05-24T05:48:30.252686Z", "event": "model_auto_created", "aircraft_id": 873, "manufacturer": "Boeing", "model_name": "Boeing 727235", "source": "FAA_AIDS"}
{"timestamp": "2026-05-24T05:48:30.254082Z", "event": "model_auto_created", "aircraft_id": 874, "manufacturer": "Boeing", "model_name": "Boeing 747151", "source": "FAA_AIDS"}
{"timestamp": "2026-05-24T05:48:30.256182Z", "event": "model_auto_created", "aircraft_id": 875, "manufacturer": "Boeing", "model_name": "Boeing 757225", "source": "FAA_AIDS"}
{"timestamp": "2026-05-24T05:48:30.264603Z", "event": "model_auto_created", "aircraft_id": 876, "manufacturer": "Boeing", "model_name": "Boeing 707399C", "source": "FAA_AIDS"}
{"timestamp": "2026-05-24T05:48:30.266405Z", "event": "model_auto_created", "aircraft_id": 877, "manufacturer": "Boeing", "model_name": "Boeing 7373H4", "source": "FAA_AIDS"}
{"timestamp": "2026-05-24T05:48:30.268173Z", "event": "model_auto_created", "aircraft_id": 878, "manufacturer": "Boeing", "model_name": "Boeing 737212", "source": "FAA_AIDS"}
{"timestamp": "2026-05-24T05:48:30.295717Z", "event": "model_auto_created", "aircraft_id": 879, "manufacturer": "Boeing", "model_name": "Boeing 737200", "source": "FAA_AIDS"}
{"timestamp": "2026-05-24T05:48:30.299259Z", "event": "model_auto_created", "aircraft_id": 880, "manufacturer": "Boeing", "model_name": "Boeing 707331B", "source": "FAA_AIDS"}
{"timestamp": "2026-05-24T05:48:30.302175Z", "event": "model_auto_created", "aircraft_id": 881, "manufacturer": "Boeing", "model_name": "Boeing 727100", "source": "FAA_AIDS"}
{"timestamp": "2026-05-24T05:48:30.331156Z", "event": "model_auto_created", "aircraft_id": 882, "manufacturer": "Boeing", "model_name": "Boeing 72735", "source": "FAA_AIDS"}
{"timestamp": "2026-05-24T05:48:30.333176Z", "event": "model_auto_created", "aircraft_id": 883, "manufacturer": "Boeing", "model_name": "Boeing 707351C", "source": "FAA_AIDS"}
{"timestamp": "2026-05-24T05:48:30.337726Z", "event": "model_auto_created", "aircraft_id": 884, "manufacturer": "Boeing", "model_name": "Boeing 747130", "source": "FAA_AIDS"}
{"timestamp": "2026-05-24T05:48:30.341255Z", "event": "model_auto_created", "aircraft_id": 885, "manufacturer": "Boeing", "model_name": "Boeing 737291", "source": "FAA_AIDS"}
{"timestamp": "2026-05-24T05:48:30.372810Z", "event": "model_auto_created", "aircraft_id": 886, "manufacturer": "Airbus", "model_name": "Airbus A300B4203", "source": "FAA_AIDS"}
{"timestamp": "2026-05-24T05:48:30.374277Z", "event": "model_auto_created", "aircraft_id": 887, "manufacturer": "Boeing", "model_name": "Boeing 727264", "source": "FAA_AIDS"}
{"timestamp": "2026-05-24T05:48:30.376214Z", "event": "model_auto_created", "aircraft_id": 888, "manufacturer": "Boeing", "model_name": "Boeing 747228B", "source": "FAA_AIDS"}
{"timestamp": "2026-05-24T05:48:30.377986Z", "event": "model_auto_created", "aircraft_id": 889, "manufacturer": "Boeing", "model_name": "Boeing 7372A6", "source": "FAA_AIDS"}
{"timestamp": "2026-05-24T05:48:30.409866Z", "event": "model_auto_created", "aircraft_id": 890, "manufacturer": "Boeing", "model_name": "Boeing 72744", "source": "FAA_AIDS"}
{"timestamp": "2026-05-24T05:48:30.413832Z", "event": "model_auto_created", "aircraft_id": 891, "manufacturer": "Boeing", "model_name": "Boeing 747249F", "source": "FAA_AIDS"}
{"timestamp": "2026-05-24T05:48:30.415845Z", "event": "model_auto_created", "aircraft_id": 892, "manufacturer": "Boeing", "model_name": "Boeing 7372X6C", "source": "FAA_AIDS"}
{"timestamp": "2026-05-24T05:48:30.421365Z", "event": "model_auto_created", "aircraft_id": 893, "manufacturer": "Boeing", "model_name": "Boeing 747200F", "source": "FAA_AIDS"}
{"timestamp": "2026-05-24T05:48:30.425157Z", "event": "model_auto_created", "aircraft_id": 894, "manufacturer": "Boeing", "model_name": "Boeing 747282B", "source": "FAA_AIDS"}
{"timestamp": "2026-05-24T05:48:30.451760Z", "event": "model_auto_created", "aircraft_id": 895, "manufacturer": "Boeing", "model_name": "Boeing 7372B7", "source": "FAA_AIDS"}
{"timestamp": "2026-05-24T05:48:30.455216Z", "event": "model_auto_created", "aircraft_id": 896, "manufacturer": "Boeing", "model_name": "Boeing 727277", "source": "FAA_AIDS"}
{"timestamp": "2026-05-24T05:48:30.456842Z", "event": "model_auto_created", "aircraft_id": 897, "manufacturer": "Boeing", "model_name": "Boeing 707321B", "source": "FAA_AIDS"}
{"timestamp": "2026-05-24T05:48:30.459338Z", "event": "model_auto_created", "aircraft_id": 898, "manufacturer": "Boeing", "model_name": "Boeing 737284", "source": "FAA_AIDS"}
{"timestamp": "2026-05-24T05:48:30.462810Z", "event": "model_auto_created", "aircraft_id": 899, "manufacturer": "Boeing", "model_name": "Boeing 7272S7", "source": "FAA_AIDS"}
{"timestamp": "2026-05-24T05:48:30.464387Z", "event": "model_auto_created", "aircraft_id": 900, "manufacturer": "Boeing", "model_name": "Boeing 72751C", "source": "FAA_AIDS"}
{"timestamp": "2026-05-24T05:48:30.470692Z", "event": "model_auto_created", "aircraft_id": 901, "manufacturer": "Boeing", "model_name": "Boeing 747121", "source": "FAA_AIDS"}
{"timestamp": "2026-05-24T05:48:30.503850Z", "event": "model_auto_created", "aircraft_id": 902, "manufacturer": "Airbus", "model_name": "Airbus A300B4103", "source": "FAA_AIDS"}
{"timestamp": "2026-05-24T05:48:30.508096Z", "event": "model_auto_created", "aircraft_id": 903, "manufacturer": "Boeing", "model_name": "Boeing 747136", "source": "FAA_AIDS"}
{"timestamp": "2026-05-24T05:48:30.510489Z", "event": "model_auto_created", "aircraft_id": 904, "manufacturer": "Boeing", "model_name": "Boeing 72776", "source": "FAA_AIDS"}
{"timestamp": "2026-05-24T05:48:30.512464Z", "event": "model_auto_created", "aircraft_id": 905, "manufacturer": "Boeing", "model_name": "Boeing 7272A1", "source": "FAA_AIDS"}
{"timestamp": "2026-05-24T05:48:30.513756Z", "event": "model_auto_created", "aircraft_id": 906, "manufacturer": "Boeing", "model_name": "Boeing 747251F", "source": "FAA_AIDS"}
{"timestamp": "2026-05-24T05:48:30.516791Z", "event": "model_auto_created", "aircraft_id": 907, "manufacturer": "Boeing", "model_name": "Boeing 707331C", "source": "FAA_AIDS"}
{"timestamp": "2026-05-24T05:48:30.555333Z", "event": "model_auto_created", "aircraft_id": 908, "manufacturer": "Boeing", "model_name": "Boeing 737293", "source": "FAA_AIDS"}
{"timestamp": "2026-05-24T05:48:30.558097Z", "event": "model_auto_created", "aircraft_id": 909, "manufacturer": "Boeing", "model_name": "Boeing 7372T2", "source": "FAA_AIDS"}
{"timestamp": "2026-05-24T05:48:30.595826Z", "event": "model_auto_created", "aircraft_id": 910, "manufacturer": "Boeing", "model_name": "Boeing 7372U9", "source": "FAA_AIDS"}
{"timestamp": "2026-05-24T05:48:30.598295Z", "event": "model_auto_created", "aircraft_id": 911, "manufacturer": "Boeing", "model_name": "Boeing 737347", "source": "FAA_AIDS"}
{"timestamp": "2026-05-24T05:48:30.602878Z", "event": "model_auto_created", "aircraft_id": 912, "manufacturer": "Boeing", "model_name": "Boeing 7373B7", "source": "FAA_AIDS"}
{"timestamp": "2026-05-24T05:48:30.604676Z", "event": "model_auto_created", "aircraft_id": 913, "manufacturer": "Boeing", "model_name": "Boeing 737230C", "source": "FAA_AIDS"}
{"timestamp": "2026-05-24T05:48:30.607621Z", "event": "model_auto_created", "aircraft_id": 914, "manufacturer": "Boeing", "model_name": "Boeing 727295", "source": "FAA_AIDS"}
{"timestamp": "2026-05-24T05:48:30.678431Z", "event": "model_auto_created", "aircraft_id": 915, "manufacturer": "Boeing", "model_name": "Boeing 707323C", "source": "FAA_AIDS"}
{"timestamp": "2026-05-24T05:48:30.680285Z", "event": "model_auto_created", "aircraft_id": 916, "manufacturer": "Boeing", "model_name": "Boeing 737204", "source": "FAA_AIDS"}
{"timestamp": "2026-05-24T05:48:30.691941Z", "event": "model_auto_created", "aircraft_id": 917, "manufacturer": "Boeing", "model_name": "Boeing 737275C", "source": "FAA_AIDS"}
{"timestamp": "2026-05-24T05:48:30.693265Z", "event": "model_auto_created", "aircraft_id": 918, "manufacturer": "Boeing", "model_name": "Boeing 737232", "source": "FAA_AIDS"}
{"timestamp": "2026-05-24T05:48:30.725481Z", "event": "model_auto_created", "aircraft_id": 919, "manufacturer": "Boeing", "model_name": "Boeing 737210C", "source": "FAA_AIDS"}
{"timestamp": "2026-05-24T05:48:30.727331Z", "event": "model_auto_created", "aircraft_id": 920, "manufacturer": "Boeing", "model_name": "Boeing 737301", "source": "FAA_AIDS"}
{"timestamp": "2026-05-24T05:48:30.769553Z", "event": "model_auto_created", "aircraft_id": 921, "manufacturer": "Boeing", "model_name": "Boeing 737244", "source": "FAA_AIDS"}
{"timestamp": "2026-05-24T05:48:30.777297Z", "event": "model_auto_created", "aircraft_id": 922, "manufacturer": "Boeing", "model_name": "Boeing 7373To", "source": "FAA_AIDS"}
{"timestamp": "2026-05-24T05:48:30.816907Z", "event": "model_auto_created", "aircraft_id": 923, "manufacturer": "Boeing", "model_name": "Boeing 747245F", "source": "FAA_AIDS"}
{"timestamp": "2026-05-24T05:48:30.820422Z", "event": "model_auto_created", "aircraft_id": 924, "manufacturer": "Boeing", "model_name": "Boeing 707320C", "source": "FAA_AIDS"}
{"timestamp": "2026-05-24T05:48:30.825014Z", "event": "model_auto_created", "aircraft_id": 925, "manufacturer": "Boeing", "model_name": "Boeing 727108", "source": "FAA_AIDS"}
{"timestamp": "2026-05-24T05:48:30.859474Z", "event": "model_auto_created", "aircraft_id": 926, "manufacturer": "Boeing", "model_name": "Boeing 737112", "source": "FAA_AIDS"}
{"timestamp": "2026-05-24T05:48:30.862408Z", "event": "model_auto_created", "aircraft_id": 927, "manufacturer": "Boeing", "model_name": "Boeing 737300", "source": "FAA_AIDS"}
{"timestamp": "2026-05-24T05:48:30.869560Z", "event": "model_auto_created", "aircraft_id": 928, "manufacturer": "Airbus", "model_name": "Airbus A310200", "source": "FAA_AIDS"}
{"timestamp": "2026-05-24T05:48:30.898487Z", "event": "model_auto_created", "aircraft_id": 929, "manufacturer": "Boeing", "model_name": "Boeing 72725C", "source": "FAA_AIDS"}
{"timestamp": "2026-05-24T05:48:30.899907Z", "event": "model_auto_created", "aircraft_id": 930, "manufacturer": "Boeing", "model_name": "Boeing 737290C", "source": "FAA_AIDS"}
{"timestamp": "2026-05-24T05:48:30.906926Z", "event": "model_auto_created", "aircraft_id": 931, "manufacturer": "Boeing", "model_name": "Boeing 727172C", "source": "FAA_AIDS"}
{"timestamp": "2026-05-24T05:48:30.908640Z", "event": "model_auto_created", "aircraft_id": 932, "manufacturer": "Boeing", "model_name": "Boeing 767232", "source": "FAA_AIDS"}
{"timestamp": "2026-05-24T05:48:31.045499Z", "event": "model_auto_created", "aircraft_id": 933, "manufacturer": "Boeing", "model_name": "Boeing 7372H5", "source": "FAA_AIDS"}
{"timestamp": "2026-05-24T05:48:31.079200Z", "event": "model_auto_created", "aircraft_id": 934, "manufacturer": "Boeing", "model_name": "Boeing 767200", "source": "FAA_AIDS"}
{"timestamp": "2026-05-24T05:48:31.115267Z", "event": "model_auto_created", "aircraft_id": 935, "manufacturer": "Boeing", "model_name": "Boeing 757251", "source": "FAA_AIDS"}
{"timestamp": "2026-05-24T05:48:31.116738Z", "event": "model_auto_created", "aircraft_id": 936, "manufacturer": "Boeing", "model_name": "Boeing 727212", "source": "FAA_AIDS"}
{"timestamp": "2026-05-24T05:48:31.118643Z", "event": "model_auto_created", "aircraft_id": 937, "manufacturer": "Boeing", "model_name": "Boeing 7272Q8", "source": "FAA_AIDS"}
{"timestamp": "2026-05-24T05:48:31.120987Z", "event": "model_auto_created", "aircraft_id": 938, "manufacturer": "Boeing", "model_name": "Boeing 72790C", "source": "FAA_AIDS"}
{"timestamp": "2026-05-24T05:48:31.122929Z", "event": "model_auto_created", "aircraft_id": 939, "manufacturer": "Boeing", "model_name": "Boeing 7272J7", "source": "FAA_AIDS"}
{"timestamp": "2026-05-24T05:48:31.136143Z", "event": "model_auto_created", "aircraft_id": 940, "manufacturer": "Boeing", "model_name": "Boeing 7372S5C", "source": "FAA_AIDS"}
{"timestamp": "2026-05-24T05:48:31.138615Z", "event": "model_auto_created", "aircraft_id": 941, "manufacturer": "Boeing", "model_name": "Boeing 747200B", "source": "FAA_AIDS"}
{"timestamp": "2026-05-24T05:48:31.172004Z", "event": "model_auto_created", "aircraft_id": 942, "manufacturer": "Boeing", "model_name": "Boeing 7272B7", "source": "FAA_AIDS"}
{"timestamp": "2026-05-24T05:48:31.213785Z", "event": "model_auto_created", "aircraft_id": 943, "manufacturer": "Boeing", "model_name": "Boeing 747238B", "source": "FAA_AIDS"}
{"timestamp": "2026-05-24T05:48:31.215629Z", "event": "model_auto_created", "aircraft_id": 944, "manufacturer": "Boeing", "model_name": "Boeing 757200", "source": "FAA_AIDS"}
{"timestamp": "2026-05-24T05:48:31.250755Z", "event": "model_auto_created", "aircraft_id": 945, "manufacturer": "Boeing", "model_name": "Boeing 747212B", "source": "FAA_AIDS"}
{"timestamp": "2026-05-24T05:48:31.291444Z", "event": "model_auto_created", "aircraft_id": 946, "manufacturer": "Boeing", "model_name": "Boeing 72724C", "source": "FAA_AIDS"}
{"timestamp": "2026-05-24T05:48:31.299187Z", "event": "model_auto_created", "aircraft_id": 947, "manufacturer": "Boeing", "model_name": "Boeing 73733A", "source": "FAA_AIDS"}
{"timestamp": "2026-05-24T05:48:31.305956Z", "event": "model_auto_created", "aircraft_id": 948, "manufacturer": "Boeing", "model_name": "Boeing 7372E3A", "source": "FAA_AIDS"}
{"timestamp": "2026-05-24T05:48:31.336746Z", "event": "model_auto_created", "aircraft_id": 949, "manufacturer": "Airbus", "model_name": "Airbus A310222", "source": "FAA_AIDS"}
{"timestamp": "2026-05-24T05:48:31.340737Z", "event": "model_auto_created", "aircraft_id": 950, "manufacturer": "Boeing", "model_name": "Boeing 727221", "source": "FAA_AIDS"}
{"timestamp": "2026-05-24T05:48:31.342996Z", "event": "model_auto_created", "aircraft_id": 951, "manufacturer": "Boeing", "model_name": "Boeing 747284B", "source": "FAA_AIDS"}
{"timestamp": "2026-05-24T05:48:31.346482Z", "event": "model_auto_created", "aircraft_id": 952, "manufacturer": "Boeing", "model_name": "Boeing 737277", "source": "FAA_AIDS"}
{"timestamp": "2026-05-24T05:48:31.350721Z", "event": "model_auto_created", "aircraft_id": 953, "manufacturer": "Airbus", "model_name": "Airbus A300B21A", "source": "FAA_AIDS"}
{"timestamp": "2026-05-24T05:48:31.416862Z", "event": "model_auto_created", "aircraft_id": 954, "manufacturer": "Boeing", "model_name": "Boeing 767332", "source": "FAA_AIDS"}
{"timestamp": "2026-05-24T05:48:31.426141Z", "event": "model_auto_created", "aircraft_id": 955, "manufacturer": "Boeing", "model_name": "Boeing 747227B", "source": "FAA_AIDS"}
{"timestamp": "2026-05-24T05:48:31.496202Z", "event": "model_auto_created", "aircraft_id": 956, "manufacturer": "Airbus", "model_name": "Airbus A310324", "source": "FAA_AIDS"}
{"timestamp": "2026-05-24T05:48:31.499459Z", "event": "model_auto_created", "aircraft_id": 957, "manufacturer": "Boeing", "model_name": "Boeing 737214", "source": "FAA_AIDS"}
{"timestamp": "2026-05-24T05:48:31.546943Z", "event": "model_auto_created", "aircraft_id": 958, "manufacturer": "Boeing", "model_name": "Boeing 7372J8", "source": "FAA_AIDS"}
{"timestamp": "2026-05-24T05:48:31.586944Z", "event": "model_auto_created", "aircraft_id": 959, "manufacturer": "Boeing", "model_name": "Boeing 75724Apf", "source": "FAA_AIDS"}
{"timestamp": "2026-05-24T05:48:31.590694Z", "event": "model_auto_created", "aircraft_id": 960, "manufacturer": "Boeing", "model_name": "Boeing 767201", "source": "FAA_AIDS"}
{"timestamp": "2026-05-24T05:48:31.639491Z", "event": "model_auto_created", "aircraft_id": 961, "manufacturer": "Boeing", "model_name": "Boeing 707321C", "source": "FAA_AIDS"}
{"timestamp": "2026-05-24T05:48:31.682565Z", "event": "model_auto_created", "aircraft_id": 962, "manufacturer": "Boeing", "model_name": "Boeing 727291", "source": "FAA_AIDS"}
{"timestamp": "2026-05-24T05:48:31.691093Z", "event": "model_auto_created", "aircraft_id": 963, "manufacturer": "Boeing", "model_name": "Boeing 7572S7", "source": "FAA_AIDS"}
{"timestamp": "2026-05-24T05:48:31.694288Z", "event": "model_auto_created", "aircraft_id": 964, "manufacturer": "Boeing", "model_name": "Boeing 737322", "source": "FAA_AIDS"}
{"timestamp": "2026-05-24T05:48:31.723057Z", "event": "model_auto_created", "aircraft_id": 965, "manufacturer": "Boeing", "model_name": "Boeing 737217", "source": "FAA_AIDS"}
{"timestamp": "2026-05-24T05:48:31.732773Z", "event": "model_auto_created", "aircraft_id": 966, "manufacturer": "Boeing", "model_name": "Boeing 707330C", "source": "FAA_AIDS"}
{"timestamp": "2026-05-24T05:48:31.797189Z", "event": "model_auto_created", "aircraft_id": 967, "manufacturer": "Boeing", "model_name": "Boeing 7472F6B", "source": "FAA_AIDS"}
{"timestamp": "2026-05-24T05:48:31.800381Z", "event": "model_auto_created", "aircraft_id": 968, "manufacturer": "Boeing", "model_name": "Boeing 707323B", "source": "FAA_AIDS"}
{"timestamp": "2026-05-24T05:48:31.878146Z", "event": "model_auto_created", "aircraft_id": 969, "manufacturer": "Boeing", "model_name": "Boeing 747143", "source": "FAA_AIDS"}
{"timestamp": "2026-05-24T05:48:31.880798Z", "event": "model_auto_created", "aircraft_id": 970, "manufacturer": "Boeing", "model_name": "Boeing 727230", "source": "FAA_AIDS"}
{"timestamp": "2026-05-24T05:48:31.889323Z", "event": "model_auto_created", "aircraft_id": 971, "manufacturer": "Boeing", "model_name": "Boeing 727290", "source": "FAA_AIDS"}
{"timestamp": "2026-05-24T05:48:31.918072Z", "event": "model_auto_created", "aircraft_id": 972, "manufacturer": "Boeing", "model_name": "Boeing 767205", "source": "FAA_AIDS"}
{"timestamp": "2026-05-24T05:48:32.139859Z", "event": "model_auto_created", "aircraft_id": 973, "manufacturer": "Boeing", "model_name": "Boeing 737202C", "source": "FAA_AIDS"}
{"timestamp": "2026-05-24T05:48:32.143817Z", "event": "model_auto_created", "aircraft_id": 974, "manufacturer": "Boeing", "model_name": "Boeing 73725A", "source": "FAA_AIDS"}
{"timestamp": "2026-05-24T05:48:32.145941Z", "event": "model_auto_created", "aircraft_id": 975, "manufacturer": "Boeing", "model_name": "Boeing 737287", "source": "FAA_AIDS"}
{"timestamp": "2026-05-24T05:48:32.156284Z", "event": "model_auto_created", "aircraft_id": 976, "manufacturer": "Boeing", "model_name": "Boeing 747Spj6", "source": "FAA_AIDS"}
{"timestamp": "2026-05-24T05:48:32.187159Z", "event": "model_auto_created", "aircraft_id": 977, "manufacturer": "Boeing", "model_name": "Boeing 7372A1", "source": "FAA_AIDS"}
{"timestamp": "2026-05-24T05:48:32.193941Z", "event": "model_auto_created", "aircraft_id": 978, "manufacturer": "Boeing", "model_name": "Boeing 7373G7", "source": "FAA_AIDS"}
{"timestamp": "2026-05-24T05:48:32.195913Z", "event": "model_auto_created", "aircraft_id": 979, "manufacturer": "Boeing", "model_name": "Boeing 707311C", "source": "FAA_AIDS"}
{"timestamp": "2026-05-24T05:48:32.198911Z", "event": "model_auto_created", "aircraft_id": 980, "manufacturer": "Airbus", "model_name": "Airbus A300B4605R", "source": "FAA_AIDS"}
{"timestamp": "2026-05-24T05:48:32.243944Z", "event": "model_auto_created", "aircraft_id": 981, "manufacturer": "Boeing", "model_name": "Boeing 767323", "source": "FAA_AIDS"}
{"timestamp": "2026-05-24T05:48:32.278085Z", "event": "model_auto_created", "aircraft_id": 982, "manufacturer": "Boeing", "model_name": "Boeing 707338C", "source": "FAA_AIDS"}
{"timestamp": "2026-05-24T05:48:32.315097Z", "event": "model_auto_created", "aircraft_id": 983, "manufacturer": "Boeing", "model_name": "Boeing 747273C", "source": "FAA_AIDS"}
{"timestamp": "2026-05-24T05:48:32.334916Z", "event": "model_auto_created", "aircraft_id": 984, "manufacturer": "Boeing", "model_name": "Boeing 7373T0", "source": "FAA_AIDS"}
{"timestamp": "2026-05-24T05:48:32.411414Z", "event": "model_auto_created", "aircraft_id": 985, "manufacturer": "Boeing", "model_name": "Boeing 747243B", "source": "FAA_AIDS"}
{"timestamp": "2026-05-24T05:48:32.445431Z", "event": "model_auto_created", "aircraft_id": 986, "manufacturer": "Boeing", "model_name": "Boeing 72792C", "source": "FAA_AIDS"}
{"timestamp": "2026-05-24T05:48:32.567326Z", "event": "model_auto_created", "aircraft_id": 987, "manufacturer": "Boeing", "model_name": "Boeing 7372Q9", "source": "FAA_AIDS"}
{"timestamp": "2026-05-24T05:48:32.598286Z", "event": "model_auto_created", "aircraft_id": 988, "manufacturer": "Boeing", "model_name": "Boeing 7372C0", "source": "FAA_AIDS"}
{"timestamp": "2026-05-24T05:48:32.633112Z", "event": "model_auto_created", "aircraft_id": 989, "manufacturer": "Boeing", "model_name": "Boeing 737401", "source": "FAA_AIDS"}
{"timestamp": "2026-05-24T05:48:32.639640Z", "event": "model_auto_created", "aircraft_id": 990, "manufacturer": "Boeing", "model_name": "Boeing 72731C", "source": "FAA_AIDS"}
{"timestamp": "2026-05-24T05:48:32.641520Z", "event": "model_auto_created", "aircraft_id": 991, "manufacturer": "Boeing", "model_name": "Boeing 7672S1", "source": "FAA_AIDS"}
{"timestamp": "2026-05-24T05:48:32.716303Z", "event": "model_auto_created", "aircraft_id": 992, "manufacturer": "Boeing", "model_name": "Boeing 747156", "source": "FAA_AIDS"}
{"timestamp": "2026-05-24T05:48:32.730813Z", "event": "model_auto_created", "aircraft_id": 993, "manufacturer": "Boeing", "model_name": "Boeing 727155C", "source": "FAA_AIDS"}
{"timestamp": "2026-05-24T05:48:32.773087Z", "event": "model_auto_created", "aircraft_id": 994, "manufacturer": "Boeing", "model_name": "Boeing 7272F9", "source": "FAA_AIDS"}
{"timestamp": "2026-05-24T05:48:32.782057Z", "event": "model_auto_created", "aircraft_id": 995, "manufacturer": "Boeing", "model_name": "Boeing 7373Q8", "source": "FAA_AIDS"}
{"timestamp": "2026-05-24T05:48:32.826435Z", "event": "model_auto_created", "aircraft_id": 996, "manufacturer": "Boeing", "model_name": "Boeing 707385C", "source": "FAA_AIDS"}
{"timestamp": "2026-05-24T05:48:32.855547Z", "event": "model_auto_created", "aircraft_id": 997, "manufacturer": "Boeing", "model_name": "Boeing 757223", "source": "FAA_AIDS"}
{"timestamp": "2026-05-24T05:48:32.870351Z", "event": "model_auto_created", "aircraft_id": 998, "manufacturer": "Boeing", "model_name": "Boeing 757222", "source": "FAA_AIDS"}
{"timestamp": "2026-05-24T05:48:32.873351Z", "event": "model_auto_created", "aircraft_id": 999, "manufacturer": "Boeing", "model_name": "Boeing 747283B", "source": "FAA_AIDS"}
{"timestamp": "2026-05-24T05:48:32.946086Z", "event": "model_auto_created", "aircraft_id": 1000, "manufacturer": "Boeing", "model_name": "Boeing 7372K9", "source": "FAA_AIDS"}
{"timestamp": "2026-05-24T05:48:33.025692Z", "event": "model_auto_created", "aircraft_id": 1001, "manufacturer": "Boeing", "model_name": "Boeing 727180C", "source": "FAA_AIDS"}
{"timestamp": "2026-05-24T05:48:33.038209Z", "event": "model_auto_created", "aircraft_id": 1002, "manufacturer": "Boeing", "model_name": "Boeing 707138B", "source": "FAA_AIDS"}
{"timestamp": "2026-05-24T05:48:33.115096Z", "event": "model_auto_created", "aircraft_id": 1003, "manufacturer": "Boeing", "model_name": "Boeing 747124", "source": "FAA_AIDS"}
{"timestamp": "2026-05-24T05:48:33.149563Z", "event": "model_auto_created", "aircraft_id": 1004, "manufacturer": "Boeing", "model_name": "Boeing 7375H4", "source": "FAA_AIDS"}
{"timestamp": "2026-05-24T05:48:33.155352Z", "event": "model_auto_created", "aircraft_id": 1005, "manufacturer": "Airbus", "model_name": "Airbus A320211", "source": "FAA_AIDS"}
{"timestamp": "2026-05-24T05:48:33.159280Z", "event": "model_auto_created", "aircraft_id": 1006, "manufacturer": "Boeing", "model_name": "Boeing 737219", "source": "FAA_AIDS"}
{"timestamp": "2026-05-24T05:48:33.189392Z", "event": "model_auto_created", "aircraft_id": 1007, "manufacturer": "Boeing", "model_name": "Boeing 757212", "source": "FAA_AIDS"}
{"timestamp": "2026-05-24T05:48:33.225440Z", "event": "model_auto_created", "aircraft_id": 1008, "manufacturer": "Airbus", "model_name": "Airbus A320231", "source": "FAA_AIDS"}
{"timestamp": "2026-05-24T05:48:33.313554Z", "event": "model_auto_created", "aircraft_id": 1009, "manufacturer": "Boeing", "model_name": "Boeing 747422", "source": "FAA_AIDS"}
{"timestamp": "2026-05-24T05:48:33.388111Z", "event": "model_auto_created", "aircraft_id": 1010, "manufacturer": "Boeing", "model_name": "Boeing 7374B7", "source": "FAA_AIDS"}
{"timestamp": "2026-05-24T05:48:33.394255Z", "event": "model_auto_created", "aircraft_id": 1011, "manufacturer": "Boeing", "model_name": "Boeing 747Sp27", "source": "FAA_AIDS"}
{"timestamp": "2026-05-24T05:48:33.520772Z", "event": "model_auto_created", "aircraft_id": 1012, "manufacturer": "Boeing", "model_name": "Boeing 747133", "source": "FAA_AIDS"}
{"timestamp": "2026-05-24T05:48:33.527232Z", "event": "model_auto_created", "aircraft_id": 1013, "manufacturer": "Boeing", "model_name": "Boeing 727233", "source": "FAA_AIDS"}
{"timestamp": "2026-05-24T05:48:33.566474Z", "event": "model_auto_created", "aircraft_id": 1014, "manufacturer": "Boeing", "model_name": "Boeing 727276", "source": "FAA_AIDS"}
{"timestamp": "2026-05-24T05:48:33.600217Z", "event": "model_auto_created", "aircraft_id": 1015, "manufacturer": "Boeing", "model_name": "Boeing 727151C", "source": "FAA_AIDS"}
{"timestamp": "2026-05-24T05:48:33.606534Z", "event": "model_auto_created", "aircraft_id": 1016, "manufacturer": "Boeing", "model_name": "Boeing 747230B", "source": "FAA_AIDS"}
{"timestamp": "2026-05-24T05:48:33.613070Z", "event": "model_auto_created", "aircraft_id": 1017, "manufacturer": "Boeing", "model_name": "Boeing 747206B", "source": "FAA_AIDS"}
{"timestamp": "2026-05-24T05:48:33.677929Z", "event": "model_auto_created", "aircraft_id": 1018, "manufacturer": "Boeing", "model_name": "Boeing 7372M6C", "source": "FAA_AIDS"}
{"timestamp": "2026-05-24T05:48:33.752516Z", "event": "model_auto_created", "aircraft_id": 1019, "manufacturer": "Boeing", "model_name": "Boeing 727254", "source": "FAA_AIDS"}
{"timestamp": "2026-05-24T05:48:33.790753Z", "event": "model_auto_created", "aircraft_id": 1020, "manufacturer": "Boeing", "model_name": "Boeing 737522", "source": "FAA_AIDS"}
{"timestamp": "2026-05-24T05:48:33.801107Z", "event": "model_auto_created", "aircraft_id": 1021, "manufacturer": "Boeing", "model_name": "Boeing 7372S2C", "source": "FAA_AIDS"}
{"timestamp": "2026-05-24T05:48:33.872082Z", "event": "model_auto_created", "aircraft_id": 1022, "manufacturer": "Boeing", "model_name": "Boeing 707123B", "source": "FAA_AIDS"}
{"timestamp": "2026-05-24T05:48:33.881977Z", "event": "model_auto_created", "aircraft_id": 1023, "manufacturer": "Boeing", "model_name": "Boeing 747451", "source": "FAA_AIDS"}
{"timestamp": "2026-05-24T05:48:33.923591Z", "event": "model_auto_created", "aircraft_id": 1024, "manufacturer": "Boeing", "model_name": "Boeing 747300", "source": "FAA_AIDS"}
{"timestamp": "2026-05-24T05:48:33.925155Z", "event": "model_auto_created", "aircraft_id": 1025, "manufacturer": "Boeing", "model_name": "Boeing 727191", "source": "FAA_AIDS"}
{"timestamp": "2026-05-24T05:48:33.964955Z", "event": "model_auto_created", "aircraft_id": 1026, "manufacturer": "Boeing", "model_name": "Boeing 72761", "source": "FAA_AIDS"}
{"timestamp": "2026-05-24T05:48:33.969836Z", "event": "model_auto_created", "aircraft_id": 1027, "manufacturer": "Boeing", "model_name": "Boeing 7373S3", "source": "FAA_AIDS"}
{"timestamp": "2026-05-24T05:48:33.971803Z", "event": "model_auto_created", "aircraft_id": 1028, "manufacturer": "Boeing", "model_name": "Boeing 767322Er", "source": "FAA_AIDS"}
{"timestamp": "2026-05-24T05:48:33.978867Z", "event": "model_auto_created", "aircraft_id": 1029, "manufacturer": "Boeing", "model_name": "Boeing 727173C", "source": "FAA_AIDS"}
{"timestamp": "2026-05-24T05:48:34.012613Z", "event": "model_auto_created", "aircraft_id": 1030, "manufacturer": "Boeing", "model_name": "Boeing 75723Apf", "source": "FAA_AIDS"}
{"timestamp": "2026-05-24T05:48:34.015599Z", "event": "model_auto_created", "aircraft_id": 1031, "manufacturer": "Boeing", "model_name": "Boeing 737353", "source": "FAA_AIDS"}
{"timestamp": "2026-05-24T05:48:34.207533Z", "event": "model_auto_created", "aircraft_id": 1032, "manufacturer": "Boeing", "model_name": "Boeing 707324C", "source": "FAA_AIDS"}
{"timestamp": "2026-05-24T05:48:34.701761Z", "event": "model_auto_created", "aircraft_id": 1033, "manufacturer": "Boeing", "model_name": "Boeing 747368", "source": "FAA_AIDS"}
{"timestamp": "2026-05-24T05:48:34.766464Z", "event": "model_auto_created", "aircraft_id": 1034, "manufacturer": "Boeing", "model_name": "Boeing 1072", "source": "FAA_AIDS"}
{"timestamp": "2026-05-24T05:48:34.850867Z", "event": "model_auto_created", "aircraft_id": 1035, "manufacturer": "Boeing", "model_name": "Boeing 747Sr46", "source": "FAA_AIDS"}
{"timestamp": "2026-05-24T05:48:34.853577Z", "event": "model_auto_created", "aircraft_id": 1036, "manufacturer": "Boeing", "model_name": "Boeing 747146", "source": "FAA_AIDS"}
{"timestamp": "2026-05-24T05:48:35.004188Z", "event": "model_auto_created", "aircraft_id": 1037, "manufacturer": "Boeing", "model_name": "Boeing 767300", "source": "FAA_AIDS"}
{"timestamp": "2026-05-24T05:48:35.037059Z", "event": "model_auto_created", "aircraft_id": 1038, "manufacturer": "Boeing", "model_name": "Boeing 747100", "source": "FAA_AIDS"}
{"timestamp": "2026-05-24T05:48:35.099260Z", "event": "model_auto_created", "aircraft_id": 1039, "manufacturer": "Boeing", "model_name": "Boeing 727C3", "source": "FAA_AIDS"}
{"timestamp": "2026-05-24T05:48:35.133463Z", "event": "model_auto_created", "aircraft_id": 1040, "manufacturer": "Boeing", "model_name": "Boeing 737524", "source": "FAA_AIDS"}
{"timestamp": "2026-05-24T05:48:35.202692Z", "event": "model_auto_created", "aircraft_id": 1041, "manufacturer": "Boeing", "model_name": "Boeing 7374S3", "source": "FAA_AIDS"}
{"timestamp": "2026-05-24T05:48:35.314283Z", "event": "model_auto_created", "aircraft_id": 1042, "manufacturer": "Boeing", "model_name": "Boeing 747128", "source": "FAA_AIDS"}
{"timestamp": "2026-05-24T05:48:35.318972Z", "event": "model_auto_created", "aircraft_id": 1043, "manufacturer": "Boeing", "model_name": "Boeing 737242", "source": "FAA_AIDS"}
{"timestamp": "2026-05-24T05:48:35.359673Z", "event": "model_auto_created", "aircraft_id": 1044, "manufacturer": "Airbus", "model_name": "Airbus A320232", "source": "FAA_AIDS"}
{"timestamp": "2026-05-24T05:48:35.388531Z", "event": "model_auto_created", "aircraft_id": 1045, "manufacturer": "Boeing", "model_name": "Boeing 7572Q8", "source": "FAA_AIDS"}
{"timestamp": "2026-05-24T05:48:35.390349Z", "event": "model_auto_created", "aircraft_id": 1046, "manufacturer": "Boeing", "model_name": "Boeing 7373T5", "source": "FAA_AIDS"}
{"timestamp": "2026-05-24T05:48:35.544764Z", "event": "model_auto_created", "aircraft_id": 1047, "manufacturer": "Boeing", "model_name": "Boeing 7374Q8", "source": "FAA_AIDS"}
{"timestamp": "2026-05-24T05:48:35.554068Z", "event": "model_auto_created", "aircraft_id": 1048, "manufacturer": "Boeing", "model_name": "Boeing 72721C", "source": "FAA_AIDS"}
{"timestamp": "2026-05-24T05:48:35.591675Z", "event": "model_auto_created", "aircraft_id": 1049, "manufacturer": "Boeing", "model_name": "Boeing 75723N", "source": "FAA_AIDS"}
{"timestamp": "2026-05-24T05:48:35.595039Z", "event": "model_auto_created", "aircraft_id": 1050, "manufacturer": "Boeing", "model_name": "Boeing 737100", "source": "FAA_AIDS"}
{"timestamp": "2026-05-24T05:48:35.665977Z", "event": "model_auto_created", "aircraft_id": 1051, "manufacturer": "Boeing", "model_name": "Boeing 7272D4", "source": "FAA_AIDS"}
{"timestamp": "2026-05-24T05:48:35.671064Z", "event": "model_auto_created", "aircraft_id": 1052, "manufacturer": "Boeing", "model_name": "Boeing 7372H6", "source": "FAA_AIDS"}
{"timestamp": "2026-05-24T05:48:35.673310Z", "event": "model_auto_created", "aircraft_id": 1053, "manufacturer": "Boeing", "model_name": "Boeing 72782", "source": "FAA_AIDS"}
{"timestamp": "2026-05-24T05:48:35.709032Z", "event": "model_auto_created", "aircraft_id": 1054, "manufacturer": "Airbus", "model_name": "Airbus A340211", "source": "FAA_AIDS"}
{"timestamp": "2026-05-24T05:48:35.741101Z", "event": "model_auto_created", "aircraft_id": 1055, "manufacturer": "Boeing", "model_name": "Boeing 747230F", "source": "FAA_AIDS"}
{"timestamp": "2026-05-24T05:48:35.747976Z", "event": "model_auto_created", "aircraft_id": 1056, "manufacturer": "Boeing", "model_name": "Boeing 7372P6", "source": "FAA_AIDS"}
{"timestamp": "2026-05-24T05:48:35.808974Z", "event": "model_auto_created", "aircraft_id": 1057, "manufacturer": "Boeing", "model_name": "Boeing 7272J4", "source": "FAA_AIDS"}
{"timestamp": "2026-05-24T05:48:35.862445Z", "event": "model_auto_created", "aircraft_id": 1058, "manufacturer": "Boeing", "model_name": "Boeing 7272L5", "source": "FAA_AIDS"}
{"timestamp": "2026-05-24T05:48:35.867318Z", "event": "model_auto_created", "aircraft_id": 1059, "manufacturer": "Boeing", "model_name": "Boeing 747269B", "source": "FAA_AIDS"}
{"timestamp": "2026-05-24T05:48:35.896958Z", "event": "model_auto_created", "aircraft_id": 1060, "manufacturer": "Boeing", "model_name": "Boeing 7374Y0", "source": "FAA_AIDS"}
{"timestamp": "2026-05-24T05:48:35.899221Z", "event": "model_auto_created", "aircraft_id": 1061, "manufacturer": "Boeing", "model_name": "Boeing 7672B7", "source": "FAA_AIDS"}
{"timestamp": "2026-05-24T05:48:35.902733Z", "event": "model_auto_created", "aircraft_id": 1062, "manufacturer": "Boeing", "model_name": "Boeing 747467F", "source": "FAA_AIDS"}
{"timestamp": "2026-05-24T05:48:36.007981Z", "event": "model_auto_created", "aircraft_id": 1063, "manufacturer": "Boeing", "model_name": "Boeing 747400", "source": "FAA_AIDS"}
{"timestamp": "2026-05-24T05:48:36.012427Z", "event": "model_auto_created", "aircraft_id": 1064, "manufacturer": "Boeing", "model_name": "Boeing 757224", "source": "FAA_AIDS"}
{"timestamp": "2026-05-24T05:48:36.085518Z", "event": "model_auto_created", "aircraft_id": 1065, "manufacturer": "Boeing", "model_name": "Boeing 737205", "source": "FAA_AIDS"}
{"timestamp": "2026-05-24T05:48:36.089087Z", "event": "model_auto_created", "aircraft_id": 1066, "manufacturer": "Boeing", "model_name": "Boeing 737500", "source": "FAA_AIDS"}
{"timestamp": "2026-05-24T05:48:36.090477Z", "event": "model_auto_created", "aircraft_id": 1067, "manufacturer": "Boeing", "model_name": "Boeing 72777C", "source": "FAA_AIDS"}
{"timestamp": "2026-05-24T05:48:36.098709Z", "event": "model_auto_created", "aircraft_id": 1068, "manufacturer": "Boeing", "model_name": "Boeing 7572B7", "source": "FAA_AIDS"}
{"timestamp": "2026-05-24T05:48:36.166571Z", "event": "model_auto_created", "aircraft_id": 1069, "manufacturer": "Boeing", "model_name": "Boeing 757236", "source": "FAA_AIDS"}
{"timestamp": "2026-05-24T05:48:36.172218Z", "event": "model_auto_created", "aircraft_id": 1070, "manufacturer": "Airbus", "model_name": "Airbus A320212", "source": "FAA_AIDS"}
{"timestamp": "2026-05-24T05:48:36.175953Z", "event": "model_auto_created", "aircraft_id": 1071, "manufacturer": "Airbus", "model_name": "Airbus A310203", "source": "FAA_AIDS"}
{"timestamp": "2026-05-24T05:48:36.205583Z", "event": "model_auto_created", "aircraft_id": 1072, "manufacturer": "Boeing", "model_name": "Boeing 7673P6", "source": "FAA_AIDS"}
{"timestamp": "2026-05-24T05:48:36.208164Z", "event": "model_auto_created", "aircraft_id": 1073, "manufacturer": "Boeing", "model_name": "Boeing 7472D7B", "source": "FAA_AIDS"}
{"timestamp": "2026-05-24T05:48:36.251165Z", "event": "model_auto_created", "aircraft_id": 1074, "manufacturer": "Boeing", "model_name": "Boeing 7377H4", "source": "FAA_AIDS"}
{"timestamp": "2026-05-24T05:48:36.293918Z", "event": "model_auto_created", "aircraft_id": 1075, "manufacturer": "Boeing", "model_name": "Boeing 777222", "source": "FAA_AIDS"}
{"timestamp": "2026-05-24T05:48:36.303265Z", "event": "model_auto_created", "aircraft_id": 1076, "manufacturer": "Boeing", "model_name": "Boeing 737400", "source": "FAA_AIDS"}
{"timestamp": "2026-05-24T05:48:36.333034Z", "event": "model_auto_created", "aircraft_id": 1077, "manufacturer": "Airbus", "model_name": "Airbus A320233", "source": "FAA_AIDS"}
{"timestamp": "2026-05-24T05:48:36.335642Z", "event": "model_auto_created", "aircraft_id": 1078, "manufacturer": "Airbus", "model_name": "Airbus A320321", "source": "FAA_AIDS"}
{"timestamp": "2026-05-24T05:48:36.414477Z", "event": "model_auto_created", "aircraft_id": 1079, "manufacturer": "Boeing", "model_name": "Boeing 7272J0", "source": "FAA_AIDS"}
{"timestamp": "2026-05-24T05:48:36.459471Z", "event": "model_auto_created", "aircraft_id": 1080, "manufacturer": "Boeing", "model_name": "Boeing 727225A", "source": "FAA_AIDS"}
{"timestamp": "2026-05-24T05:48:36.466612Z", "event": "model_auto_created", "aircraft_id": 1081, "manufacturer": "Boeing", "model_name": "Boeing 7372L9", "source": "FAA_AIDS"}
{"timestamp": "2026-05-24T05:48:36.468574Z", "event": "model_auto_created", "aircraft_id": 1082, "manufacturer": "Boeing", "model_name": "Boeing 727208", "source": "FAA_AIDS"}
{"timestamp": "2026-05-24T05:48:36.471932Z", "event": "model_auto_created", "aircraft_id": 1083, "manufacturer": "Boeing", "model_name": "Boeing 72744C", "source": "FAA_AIDS"}
{"timestamp": "2026-05-24T05:48:36.542805Z", "event": "model_auto_created", "aircraft_id": 1084, "manufacturer": "Boeing", "model_name": "Boeing 737490", "source": "FAA_AIDS"}
{"timestamp": "2026-05-24T05:48:36.576961Z", "event": "model_auto_created", "aircraft_id": 1085, "manufacturer": "Boeing", "model_name": "Boeing 747Sp44", "source": "FAA_AIDS"}
{"timestamp": "2026-05-24T05:48:36.585255Z", "event": "model_auto_created", "aircraft_id": 1086, "manufacturer": "Airbus", "model_name": "Airbus A300F4605R", "source": "FAA_AIDS"}
{"timestamp": "2026-05-24T05:48:36.618600Z", "event": "model_auto_created", "aircraft_id": 1087, "manufacturer": "Boeing", "model_name": "Boeing 757231", "source": "FAA_AIDS"}
{"timestamp": "2026-05-24T05:48:36.620073Z", "event": "model_auto_created", "aircraft_id": 1088, "manufacturer": "Boeing", "model_name": "Boeing 737317", "source": "FAA_AIDS"}
{"timestamp": "2026-05-24T05:48:36.630300Z", "event": "model_auto_created", "aircraft_id": 1089, "manufacturer": "Boeing", "model_name": "Boeing 737242C", "source": "FAA_AIDS"}
{"timestamp": "2026-05-24T05:48:36.634571Z", "event": "model_auto_created", "aircraft_id": 1090, "manufacturer": "Boeing", "model_name": "Boeing 777224", "source": "FAA_AIDS"}
{"timestamp": "2026-05-24T05:48:36.748557Z", "event": "model_auto_created", "aircraft_id": 1091, "manufacturer": "Boeing", "model_name": "Boeing 737824", "source": "FAA_AIDS"}
{"timestamp": "2026-05-24T05:48:36.781071Z", "event": "model_auto_created", "aircraft_id": 1092, "manufacturer": "Boeing", "model_name": "Boeing 747259B", "source": "FAA_AIDS"}
{"timestamp": "2026-05-24T05:48:36.821611Z", "event": "model_auto_created", "aircraft_id": 1093, "manufacturer": "Boeing", "model_name": "Boeing 72789", "source": "FAA_AIDS"}
{"timestamp": "2026-05-24T05:48:36.829429Z", "event": "model_auto_created", "aircraft_id": 1094, "manufacturer": "Boeing", "model_name": "Boeing 737724", "source": "FAA_AIDS"}
{"timestamp": "2026-05-24T05:48:36.833532Z", "event": "model_auto_created", "aircraft_id": 1095, "manufacturer": "Boeing", "model_name": "Boeing 7474F6", "source": "FAA_AIDS"}
{"timestamp": "2026-05-24T05:48:36.878024Z", "event": "model_auto_created", "aircraft_id": 1096, "manufacturer": "Boeing", "model_name": "Boeing 7272X3", "source": "FAA_AIDS"}
{"timestamp": "2026-05-24T05:48:36.989018Z", "event": "model_auto_created", "aircraft_id": 1097, "manufacturer": "Boeing", "model_name": "Boeing 737832", "source": "FAA_AIDS"}
{"timestamp": "2026-05-24T05:48:36.990450Z", "event": "model_auto_created", "aircraft_id": 1098, "manufacturer": "Boeing", "model_name": "Boeing 72746", "source": "FAA_AIDS"}
{"timestamp": "2026-05-24T05:48:36.992059Z", "event": "model_auto_created", "aircraft_id": 1099, "manufacturer": "Boeing", "model_name": "Boeing 737823", "source": "FAA_AIDS"}
{"timestamp": "2026-05-24T05:48:37.076060Z", "event": "model_auto_created", "aircraft_id": 1100, "manufacturer": "Boeing", "model_name": "Boeing 7472R7F", "source": "FAA_AIDS"}
{"timestamp": "2026-05-24T05:48:37.139973Z", "event": "model_auto_created", "aircraft_id": 1101, "manufacturer": "Boeing", "model_name": "Boeing 7372K6", "source": "FAA_AIDS"}
{"timestamp": "2026-05-24T05:48:37.215496Z", "event": "model_auto_created", "aircraft_id": 1102, "manufacturer": "Boeing", "model_name": "Boeing 76734Af", "source": "FAA_AIDS"}
{"timestamp": "2026-05-24T05:48:37.230089Z", "event": "model_auto_created", "aircraft_id": 1103, "manufacturer": "Boeing", "model_name": "Boeing 7572Y0", "source": "FAA_AIDS"}
{"timestamp": "2026-05-24T05:48:37.294103Z", "event": "model_auto_created", "aircraft_id": 1104, "manufacturer": "Boeing", "model_name": "Boeing 747257B", "source": "FAA_AIDS"}
{"timestamp": "2026-05-24T05:48:37.296175Z", "event": "model_auto_created", "aircraft_id": 1105, "manufacturer": "Boeing", "model_name": "Boeing 7372Y5", "source": "FAA_AIDS"}
{"timestamp": "2026-05-24T05:48:37.299089Z", "event": "model_auto_created", "aircraft_id": 1106, "manufacturer": "Boeing", "model_name": "Boeing 727J4", "source": "FAA_AIDS"}
{"timestamp": "2026-05-24T05:48:37.334993Z", "event": "model_auto_created", "aircraft_id": 1107, "manufacturer": "Airbus", "model_name": "Airbus A319131", "source": "FAA_AIDS"}
{"timestamp": "2026-05-24T05:48:37.336845Z", "event": "model_auto_created", "aircraft_id": 1108, "manufacturer": "Boeing", "model_name": "Boeing 7373Y0", "source": "FAA_AIDS"}
{"timestamp": "2026-05-24T05:48:37.348032Z", "event": "model_auto_created", "aircraft_id": 1109, "manufacturer": "Boeing", "model_name": "Boeing 737282", "source": "FAA_AIDS"}
{"timestamp": "2026-05-24T05:48:37.380713Z", "event": "model_auto_created", "aircraft_id": 1110, "manufacturer": "Boeing", "model_name": "Boeing 737200A", "source": "FAA_AIDS"}
{"timestamp": "2026-05-24T05:48:37.383111Z", "event": "model_auto_created", "aircraft_id": 1111, "manufacturer": "Boeing", "model_name": "Boeing 7572G7", "source": "FAA_AIDS"}
{"timestamp": "2026-05-24T05:48:37.391330Z", "event": "model_auto_created", "aircraft_id": 1112, "manufacturer": "Boeing", "model_name": "Boeing 737790", "source": "FAA_AIDS"}
{"timestamp": "2026-05-24T05:48:37.428633Z", "event": "model_auto_created", "aircraft_id": 1113, "manufacturer": "Boeing", "model_name": "Boeing 727260", "source": "FAA_AIDS"}
{"timestamp": "2026-05-24T05:48:37.436231Z", "event": "model_auto_created", "aircraft_id": 1114, "manufacturer": "Boeing", "model_name": "Boeing 777232", "source": "FAA_AIDS"}
{"timestamp": "2026-05-24T05:48:37.515869Z", "event": "model_auto_created", "aircraft_id": 1115, "manufacturer": "Boeing", "model_name": "Boeing 73749R", "source": "FAA_AIDS"}
{"timestamp": "2026-05-24T05:48:37.555358Z", "event": "model_auto_created", "aircraft_id": 1116, "manufacturer": "Boeing", "model_name": "Boeing 737236", "source": "FAA_AIDS"}
{"timestamp": "2026-05-24T05:48:37.558778Z", "event": "model_auto_created", "aircraft_id": 1117, "manufacturer": "Airbus", "model_name": "Airbus A319132", "source": "FAA_AIDS"}
{"timestamp": "2026-05-24T05:48:37.605462Z", "event": "model_auto_created", "aircraft_id": 1118, "manufacturer": "Boeing", "model_name": "Boeing 777223", "source": "FAA_AIDS"}
{"timestamp": "2026-05-24T05:48:37.752019Z", "event": "model_auto_created", "aircraft_id": 1119, "manufacturer": "Airbus", "model_name": "Airbus A340313", "source": "FAA_AIDS"}
{"timestamp": "2026-05-24T05:48:37.801074Z", "event": "model_auto_created", "aircraft_id": 1120, "manufacturer": "Boeing", "model_name": "Boeing 717200", "source": "FAA_AIDS"}
{"timestamp": "2026-05-24T05:48:37.810094Z", "event": "model_auto_created", "aircraft_id": 1121, "manufacturer": "Boeing", "model_name": "Boeing 767432Er", "source": "FAA_AIDS"}
{"timestamp": "2026-05-24T05:48:37.812634Z", "event": "model_auto_created", "aircraft_id": 1122, "manufacturer": "Boeing", "model_name": "Boeing 7372E1", "source": "FAA_AIDS"}
{"timestamp": "2026-05-24T05:48:37.849088Z", "event": "model_auto_created", "aircraft_id": 1123, "manufacturer": "Boeing", "model_name": "Boeing 727108C", "source": "FAA_AIDS"}
{"timestamp": "2026-05-24T05:48:37.889603Z", "event": "model_auto_created", "aircraft_id": 1124, "manufacturer": "Boeing", "model_name": "Boeing 75728A", "source": "FAA_AIDS"}
{"timestamp": "2026-05-24T05:48:37.929506Z", "event": "model_auto_created", "aircraft_id": 1125, "manufacturer": "Airbus", "model_name": "Airbus A300F4622R", "source": "FAA_AIDS"}
{"timestamp": "2026-05-24T05:48:37.972745Z", "event": "model_auto_created", "aircraft_id": 1126, "manufacturer": "Boeing", "model_name": "Boeing 7272Q6", "source": "FAA_AIDS"}
{"timestamp": "2026-05-24T05:48:38.038995Z", "event": "model_auto_created", "aircraft_id": 1127, "manufacturer": "Boeing", "model_name": "Boeing 7474B5B", "source": "FAA_AIDS"}
{"timestamp": "2026-05-24T05:48:38.046578Z", "event": "model_auto_created", "aircraft_id": 1128, "manufacturer": "Airbus", "model_name": "Airbus A321211", "source": "FAA_AIDS"}
{"timestamp": "2026-05-24T05:48:38.052087Z", "event": "model_auto_created", "aircraft_id": 1129, "manufacturer": "Airbus", "model_name": "Airbus A319112", "source": "FAA_AIDS"}
{"timestamp": "2026-05-24T05:48:38.087232Z", "event": "model_auto_created", "aircraft_id": 1130, "manufacturer": "Boeing", "model_name": "Boeing 73776N", "source": "FAA_AIDS"}
{"timestamp": "2026-05-24T05:48:38.119286Z", "event": "model_auto_created", "aircraft_id": 1131, "manufacturer": "Boeing", "model_name": "Boeing 737330", "source": "FAA_AIDS"}
{"timestamp": "2026-05-24T05:48:38.127658Z", "event": "model_auto_created", "aircraft_id": 1132, "manufacturer": "Boeing", "model_name": "Boeing 747228F", "source": "FAA_AIDS"}
{"timestamp": "2026-05-24T05:48:38.134222Z", "event": "model_auto_created", "aircraft_id": 1133, "manufacturer": "Boeing", "model_name": "Boeing 7472J9F", "source": "FAA_AIDS"}
{"timestamp": "2026-05-24T05:48:38.164317Z", "event": "model_auto_created", "aircraft_id": 1134, "manufacturer": "Boeing", "model_name": "Boeing 727282", "source": "FAA_AIDS"}
{"timestamp": "2026-05-24T05:48:38.168793Z", "event": "model_auto_created", "aircraft_id": 1135, "manufacturer": "Boeing", "model_name": "Boeing 74745E", "source": "FAA_AIDS"}
{"timestamp": "2026-05-24T05:48:38.210086Z", "event": "model_auto_created", "aircraft_id": 1136, "manufacturer": "Boeing", "model_name": "Boeing 75733N", "source": "FAA_AIDS"}
{"timestamp": "2026-05-24T05:48:38.218434Z", "event": "model_auto_created", "aircraft_id": 1137, "manufacturer": "Boeing", "model_name": "Boeing 767224", "source": "FAA_AIDS"}
{"timestamp": "2026-05-24T05:48:38.223015Z", "event": "model_auto_created", "aircraft_id": 1138, "manufacturer": "Airbus", "model_name": "Airbus A319114", "source": "FAA_AIDS"}
{"timestamp": "2026-05-24T05:48:38.289219Z", "event": "model_auto_created", "aircraft_id": 1139, "manufacturer": "Boeing", "model_name": "Boeing 7378Q8", "source": "FAA_AIDS"}
{"timestamp": "2026-05-24T05:48:38.295069Z", "event": "model_auto_created", "aircraft_id": 1140, "manufacturer": "Boeing", "model_name": "Boeing 737306", "source": "FAA_AIDS"}
{"timestamp": "2026-05-24T05:48:38.329064Z", "event": "model_auto_created", "aircraft_id": 1141, "manufacturer": "Airbus", "model_name": "Airbus A310300", "source": "FAA_AIDS"}
{"timestamp": "2026-05-24T05:48:38.436439Z", "event": "model_auto_created", "aircraft_id": 1142, "manufacturer": "Airbus", "model_name": "Airbus A340311", "source": "FAA_AIDS"}
{"timestamp": "2026-05-24T05:48:38.438985Z", "event": "model_auto_created", "aircraft_id": 1143, "manufacturer": "Boeing", "model_name": "Boeing 73783N", "source": "FAA_AIDS"}
{"timestamp": "2026-05-24T05:48:38.441533Z", "event": "model_auto_created", "aircraft_id": 1144, "manufacturer": "Airbus", "model_name": "Airbus A330323", "source": "FAA_AIDS"}
{"timestamp": "2026-05-24T05:48:38.472132Z", "event": "model_auto_created", "aircraft_id": 1145, "manufacturer": "Boeing", "model_name": "Boeing 737924", "source": "FAA_AIDS"}
{"timestamp": "2026-05-24T05:48:38.516369Z", "event": "model_auto_created", "aircraft_id": 1146, "manufacturer": "Airbus", "model_name": "Airbus A330300", "source": "FAA_AIDS"}
{"timestamp": "2026-05-24T05:48:38.519844Z", "event": "model_auto_created", "aircraft_id": 1147, "manufacturer": "Boeing", "model_name": "Boeing 73773A", "source": "FAA_AIDS"}
{"timestamp": "2026-05-24T05:48:38.553890Z", "event": "model_auto_created", "aircraft_id": 1148, "manufacturer": "Airbus", "model_name": "Airbus A319111", "source": "FAA_AIDS"}
{"timestamp": "2026-05-24T05:48:38.557687Z", "event": "model_auto_created", "aircraft_id": 1149, "manufacturer": "Boeing", "model_name": "Boeing 757351", "source": "FAA_AIDS"}
{"timestamp": "2026-05-24T05:48:38.562375Z", "event": "model_auto_created", "aircraft_id": 1150, "manufacturer": "Boeing", "model_name": "Boeing 747246F", "source": "FAA_AIDS"}
{"timestamp": "2026-05-24T05:48:38.566421Z", "event": "model_auto_created", "aircraft_id": 1151, "manufacturer": "Boeing", "model_name": "Boeing 73735B", "source": "FAA_AIDS"}
{"timestamp": "2026-05-24T05:48:38.706401Z", "event": "model_auto_created", "aircraft_id": 1152, "manufacturer": "Airbus", "model_name": "Airbus A330243", "source": "FAA_AIDS"}
{"timestamp": "2026-05-24T05:48:38.708874Z", "event": "model_auto_created", "aircraft_id": 1153, "manufacturer": "Boeing", "model_name": "Boeing 74746Nf", "source": "FAA_AIDS"}
{"timestamp": "2026-05-24T05:48:38.771336Z", "event": "model_auto_created", "aircraft_id": 1154, "manufacturer": "Airbus", "model_name": "Airbus A318111", "source": "FAA_AIDS"}
{"timestamp": "2026-05-24T05:48:38.777027Z", "event": "model_auto_created", "aircraft_id": 1155, "manufacturer": "Airbus", "model_name": "Airbus A320214", "source": "FAA_AIDS"}
{"timestamp": "2026-05-24T05:48:38.820356Z", "event": "model_auto_created", "aircraft_id": 1156, "manufacturer": "Boeing", "model_name": "Boeing 727185C", "source": "FAA_AIDS"}
{"timestamp": "2026-05-24T05:48:38.900752Z", "event": "model_auto_created", "aircraft_id": 1157, "manufacturer": "Boeing", "model_name": "Boeing 767281", "source": "FAA_AIDS"}
{"timestamp": "2026-05-24T05:48:38.962695Z", "event": "model_auto_created", "aircraft_id": 1158, "manufacturer": "Boeing", "model_name": "Boeing 7377Bc", "source": "FAA_AIDS"}
{"timestamp": "2026-05-24T05:48:38.995092Z", "event": "model_auto_created", "aircraft_id": 1159, "manufacturer": "Boeing", "model_name": "Boeing 777236", "source": "FAA_AIDS"}
{"timestamp": "2026-05-24T05:48:38.999939Z", "event": "model_auto_created", "aircraft_id": 1160, "manufacturer": "Airbus", "model_name": "Airbus A340212", "source": "FAA_AIDS"}
{"timestamp": "2026-05-24T05:48:39.032887Z", "event": "model_auto_created", "aircraft_id": 1161, "manufacturer": "Boeing", "model_name": "Boeing 7373L9", "source": "FAA_AIDS"}
{"timestamp": "2026-05-24T05:48:39.106397Z", "event": "model_auto_created", "aircraft_id": 1162, "manufacturer": "Boeing", "model_name": "Boeing 757324", "source": "FAA_AIDS"}
{"timestamp": "2026-05-24T05:48:39.110118Z", "event": "model_auto_created", "aircraft_id": 1163, "manufacturer": "Boeing", "model_name": "Boeing 7472B4B", "source": "FAA_AIDS"}
{"timestamp": "2026-05-24T05:48:39.171433Z", "event": "model_auto_created", "aircraft_id": 1164, "manufacturer": "Boeing", "model_name": "Boeing 73772T", "source": "FAA_AIDS"}
{"timestamp": "2026-05-24T05:48:39.176355Z", "event": "model_auto_created", "aircraft_id": 1165, "manufacturer": "Airbus", "model_name": "Airbus A321231", "source": "FAA_AIDS"}
{"timestamp": "2026-05-24T05:48:39.178134Z", "event": "model_auto_created", "aircraft_id": 1166, "manufacturer": "Boeing", "model_name": "Boeing 7378Bk", "source": "FAA_AIDS"}
{"timestamp": "2026-05-24T05:48:39.180557Z", "event": "model_auto_created", "aircraft_id": 1167, "manufacturer": "Boeing", "model_name": "Boeing 7672Ey", "source": "FAA_AIDS"}
{"timestamp": "2026-05-24T05:48:39.274048Z", "event": "model_auto_created", "aircraft_id": 1168, "manufacturer": "Airbus", "model_name": "Airbus A340300", "source": "FAA_AIDS"}
{"timestamp": "2026-05-24T05:48:39.278145Z", "event": "model_auto_created", "aircraft_id": 1169, "manufacturer": "Airbus", "model_name": "Airbus A300B4622", "source": "FAA_AIDS"}
{"timestamp": "2026-05-24T05:48:39.281226Z", "event": "model_auto_created", "aircraft_id": 1170, "manufacturer": "Boeing", "model_name": "Boeing 73781Q", "source": "FAA_AIDS"}
{"timestamp": "2026-05-24T05:48:39.317220Z", "event": "model_auto_created", "aircraft_id": 1171, "manufacturer": "Airbus", "model_name": "Airbus A330223", "source": "FAA_AIDS"}
{"timestamp": "2026-05-24T05:48:39.346954Z", "event": "model_auto_created", "aircraft_id": 1172, "manufacturer": "Boeing", "model_name": "Boeing 737298C", "source": "FAA_AIDS"}
{"timestamp": "2026-05-24T05:48:39.389732Z", "event": "model_auto_created", "aircraft_id": 1173, "manufacturer": "Boeing", "model_name": "Boeing 7272K5", "source": "FAA_AIDS"}
{"timestamp": "2026-05-24T05:48:39.399171Z", "event": "model_auto_created", "aircraft_id": 1174, "manufacturer": "Boeing", "model_name": "Boeing 747437", "source": "FAA_AIDS"}
{"timestamp": "2026-05-24T05:48:39.403787Z", "event": "model_auto_created", "aircraft_id": 1175, "manufacturer": "Boeing", "model_name": "Boeing 7377Av", "source": "FAA_AIDS"}
{"timestamp": "2026-05-24T05:48:39.497465Z", "event": "model_auto_created", "aircraft_id": 1176, "manufacturer": "Boeing", "model_name": "Boeing 7472U3B", "source": "FAA_AIDS"}
{"timestamp": "2026-05-24T05:48:39.565574Z", "event": "model_auto_created", "aircraft_id": 1177, "manufacturer": "Boeing", "model_name": "Boeing 7372K5", "source": "FAA_AIDS"}
{"timestamp": "2026-05-24T05:48:39.603343Z", "event": "model_auto_created", "aircraft_id": 1178, "manufacturer": "Boeing", "model_name": "Boeing 747430", "source": "FAA_AIDS"}
{"timestamp": "2026-05-24T05:48:39.604880Z", "event": "model_auto_created", "aircraft_id": 1179, "manufacturer": "Boeing", "model_name": "Boeing 7474J6", "source": "FAA_AIDS"}
{"timestamp": "2026-05-24T05:48:39.606793Z", "event": "model_auto_created", "aircraft_id": 1180, "manufacturer": "Boeing", "model_name": "Boeing 76733A", "source": "FAA_AIDS"}
{"timestamp": "2026-05-24T05:48:39.612172Z", "event": "model_auto_created", "aircraft_id": 1181, "manufacturer": "Boeing", "model_name": "Boeing 727270", "source": "FAA_AIDS"}
{"timestamp": "2026-05-24T05:48:39.640798Z", "event": "model_auto_created", "aircraft_id": 1182, "manufacturer": "Boeing", "model_name": "Boeing 767424Er", "source": "FAA_AIDS"}
{"timestamp": "2026-05-24T05:48:39.709217Z", "event": "model_auto_created", "aircraft_id": 1183, "manufacturer": "Boeing", "model_name": "Boeing 747409", "source": "FAA_AIDS"}
{"timestamp": "2026-05-24T05:48:39.834658Z", "event": "model_auto_created", "aircraft_id": 1184, "manufacturer": "Boeing", "model_name": "Boeing 77731Her", "source": "FAA_AIDS"}
{"timestamp": "2026-05-24T05:48:39.836100Z", "event": "model_auto_created", "aircraft_id": 1185, "manufacturer": "Boeing", "model_name": "Boeing 7272H3", "source": "FAA_AIDS"}
{"timestamp": "2026-05-24T05:48:39.906841Z", "event": "model_auto_created", "aircraft_id": 1186, "manufacturer": "Boeing", "model_name": "Boeing 73776Q", "source": "FAA_AIDS"}
{"timestamp": "2026-05-24T05:48:39.916414Z", "event": "model_auto_created", "aircraft_id": 1187, "manufacturer": "Boeing", "model_name": "Boeing 747267B", "source": "FAA_AIDS"}
{"timestamp": "2026-05-24T05:48:40.086135Z", "event": "model_auto_created", "aircraft_id": 1188, "manufacturer": "Boeing", "model_name": "Boeing 74745Ef", "source": "FAA_AIDS"}
{"timestamp": "2026-05-24T05:48:40.151190Z", "event": "model_auto_created", "aircraft_id": 1189, "manufacturer": "Boeing", "model_name": "Boeing 767-259", "source": "FAA_AIDS"}
{"timestamp": "2026-05-24T05:48:40.186300Z", "event": "model_auto_created", "aircraft_id": 1190, "manufacturer": "Boeing", "model_name": "Boeing 747446", "source": "FAA_AIDS"}
{"timestamp": "2026-05-24T05:48:40.230872Z", "event": "model_auto_created", "aircraft_id": 1191, "manufacturer": "Boeing", "model_name": "Boeing 747400F", "source": "FAA_AIDS"}
{"timestamp": "2026-05-24T05:48:40.266398Z", "event": "model_auto_created", "aircraft_id": 1192, "manufacturer": "Boeing", "model_name": "Boeing 737752", "source": "FAA_AIDS"}
{"timestamp": "2026-05-24T05:48:40.302367Z", "event": "model_auto_created", "aircraft_id": 1193, "manufacturer": "Boeing", "model_name": "Boeing 737890", "source": "FAA_AIDS"}
{"timestamp": "2026-05-24T05:48:40.308121Z", "event": "model_auto_created", "aircraft_id": 1194, "manufacturer": "Airbus", "model_name": "Airbus A320-212", "source": "FAA_AIDS"}
{"timestamp": "2026-05-24T05:48:40.418612Z", "event": "model_auto_created", "aircraft_id": 1195, "manufacturer": "Boeing", "model_name": "Boeing 737-3Y0", "source": "FAA_AIDS"}
{"timestamp": "2026-05-24T05:48:40.501243Z", "event": "model_auto_created", "aircraft_id": 1196, "manufacturer": "Airbus", "model_name": "Airbus A300F4-605R", "source": "FAA_AIDS"}
{"timestamp": "2026-05-24T05:48:40.582690Z", "event": "model_auto_created", "aircraft_id": 1197, "manufacturer": "Boeing", "model_name": "Boeing 747-438", "source": "FAA_AIDS"}
{"timestamp": "2026-05-24T05:48:40.584567Z", "event": "model_auto_created", "aircraft_id": 1198, "manufacturer": "Airbus", "model_name": "Airbus A320-231", "source": "FAA_AIDS"}
{"timestamp": "2026-05-24T05:48:40.629486Z", "event": "model_auto_created", "aircraft_id": 1199, "manufacturer": "Boeing", "model_name": "Boeing 767-3G5", "source": "FAA_AIDS"}
{"timestamp": "2026-05-24T05:48:40.669881Z", "event": "model_auto_created", "aircraft_id": 1200, "manufacturer": "Boeing", "model_name": "Boeing 737-401", "source": "FAA_AIDS"}
{"timestamp": "2026-05-24T05:48:40.673997Z", "event": "model_auto_created", "aircraft_id": 1201, "manufacturer": "Airbus", "model_name": "Airbus A310-222", "source": "FAA_AIDS"}
{"timestamp": "2026-05-24T05:48:40.678449Z", "event": "model_auto_created", "aircraft_id": 1202, "manufacturer": "Airbus", "model_name": "Airbus A318-111", "source": "FAA_AIDS"}
{"timestamp": "2026-05-24T05:48:40.680908Z", "event": "model_auto_created", "aircraft_id": 1203, "manufacturer": "Boeing", "model_name": "Boeing 737-76Q", "source": "FAA_AIDS"}
{"timestamp": "2026-05-24T05:48:40.759370Z", "event": "model_auto_created", "aircraft_id": 1204, "manufacturer": "Boeing", "model_name": "Boeing 737-76N", "source": "FAA_AIDS"}
{"timestamp": "2026-05-24T05:48:40.796036Z", "event": "model_auto_created", "aircraft_id": 1205, "manufacturer": "Boeing", "model_name": "Boeing 737-3Q8", "source": "FAA_AIDS"}
{"timestamp": "2026-05-24T05:48:40.835090Z", "event": "model_auto_created", "aircraft_id": 1206, "manufacturer": "Boeing", "model_name": "Boeing 747-230B", "source": "FAA_AIDS"}
{"timestamp": "2026-05-24T05:48:40.836779Z", "event": "model_auto_created", "aircraft_id": 1207, "manufacturer": "Boeing", "model_name": "Boeing 737-8Bk", "source": "FAA_AIDS"}
{"timestamp": "2026-05-24T05:48:40.915820Z", "event": "model_auto_created", "aircraft_id": 1208, "manufacturer": "Boeing", "model_name": "Boeing 767-3Cb", "source": "FAA_AIDS"}
{"timestamp": "2026-05-24T05:48:40.921501Z", "event": "model_auto_created", "aircraft_id": 1209, "manufacturer": "Boeing", "model_name": "Boeing 757-200 Seri", "source": "FAA_AIDS"}
{"timestamp": "2026-05-24T05:48:40.957229Z", "event": "model_auto_created", "aircraft_id": 1210, "manufacturer": "Boeing", "model_name": "Boeing 737-8Q8", "source": "FAA_AIDS"}
{"timestamp": "2026-05-24T05:48:40.965125Z", "event": "model_auto_created", "aircraft_id": 1211, "manufacturer": "Boeing", "model_name": "Boeing 757-2Yo", "source": "FAA_AIDS"}
{"timestamp": "2026-05-24T05:48:41.002268Z", "event": "model_auto_created", "aircraft_id": 1212, "manufacturer": "Boeing", "model_name": "Boeing 737-73V", "source": "FAA_AIDS"}
{"timestamp": "2026-05-24T05:48:41.036149Z", "event": "model_auto_created", "aircraft_id": 1213, "manufacturer": "Boeing", "model_name": "Boeing 777-232Lr", "source": "FAA_AIDS"}
{"timestamp": "2026-05-24T05:48:41.043260Z", "event": "model_auto_created", "aircraft_id": 1214, "manufacturer": "Boeing", "model_name": "Boeing 107-Ii", "source": "FAA_AIDS"}
{"timestamp": "2026-05-24T05:48:41.078831Z", "event": "model_auto_created", "aircraft_id": 1215, "manufacturer": "Boeing", "model_name": "Boeing 727-2H3", "source": "FAA_AIDS"}
{"timestamp": "2026-05-24T05:48:41.118247Z", "event": "model_auto_created", "aircraft_id": 1216, "manufacturer": "Boeing", "model_name": "Boeing 767-281", "source": "FAA_AIDS"}
{"timestamp": "2026-05-24T05:48:41.120201Z", "event": "model_auto_created", "aircraft_id": 1217, "manufacturer": "Boeing", "model_name": "Boeing 737-81Q", "source": "FAA_AIDS"}
{"timestamp": "2026-05-24T05:48:41.121668Z", "event": "model_auto_created", "aircraft_id": 1218, "manufacturer": "Boeing", "model_name": "Boeing 747-281F", "source": "FAA_AIDS"}
{"timestamp": "2026-05-24T05:48:41.307176Z", "event": "model_auto_created", "aircraft_id": 1219, "manufacturer": "Airbus", "model_name": "Airbus A300F4-622R", "source": "FAA_AIDS"}
{"timestamp": "2026-05-24T05:48:41.313369Z", "event": "model_auto_created", "aircraft_id": 1220, "manufacturer": "Boeing", "model_name": "Boeing 777-28Eer", "source": "FAA_AIDS"}
{"timestamp": "2026-05-24T05:48:41.385178Z", "event": "model_auto_created", "aircraft_id": 1221, "manufacturer": "Boeing", "model_name": "Boeing 757-23N", "source": "FAA_AIDS"}
{"timestamp": "2026-05-24T05:48:41.386729Z", "event": "model_auto_created", "aircraft_id": 1222, "manufacturer": "Boeing", "model_name": "Boeing 747-4R7F", "source": "FAA_AIDS"}
{"timestamp": "2026-05-24T05:48:41.534416Z", "event": "model_auto_created", "aircraft_id": 1223, "manufacturer": "Boeing", "model_name": "Boeing 737-330", "source": "FAA_AIDS"}
{"timestamp": "2026-05-24T05:48:41.536534Z", "event": "model_auto_created", "aircraft_id": 1224, "manufacturer": "Boeing", "model_name": "Boeing 737-8Z9", "source": "FAA_AIDS"}
{"timestamp": "2026-05-24T05:48:41.572905Z", "event": "model_auto_created", "aircraft_id": 1225, "manufacturer": "Boeing", "model_name": "Boeing 737-752", "source": "FAA_AIDS"}
{"timestamp": "2026-05-24T05:48:41.575376Z", "event": "model_auto_created", "aircraft_id": 1226, "manufacturer": "Boeing", "model_name": "Boeing 737-7Bc", "source": "FAA_AIDS"}
{"timestamp": "2026-05-24T05:48:41.645192Z", "event": "model_auto_created", "aircraft_id": 1227, "manufacturer": "Boeing", "model_name": "Boeing 767-424Er", "source": "FAA_AIDS"}
{"timestamp": "2026-05-24T05:48:41.679280Z", "event": "model_auto_created", "aircraft_id": 1228, "manufacturer": "Boeing", "model_name": "Boeing 767-33A", "source": "FAA_AIDS"}
{"timestamp": "2026-05-24T05:48:41.747817Z", "event": "model_auto_created", "aircraft_id": 1229, "manufacturer": "Boeing", "model_name": "Boeing 757-204", "source": "FAA_AIDS"}
{"timestamp": "2026-05-24T05:48:41.782323Z", "event": "model_auto_created", "aircraft_id": 1230, "manufacturer": "Boeing", "model_name": "Boeing 767-269", "source": "FAA_AIDS"}
{"timestamp": "2026-05-24T05:48:41.859560Z", "event": "model_auto_created", "aircraft_id": 1231, "manufacturer": "Boeing", "model_name": "Boeing 767-277", "source": "FAA_AIDS"}
{"timestamp": "2026-05-24T05:48:41.923423Z", "event": "model_auto_created", "aircraft_id": 1232, "manufacturer": "Boeing", "model_name": "Boeing 747 400F", "source": "FAA_AIDS"}
{"timestamp": "2026-05-24T05:48:41.995471Z", "event": "model_auto_created", "aircraft_id": 1233, "manufacturer": "Boeing", "model_name": "Boeing 767-7L9", "source": "FAA_AIDS"}
{"timestamp": "2026-05-24T05:48:42.001029Z", "event": "model_auto_created", "aircraft_id": 1234, "manufacturer": "Boeing", "model_name": "Boeing 737-484", "source": "FAA_AIDS"}
{"timestamp": "2026-05-24T05:48:42.131771Z", "event": "model_auto_created", "aircraft_id": 1235, "manufacturer": "Airbus", "model_name": "Airbus A310-324", "source": "FAA_AIDS"}
{"timestamp": "2026-05-24T05:48:42.133604Z", "event": "model_auto_created", "aircraft_id": 1236, "manufacturer": "Boeing", "model_name": "Boeing 767-375", "source": "FAA_AIDS"}
{"timestamp": "2026-05-24T05:48:42.172996Z", "event": "model_auto_created", "aircraft_id": 1237, "manufacturer": "Boeing", "model_name": "Boeing 767-241", "source": "FAA_AIDS"}
{"timestamp": "2026-05-24T05:48:42.239481Z", "event": "model_auto_created", "aircraft_id": 1238, "manufacturer": "Boeing", "model_name": "Boeing 747-45E", "source": "FAA_AIDS"}
{"timestamp": "2026-05-24T05:48:42.307087Z", "event": "model_auto_created", "aircraft_id": 1239, "manufacturer": "Airbus", "model_name": "Airbus A333", "source": "FAA_AIDS"}
{"timestamp": "2026-05-24T05:48:42.314448Z", "event": "model_auto_created", "aircraft_id": 1240, "manufacturer": "Boeing", "model_name": "Boeing 767-38E", "source": "FAA_AIDS"}
{"timestamp": "2026-05-24T05:48:42.348671Z", "event": "model_auto_created", "aircraft_id": 1241, "manufacturer": "Boeing", "model_name": "Boeing 747-412F", "source": "FAA_AIDS"}
{"timestamp": "2026-05-24T05:48:42.351830Z", "event": "model_auto_created", "aircraft_id": 1242, "manufacturer": "Boeing", "model_name": "Boeing 747-46Nf", "source": "FAA_AIDS"}
{"timestamp": "2026-05-24T05:48:42.385328Z", "event": "model_auto_created", "aircraft_id": 1243, "manufacturer": "Boeing", "model_name": "Boeing 767-346", "source": "FAA_AIDS"}
{"timestamp": "2026-05-24T05:48:42.427711Z", "event": "model_auto_created", "aircraft_id": 1244, "manufacturer": "Boeing", "model_name": "Boeing 737-8F2", "source": "FAA_AIDS"}
{"timestamp": "2026-05-24T05:48:42.466021Z", "event": "model_auto_created", "aircraft_id": 1245, "manufacturer": "Boeing", "model_name": "Boeing 747-430", "source": "FAA_AIDS"}
{"timestamp": "2026-05-24T05:48:42.619376Z", "event": "model_auto_created", "aircraft_id": 1246, "manufacturer": "Boeing", "model_name": "Boeing 737-4H6", "source": "FAA_AIDS"}
{"timestamp": "2026-05-24T05:48:42.772161Z", "event": "model_auto_created", "aircraft_id": 1247, "manufacturer": "Boeing", "model_name": "Boeing 737-7Hj", "source": "FAA_AIDS"}
{"timestamp": "2026-05-24T05:48:42.810802Z", "event": "model_auto_created", "aircraft_id": 1248, "manufacturer": "Boeing", "model_name": "Boeing 737-8Kn", "source": "FAA_AIDS"}
{"timestamp": "2026-05-24T05:48:42.854808Z", "event": "model_auto_created", "aircraft_id": 1249, "manufacturer": "Airbus", "model_name": "Airbus A321-200", "source": "FAA_AIDS"}
{"timestamp": "2026-05-24T05:48:42.865328Z", "event": "model_auto_created", "aircraft_id": 1250, "manufacturer": "Airbus", "model_name": "Airbus A380-841", "source": "FAA_AIDS"}
{"timestamp": "2026-05-24T05:48:42.899916Z", "event": "model_auto_created", "aircraft_id": 1251, "manufacturer": "Airbus", "model_name": "Airbus A350-1041", "source": "FAA_AIDS"}
{"timestamp": "2026-05-24T05:48:42.983812Z", "event": "model_auto_created", "aircraft_id": 1252, "manufacturer": "Boeing", "model_name": "Boeing 767-3Q8", "source": "FAA_AIDS"}
{"timestamp": "2026-05-24T05:48:43.026203Z", "event": "model_auto_created", "aircraft_id": 1253, "manufacturer": "Boeing", "model_name": "Boeing 767-324", "source": "FAA_AIDS"}
{"timestamp": "2026-05-24T05:48:43.103624Z", "event": "model_auto_created", "aircraft_id": 1254, "manufacturer": "Boeing", "model_name": "Boeing 737-4K5", "source": "FAA_AIDS"}
{"timestamp": "2026-05-24T05:48:43.191872Z", "event": "model_auto_created", "aircraft_id": 1255, "manufacturer": "Boeing", "model_name": "Boeing 737-86N", "source": "FAA_AIDS"}
{"timestamp": "2026-05-24T05:48:43.235884Z", "event": "model_auto_created", "aircraft_id": 1256, "manufacturer": "Boeing", "model_name": "Boeing 767-316F", "source": "FAA_AIDS"}
{"timestamp": "2026-05-24T05:48:43.274584Z", "event": "model_auto_created", "aircraft_id": 1257, "manufacturer": "Boeing", "model_name": "Boeing 737-2Q8", "source": "FAA_AIDS"}
{"timestamp": "2026-05-24T05:48:43.276950Z", "event": "model_auto_created", "aircraft_id": 1258, "manufacturer": "Boeing", "model_name": "Boeing 737-883", "source": "FAA_AIDS"}
{"timestamp": "2026-05-24T05:48:43.282717Z", "event": "model_auto_created", "aircraft_id": 1259, "manufacturer": "Boeing", "model_name": "Boeing 757-324", "source": "FAA_AIDS"}
{"timestamp": "2026-05-24T05:48:43.323526Z", "event": "model_auto_created", "aircraft_id": 1260, "manufacturer": "Boeing", "model_name": "Boeing 737-77Z", "source": "FAA_AIDS"}
{"timestamp": "2026-05-24T05:48:43.326567Z", "event": "model_auto_created", "aircraft_id": 1261, "manufacturer": "Boeing", "model_name": "Boeing 757-200 Series", "source": "FAA_AIDS"}
{"timestamp": "2026-05-24T05:48:43.560424Z", "event": "model_auto_created", "aircraft_id": 1262, "manufacturer": "Airbus", "model_name": "Airbus A330-202", "source": "FAA_AIDS"}
{"timestamp": "2026-05-24T05:48:43.599434Z", "event": "model_auto_created", "aircraft_id": 1263, "manufacturer": "Boeing", "model_name": "Boeing 737-8Jp", "source": "FAA_AIDS"}
{"timestamp": "2026-05-24T05:48:43.685267Z", "event": "model_auto_created", "aircraft_id": 1264, "manufacturer": "Boeing", "model_name": "Boeing 737-436", "source": "FAA_AIDS"}
{"timestamp": "2026-05-24T05:48:43.688792Z", "event": "model_auto_created", "aircraft_id": 1265, "manufacturer": "Boeing", "model_name": "Boeing 747-4Haf", "source": "FAA_AIDS"}
{"timestamp": "2026-05-24T05:48:43.806695Z", "event": "model_auto_created", "aircraft_id": 1266, "manufacturer": "Boeing", "model_name": "Boeing 777-228Er", "source": "FAA_AIDS"}
{"timestamp": "2026-05-24T05:49:01.591823Z", "event": "model_auto_created", "aircraft_id": 825, "manufacturer": "Boeing", "model_name": "Boeing 7372T4", "source": "FAA_AIDS"}
{"timestamp": "2026-05-24T05:49:01.595951Z", "event": "model_auto_created", "aircraft_id": 826, "manufacturer": "Boeing", "model_name": "Boeing 7272M7", "source": "FAA_AIDS"}
{"timestamp": "2026-05-24T05:49:01.597985Z", "event": "model_auto_created", "aircraft_id": 827, "manufacturer": "Boeing", "model_name": "Boeing 747Sp21", "source": "FAA_AIDS"}
{"timestamp": "2026-05-24T05:49:01.599525Z", "event": "model_auto_created", "aircraft_id": 828, "manufacturer": "Boeing", "model_name": "Boeing 7272S2F", "source": "FAA_AIDS"}
{"timestamp": "2026-05-24T05:49:01.601012Z", "event": "model_auto_created", "aircraft_id": 829, "manufacturer": "Boeing", "model_name": "Boeing 727247", "source": "FAA_AIDS"}
{"timestamp": "2026-05-24T05:49:01.602658Z", "event": "model_auto_created", "aircraft_id": 830, "manufacturer": "Boeing", "model_name": "Boeing 72727C", "source": "FAA_AIDS"}
{"timestamp": "2026-05-24T05:49:01.604111Z", "event": "model_auto_created", "aircraft_id": 831, "manufacturer": "Boeing", "model_name": "Boeing 737201", "source": "FAA_AIDS"}
{"timestamp": "2026-05-24T05:49:01.605540Z", "event": "model_auto_created", "aircraft_id": 832, "manufacturer": "Boeing", "model_name": "Boeing 747123", "source": "FAA_AIDS"}
{"timestamp": "2026-05-24T05:49:01.606959Z", "event": "model_auto_created", "aircraft_id": 833, "manufacturer": "Boeing", "model_name": "Boeing 727243", "source": "FAA_AIDS"}
{"timestamp": "2026-05-24T05:49:01.609224Z", "event": "model_auto_created", "aircraft_id": 834, "manufacturer": "Boeing", "model_name": "Boeing 727223", "source": "FAA_AIDS"}
{"timestamp": "2026-05-24T05:49:01.610644Z", "event": "model_auto_created", "aircraft_id": 835, "manufacturer": "Boeing", "model_name": "Boeing 727231", "source": "FAA_AIDS"}
{"timestamp": "2026-05-24T05:49:01.612335Z", "event": "model_auto_created", "aircraft_id": 836, "manufacturer": "Boeing", "model_name": "Boeing 727222", "source": "FAA_AIDS"}
{"timestamp": "2026-05-24T05:49:01.614620Z", "event": "model_auto_created", "aircraft_id": 837, "manufacturer": "Boeing", "model_name": "Boeing 727224", "source": "FAA_AIDS"}
{"timestamp": "2026-05-24T05:49:01.616849Z", "event": "model_auto_created", "aircraft_id": 838, "manufacturer": "Boeing", "model_name": "Boeing 747122", "source": "FAA_AIDS"}
{"timestamp": "2026-05-24T05:49:01.619570Z", "event": "model_auto_created", "aircraft_id": 839, "manufacturer": "Boeing", "model_name": "Boeing 72730C", "source": "FAA_AIDS"}
{"timestamp": "2026-05-24T05:49:01.646727Z", "event": "model_auto_created", "aircraft_id": 840, "manufacturer": "Boeing", "model_name": "Boeing 727232", "source": "FAA_AIDS"}
{"timestamp": "2026-05-24T05:49:01.649590Z", "event": "model_auto_created", "aircraft_id": 841, "manufacturer": "Boeing", "model_name": "Boeing 727227", "source": "FAA_AIDS"}
{"timestamp": "2026-05-24T05:49:01.651066Z", "event": "model_auto_created", "aircraft_id": 842, "manufacturer": "Boeing", "model_name": "Boeing 727251", "source": "FAA_AIDS"}
{"timestamp": "2026-05-24T05:49:01.654420Z", "event": "model_auto_created", "aircraft_id": 843, "manufacturer": "Boeing", "model_name": "Boeing 727200", "source": "FAA_AIDS"}
{"timestamp": "2026-05-24T05:49:01.659038Z", "event": "model_auto_created", "aircraft_id": 844, "manufacturer": "Boeing", "model_name": "Boeing 767223", "source": "FAA_AIDS"}
{"timestamp": "2026-05-24T05:49:01.662345Z", "event": "model_auto_created", "aircraft_id": 845, "manufacturer": "Boeing", "model_name": "Boeing 767222", "source": "FAA_AIDS"}
{"timestamp": "2026-05-24T05:49:01.665611Z", "event": "model_auto_created", "aircraft_id": 846, "manufacturer": "Boeing", "model_name": "Boeing 737297", "source": "FAA_AIDS"}
{"timestamp": "2026-05-24T05:49:01.667716Z", "event": "model_auto_created", "aircraft_id": 847, "manufacturer": "Boeing", "model_name": "Boeing 757232", "source": "FAA_AIDS"}
{"timestamp": "2026-05-24T05:49:01.669689Z", "event": "model_auto_created", "aircraft_id": 848, "manufacturer": "Boeing", "model_name": "Boeing 727225", "source": "FAA_AIDS"}
{"timestamp": "2026-05-24T05:49:01.671495Z", "event": "model_auto_created", "aircraft_id": 849, "manufacturer": "Boeing", "model_name": "Boeing 747Sp09", "source": "FAA_AIDS"}
{"timestamp": "2026-05-24T05:49:01.696224Z", "event": "model_auto_created", "aircraft_id": 850, "manufacturer": "Boeing", "model_name": "Boeing 737130", "source": "FAA_AIDS"}
{"timestamp": "2026-05-24T05:49:01.701816Z", "event": "model_auto_created", "aircraft_id": 851, "manufacturer": "Boeing", "model_name": "Boeing 7372H4", "source": "FAA_AIDS"}
{"timestamp": "2026-05-24T05:49:01.704091Z", "event": "model_auto_created", "aircraft_id": 852, "manufacturer": "Boeing", "model_name": "Boeing 72795", "source": "FAA_AIDS"}
{"timestamp": "2026-05-24T05:49:01.705521Z", "event": "model_auto_created", "aircraft_id": 853, "manufacturer": "Boeing", "model_name": "Boeing 727123", "source": "FAA_AIDS"}
{"timestamp": "2026-05-24T05:49:01.706992Z", "event": "model_auto_created", "aircraft_id": 854, "manufacturer": "Boeing", "model_name": "Boeing 7373A4", "source": "FAA_AIDS"}
{"timestamp": "2026-05-24T05:49:01.710642Z", "event": "model_auto_created", "aircraft_id": 855, "manufacturer": "Boeing", "model_name": "Boeing 72762C", "source": "FAA_AIDS"}
{"timestamp": "2026-05-24T05:49:01.714060Z", "event": "model_auto_created", "aircraft_id": 856, "manufacturer": "Boeing", "model_name": "Boeing 737247", "source": "FAA_AIDS"}
{"timestamp": "2026-05-24T05:49:01.717574Z", "event": "model_auto_created", "aircraft_id": 857, "manufacturer": "Boeing", "model_name": "Boeing 727228", "source": "FAA_AIDS"}
{"timestamp": "2026-05-24T05:49:01.742485Z", "event": "model_auto_created", "aircraft_id": 858, "manufacturer": "Boeing", "model_name": "Boeing 72722C", "source": "FAA_AIDS"}
{"timestamp": "2026-05-24T05:49:01.744189Z", "event": "model_auto_created", "aircraft_id": 859, "manufacturer": "Boeing", "model_name": "Boeing 737281", "source": "FAA_AIDS"}
{"timestamp": "2026-05-24T05:49:01.747914Z", "event": "model_auto_created", "aircraft_id": 860, "manufacturer": "Boeing", "model_name": "Boeing 737222", "source": "FAA_AIDS"}
{"timestamp": "2026-05-24T05:49:01.749417Z", "event": "model_auto_created", "aircraft_id": 861, "manufacturer": "Boeing", "model_name": "Boeing 727281", "source": "FAA_AIDS"}
{"timestamp": "2026-05-24T05:49:01.751814Z", "event": "model_auto_created", "aircraft_id": 862, "manufacturer": "Boeing", "model_name": "Boeing 727214", "source": "FAA_AIDS"}
{"timestamp": "2026-05-24T05:49:01.757745Z", "event": "model_auto_created", "aircraft_id": 863, "manufacturer": "Boeing", "model_name": "Boeing 72751", "source": "FAA_AIDS"}
{"timestamp": "2026-05-24T05:49:01.761633Z", "event": "model_auto_created", "aircraft_id": 864, "manufacturer": "Boeing", "model_name": "Boeing 747251B", "source": "FAA_AIDS"}
{"timestamp": "2026-05-24T05:49:01.766049Z", "event": "model_auto_created", "aircraft_id": 865, "manufacturer": "Boeing", "model_name": "Boeing 767231", "source": "FAA_AIDS"}
{"timestamp": "2026-05-24T05:49:01.790740Z", "event": "model_auto_created", "aircraft_id": 866, "manufacturer": "Boeing", "model_name": "Boeing 747131", "source": "FAA_AIDS"}
{"timestamp": "2026-05-24T05:49:01.793374Z", "event": "model_auto_created", "aircraft_id": 867, "manufacturer": "Boeing", "model_name": "Boeing 747127", "source": "FAA_AIDS"}
{"timestamp": "2026-05-24T05:49:01.800788Z", "event": "model_auto_created", "aircraft_id": 868, "manufacturer": "Airbus", "model_name": "Airbus A300B2K3C", "source": "FAA_AIDS"}
{"timestamp": "2026-05-24T05:49:01.806701Z", "event": "model_auto_created", "aircraft_id": 869, "manufacturer": "Boeing", "model_name": "Boeing 747132", "source": "FAA_AIDS"}
{"timestamp": "2026-05-24T05:49:01.809565Z", "event": "model_auto_created", "aircraft_id": 870, "manufacturer": "Boeing", "model_name": "Boeing 7372Q8C", "source": "FAA_AIDS"}
{"timestamp": "2026-05-24T05:49:01.811928Z", "event": "model_auto_created", "aircraft_id": 871, "manufacturer": "Airbus", "model_name": "Airbus A300B42C", "source": "FAA_AIDS"}
{"timestamp": "2026-05-24T05:49:01.871991Z", "event": "model_auto_created", "aircraft_id": 872, "manufacturer": "Boeing", "model_name": "Boeing 72731", "source": "FAA_AIDS"}
{"timestamp": "2026-05-24T05:49:01.873751Z", "event": "model_auto_created", "aircraft_id": 873, "manufacturer": "Boeing", "model_name": "Boeing 727235", "source": "FAA_AIDS"}
{"timestamp": "2026-05-24T05:49:01.875254Z", "event": "model_auto_created", "aircraft_id": 874, "manufacturer": "Boeing", "model_name": "Boeing 747151", "source": "FAA_AIDS"}
{"timestamp": "2026-05-24T05:49:01.877432Z", "event": "model_auto_created", "aircraft_id": 875, "manufacturer": "Boeing", "model_name": "Boeing 757225", "source": "FAA_AIDS"}
{"timestamp": "2026-05-24T05:49:01.887721Z", "event": "model_auto_created", "aircraft_id": 876, "manufacturer": "Boeing", "model_name": "Boeing 707399C", "source": "FAA_AIDS"}
{"timestamp": "2026-05-24T05:49:01.890618Z", "event": "model_auto_created", "aircraft_id": 877, "manufacturer": "Boeing", "model_name": "Boeing 7373H4", "source": "FAA_AIDS"}
{"timestamp": "2026-05-24T05:49:01.893125Z", "event": "model_auto_created", "aircraft_id": 878, "manufacturer": "Boeing", "model_name": "Boeing 737212", "source": "FAA_AIDS"}
{"timestamp": "2026-05-24T05:49:01.918454Z", "event": "model_auto_created", "aircraft_id": 879, "manufacturer": "Boeing", "model_name": "Boeing 737200", "source": "FAA_AIDS"}
{"timestamp": "2026-05-24T05:49:01.922219Z", "event": "model_auto_created", "aircraft_id": 880, "manufacturer": "Boeing", "model_name": "Boeing 707331B", "source": "FAA_AIDS"}
{"timestamp": "2026-05-24T05:49:01.926856Z", "event": "model_auto_created", "aircraft_id": 881, "manufacturer": "Boeing", "model_name": "Boeing 727100", "source": "FAA_AIDS"}
{"timestamp": "2026-05-24T05:49:01.956015Z", "event": "model_auto_created", "aircraft_id": 882, "manufacturer": "Boeing", "model_name": "Boeing 72735", "source": "FAA_AIDS"}
{"timestamp": "2026-05-24T05:49:01.957945Z", "event": "model_auto_created", "aircraft_id": 883, "manufacturer": "Boeing", "model_name": "Boeing 707351C", "source": "FAA_AIDS"}
{"timestamp": "2026-05-24T05:49:01.963399Z", "event": "model_auto_created", "aircraft_id": 884, "manufacturer": "Boeing", "model_name": "Boeing 747130", "source": "FAA_AIDS"}
{"timestamp": "2026-05-24T05:49:01.967599Z", "event": "model_auto_created", "aircraft_id": 885, "manufacturer": "Boeing", "model_name": "Boeing 737291", "source": "FAA_AIDS"}
{"timestamp": "2026-05-24T05:49:01.997730Z", "event": "model_auto_created", "aircraft_id": 886, "manufacturer": "Airbus", "model_name": "Airbus A300B4203", "source": "FAA_AIDS"}
{"timestamp": "2026-05-24T05:49:01.999678Z", "event": "model_auto_created", "aircraft_id": 887, "manufacturer": "Boeing", "model_name": "Boeing 727264", "source": "FAA_AIDS"}
{"timestamp": "2026-05-24T05:49:02.002413Z", "event": "model_auto_created", "aircraft_id": 888, "manufacturer": "Boeing", "model_name": "Boeing 747228B", "source": "FAA_AIDS"}
{"timestamp": "2026-05-24T05:49:02.004005Z", "event": "model_auto_created", "aircraft_id": 889, "manufacturer": "Boeing", "model_name": "Boeing 7372A6", "source": "FAA_AIDS"}
{"timestamp": "2026-05-24T05:49:02.036275Z", "event": "model_auto_created", "aircraft_id": 890, "manufacturer": "Boeing", "model_name": "Boeing 72744", "source": "FAA_AIDS"}
{"timestamp": "2026-05-24T05:49:02.040522Z", "event": "model_auto_created", "aircraft_id": 891, "manufacturer": "Boeing", "model_name": "Boeing 747249F", "source": "FAA_AIDS"}
{"timestamp": "2026-05-24T05:49:02.042977Z", "event": "model_auto_created", "aircraft_id": 892, "manufacturer": "Boeing", "model_name": "Boeing 7372X6C", "source": "FAA_AIDS"}
{"timestamp": "2026-05-24T05:49:02.050259Z", "event": "model_auto_created", "aircraft_id": 893, "manufacturer": "Boeing", "model_name": "Boeing 747200F", "source": "FAA_AIDS"}
{"timestamp": "2026-05-24T05:49:02.055008Z", "event": "model_auto_created", "aircraft_id": 894, "manufacturer": "Boeing", "model_name": "Boeing 747282B", "source": "FAA_AIDS"}
{"timestamp": "2026-05-24T05:49:02.083141Z", "event": "model_auto_created", "aircraft_id": 895, "manufacturer": "Boeing", "model_name": "Boeing 7372B7", "source": "FAA_AIDS"}
{"timestamp": "2026-05-24T05:49:02.086870Z", "event": "model_auto_created", "aircraft_id": 896, "manufacturer": "Boeing", "model_name": "Boeing 727277", "source": "FAA_AIDS"}
{"timestamp": "2026-05-24T05:49:02.088557Z", "event": "model_auto_created", "aircraft_id": 897, "manufacturer": "Boeing", "model_name": "Boeing 707321B", "source": "FAA_AIDS"}
{"timestamp": "2026-05-24T05:49:02.091415Z", "event": "model_auto_created", "aircraft_id": 898, "manufacturer": "Boeing", "model_name": "Boeing 737284", "source": "FAA_AIDS"}
{"timestamp": "2026-05-24T05:49:02.095380Z", "event": "model_auto_created", "aircraft_id": 899, "manufacturer": "Boeing", "model_name": "Boeing 7272S7", "source": "FAA_AIDS"}
{"timestamp": "2026-05-24T05:49:02.097090Z", "event": "model_auto_created", "aircraft_id": 900, "manufacturer": "Boeing", "model_name": "Boeing 72751C", "source": "FAA_AIDS"}
{"timestamp": "2026-05-24T05:49:02.103895Z", "event": "model_auto_created", "aircraft_id": 901, "manufacturer": "Boeing", "model_name": "Boeing 747121", "source": "FAA_AIDS"}
{"timestamp": "2026-05-24T05:49:02.137523Z", "event": "model_auto_created", "aircraft_id": 902, "manufacturer": "Airbus", "model_name": "Airbus A300B4103", "source": "FAA_AIDS"}
{"timestamp": "2026-05-24T05:49:02.143130Z", "event": "model_auto_created", "aircraft_id": 903, "manufacturer": "Boeing", "model_name": "Boeing 747136", "source": "FAA_AIDS"}
{"timestamp": "2026-05-24T05:49:02.145623Z", "event": "model_auto_created", "aircraft_id": 904, "manufacturer": "Boeing", "model_name": "Boeing 72776", "source": "FAA_AIDS"}
{"timestamp": "2026-05-24T05:49:02.147934Z", "event": "model_auto_created", "aircraft_id": 905, "manufacturer": "Boeing", "model_name": "Boeing 7272A1", "source": "FAA_AIDS"}
{"timestamp": "2026-05-24T05:49:02.149756Z", "event": "model_auto_created", "aircraft_id": 906, "manufacturer": "Boeing", "model_name": "Boeing 747251F", "source": "FAA_AIDS"}
{"timestamp": "2026-05-24T05:49:02.154298Z", "event": "model_auto_created", "aircraft_id": 907, "manufacturer": "Boeing", "model_name": "Boeing 707331C", "source": "FAA_AIDS"}
{"timestamp": "2026-05-24T05:49:02.193892Z", "event": "model_auto_created", "aircraft_id": 908, "manufacturer": "Boeing", "model_name": "Boeing 737293", "source": "FAA_AIDS"}
{"timestamp": "2026-05-24T05:49:02.197865Z", "event": "model_auto_created", "aircraft_id": 909, "manufacturer": "Boeing", "model_name": "Boeing 7372T2", "source": "FAA_AIDS"}
{"timestamp": "2026-05-24T05:49:02.234884Z", "event": "model_auto_created", "aircraft_id": 910, "manufacturer": "Boeing", "model_name": "Boeing 7372U9", "source": "FAA_AIDS"}
{"timestamp": "2026-05-24T05:49:02.237903Z", "event": "model_auto_created", "aircraft_id": 911, "manufacturer": "Boeing", "model_name": "Boeing 737347", "source": "FAA_AIDS"}
{"timestamp": "2026-05-24T05:49:02.244293Z", "event": "model_auto_created", "aircraft_id": 912, "manufacturer": "Boeing", "model_name": "Boeing 7373B7", "source": "FAA_AIDS"}
{"timestamp": "2026-05-24T05:49:02.246314Z", "event": "model_auto_created", "aircraft_id": 913, "manufacturer": "Boeing", "model_name": "Boeing 737230C", "source": "FAA_AIDS"}
{"timestamp": "2026-05-24T05:49:02.249497Z", "event": "model_auto_created", "aircraft_id": 914, "manufacturer": "Boeing", "model_name": "Boeing 727295", "source": "FAA_AIDS"}
{"timestamp": "2026-05-24T05:49:02.321117Z", "event": "model_auto_created", "aircraft_id": 915, "manufacturer": "Boeing", "model_name": "Boeing 707323C", "source": "FAA_AIDS"}
{"timestamp": "2026-05-24T05:49:02.323262Z", "event": "model_auto_created", "aircraft_id": 916, "manufacturer": "Boeing", "model_name": "Boeing 737204", "source": "FAA_AIDS"}
{"timestamp": "2026-05-24T05:49:02.340143Z", "event": "model_auto_created", "aircraft_id": 917, "manufacturer": "Boeing", "model_name": "Boeing 737275C", "source": "FAA_AIDS"}
{"timestamp": "2026-05-24T05:49:02.341681Z", "event": "model_auto_created", "aircraft_id": 918, "manufacturer": "Boeing", "model_name": "Boeing 737232", "source": "FAA_AIDS"}
{"timestamp": "2026-05-24T05:49:02.373003Z", "event": "model_auto_created", "aircraft_id": 919, "manufacturer": "Boeing", "model_name": "Boeing 737210C", "source": "FAA_AIDS"}
{"timestamp": "2026-05-24T05:49:02.374653Z", "event": "model_auto_created", "aircraft_id": 920, "manufacturer": "Boeing", "model_name": "Boeing 737301", "source": "FAA_AIDS"}
{"timestamp": "2026-05-24T05:49:02.419060Z", "event": "model_auto_created", "aircraft_id": 921, "manufacturer": "Boeing", "model_name": "Boeing 737244", "source": "FAA_AIDS"}
{"timestamp": "2026-05-24T05:49:02.428091Z", "event": "model_auto_created", "aircraft_id": 922, "manufacturer": "Boeing", "model_name": "Boeing 7373To", "source": "FAA_AIDS"}
{"timestamp": "2026-05-24T05:49:02.471724Z", "event": "model_auto_created", "aircraft_id": 923, "manufacturer": "Boeing", "model_name": "Boeing 747245F", "source": "FAA_AIDS"}
{"timestamp": "2026-05-24T05:49:02.475653Z", "event": "model_auto_created", "aircraft_id": 924, "manufacturer": "Boeing", "model_name": "Boeing 707320C", "source": "FAA_AIDS"}
{"timestamp": "2026-05-24T05:49:02.481307Z", "event": "model_auto_created", "aircraft_id": 925, "manufacturer": "Boeing", "model_name": "Boeing 727108", "source": "FAA_AIDS"}
{"timestamp": "2026-05-24T05:49:02.517200Z", "event": "model_auto_created", "aircraft_id": 926, "manufacturer": "Boeing", "model_name": "Boeing 737112", "source": "FAA_AIDS"}
{"timestamp": "2026-05-24T05:49:02.520392Z", "event": "model_auto_created", "aircraft_id": 927, "manufacturer": "Boeing", "model_name": "Boeing 737300", "source": "FAA_AIDS"}
{"timestamp": "2026-05-24T05:49:02.530208Z", "event": "model_auto_created", "aircraft_id": 928, "manufacturer": "Airbus", "model_name": "Airbus A310200", "source": "FAA_AIDS"}
{"timestamp": "2026-05-24T05:49:02.556112Z", "event": "model_auto_created", "aircraft_id": 929, "manufacturer": "Boeing", "model_name": "Boeing 72725C", "source": "FAA_AIDS"}
{"timestamp": "2026-05-24T05:49:02.557670Z", "event": "model_auto_created", "aircraft_id": 930, "manufacturer": "Boeing", "model_name": "Boeing 737290C", "source": "FAA_AIDS"}
{"timestamp": "2026-05-24T05:49:02.566933Z", "event": "model_auto_created", "aircraft_id": 931, "manufacturer": "Boeing", "model_name": "Boeing 727172C", "source": "FAA_AIDS"}
{"timestamp": "2026-05-24T05:49:02.568570Z", "event": "model_auto_created", "aircraft_id": 932, "manufacturer": "Boeing", "model_name": "Boeing 767232", "source": "FAA_AIDS"}
{"timestamp": "2026-05-24T05:49:02.742469Z", "event": "model_auto_created", "aircraft_id": 933, "manufacturer": "Boeing", "model_name": "Boeing 7372H5", "source": "FAA_AIDS"}
{"timestamp": "2026-05-24T05:49:02.777559Z", "event": "model_auto_created", "aircraft_id": 934, "manufacturer": "Boeing", "model_name": "Boeing 767200", "source": "FAA_AIDS"}
{"timestamp": "2026-05-24T05:49:02.816080Z", "event": "model_auto_created", "aircraft_id": 935, "manufacturer": "Boeing", "model_name": "Boeing 757251", "source": "FAA_AIDS"}
{"timestamp": "2026-05-24T05:49:02.818000Z", "event": "model_auto_created", "aircraft_id": 936, "manufacturer": "Boeing", "model_name": "Boeing 727212", "source": "FAA_AIDS"}
{"timestamp": "2026-05-24T05:49:02.820647Z", "event": "model_auto_created", "aircraft_id": 937, "manufacturer": "Boeing", "model_name": "Boeing 7272Q8", "source": "FAA_AIDS"}
{"timestamp": "2026-05-24T05:49:02.823399Z", "event": "model_auto_created", "aircraft_id": 938, "manufacturer": "Boeing", "model_name": "Boeing 72790C", "source": "FAA_AIDS"}
{"timestamp": "2026-05-24T05:49:02.825861Z", "event": "model_auto_created", "aircraft_id": 939, "manufacturer": "Boeing", "model_name": "Boeing 7272J7", "source": "FAA_AIDS"}
{"timestamp": "2026-05-24T05:49:02.844135Z", "event": "model_auto_created", "aircraft_id": 940, "manufacturer": "Boeing", "model_name": "Boeing 7372S5C", "source": "FAA_AIDS"}
{"timestamp": "2026-05-24T05:49:02.847942Z", "event": "model_auto_created", "aircraft_id": 941, "manufacturer": "Boeing", "model_name": "Boeing 747200B", "source": "FAA_AIDS"}
{"timestamp": "2026-05-24T05:49:02.882850Z", "event": "model_auto_created", "aircraft_id": 942, "manufacturer": "Boeing", "model_name": "Boeing 7272B7", "source": "FAA_AIDS"}
{"timestamp": "2026-05-24T05:49:02.927636Z", "event": "model_auto_created", "aircraft_id": 943, "manufacturer": "Boeing", "model_name": "Boeing 747238B", "source": "FAA_AIDS"}
{"timestamp": "2026-05-24T05:49:02.930224Z", "event": "model_auto_created", "aircraft_id": 944, "manufacturer": "Boeing", "model_name": "Boeing 757200", "source": "FAA_AIDS"}
{"timestamp": "2026-05-24T05:49:02.968751Z", "event": "model_auto_created", "aircraft_id": 945, "manufacturer": "Boeing", "model_name": "Boeing 747212B", "source": "FAA_AIDS"}
{"timestamp": "2026-05-24T05:49:03.015926Z", "event": "model_auto_created", "aircraft_id": 946, "manufacturer": "Boeing", "model_name": "Boeing 72724C", "source": "FAA_AIDS"}
{"timestamp": "2026-05-24T05:49:03.026005Z", "event": "model_auto_created", "aircraft_id": 947, "manufacturer": "Boeing", "model_name": "Boeing 73733A", "source": "FAA_AIDS"}
{"timestamp": "2026-05-24T05:49:03.035293Z", "event": "model_auto_created", "aircraft_id": 948, "manufacturer": "Boeing", "model_name": "Boeing 7372E3A", "source": "FAA_AIDS"}
{"timestamp": "2026-05-24T05:49:03.066488Z", "event": "model_auto_created", "aircraft_id": 949, "manufacturer": "Airbus", "model_name": "Airbus A310222", "source": "FAA_AIDS"}
{"timestamp": "2026-05-24T05:49:03.071705Z", "event": "model_auto_created", "aircraft_id": 950, "manufacturer": "Boeing", "model_name": "Boeing 727221", "source": "FAA_AIDS"}
{"timestamp": "2026-05-24T05:49:03.074565Z", "event": "model_auto_created", "aircraft_id": 951, "manufacturer": "Boeing", "model_name": "Boeing 747284B", "source": "FAA_AIDS"}
{"timestamp": "2026-05-24T05:49:03.078655Z", "event": "model_auto_created", "aircraft_id": 952, "manufacturer": "Boeing", "model_name": "Boeing 737277", "source": "FAA_AIDS"}
{"timestamp": "2026-05-24T05:49:03.084111Z", "event": "model_auto_created", "aircraft_id": 953, "manufacturer": "Airbus", "model_name": "Airbus A300B21A", "source": "FAA_AIDS"}
{"timestamp": "2026-05-24T05:49:03.149829Z", "event": "model_auto_created", "aircraft_id": 954, "manufacturer": "Boeing", "model_name": "Boeing 767332", "source": "FAA_AIDS"}
{"timestamp": "2026-05-24T05:49:03.163005Z", "event": "model_auto_created", "aircraft_id": 955, "manufacturer": "Boeing", "model_name": "Boeing 747227B", "source": "FAA_AIDS"}
{"timestamp": "2026-05-24T05:49:03.238371Z", "event": "model_auto_created", "aircraft_id": 956, "manufacturer": "Airbus", "model_name": "Airbus A310324", "source": "FAA_AIDS"}
{"timestamp": "2026-05-24T05:49:03.241897Z", "event": "model_auto_created", "aircraft_id": 957, "manufacturer": "Boeing", "model_name": "Boeing 737214", "source": "FAA_AIDS"}
{"timestamp": "2026-05-24T05:49:03.295775Z", "event": "model_auto_created", "aircraft_id": 958, "manufacturer": "Boeing", "model_name": "Boeing 7372J8", "source": "FAA_AIDS"}
{"timestamp": "2026-05-24T05:49:03.340770Z", "event": "model_auto_created", "aircraft_id": 959, "manufacturer": "Boeing", "model_name": "Boeing 75724Apf", "source": "FAA_AIDS"}
{"timestamp": "2026-05-24T05:49:03.345396Z", "event": "model_auto_created", "aircraft_id": 960, "manufacturer": "Boeing", "model_name": "Boeing 767201", "source": "FAA_AIDS"}
{"timestamp": "2026-05-24T05:49:03.398261Z", "event": "model_auto_created", "aircraft_id": 961, "manufacturer": "Boeing", "model_name": "Boeing 707321C", "source": "FAA_AIDS"}
{"timestamp": "2026-05-24T05:49:03.444323Z", "event": "model_auto_created", "aircraft_id": 962, "manufacturer": "Boeing", "model_name": "Boeing 727291", "source": "FAA_AIDS"}
{"timestamp": "2026-05-24T05:49:03.455193Z", "event": "model_auto_created", "aircraft_id": 963, "manufacturer": "Boeing", "model_name": "Boeing 7572S7", "source": "FAA_AIDS"}
{"timestamp": "2026-05-24T05:49:03.458807Z", "event": "model_auto_created", "aircraft_id": 964, "manufacturer": "Boeing", "model_name": "Boeing 737322", "source": "FAA_AIDS"}
{"timestamp": "2026-05-24T05:49:03.486964Z", "event": "model_auto_created", "aircraft_id": 965, "manufacturer": "Boeing", "model_name": "Boeing 737217", "source": "FAA_AIDS"}
{"timestamp": "2026-05-24T05:49:03.500147Z", "event": "model_auto_created", "aircraft_id": 966, "manufacturer": "Boeing", "model_name": "Boeing 707330C", "source": "FAA_AIDS"}
{"timestamp": "2026-05-24T05:49:03.561442Z", "event": "model_auto_created", "aircraft_id": 967, "manufacturer": "Boeing", "model_name": "Boeing 7472F6B", "source": "FAA_AIDS"}
{"timestamp": "2026-05-24T05:49:03.565991Z", "event": "model_auto_created", "aircraft_id": 968, "manufacturer": "Boeing", "model_name": "Boeing 707323B", "source": "FAA_AIDS"}
{"timestamp": "2026-05-24T05:49:03.721742Z", "event": "model_auto_created", "aircraft_id": 969, "manufacturer": "Boeing", "model_name": "Boeing 747143", "source": "FAA_AIDS"}
{"timestamp": "2026-05-24T05:49:03.724489Z", "event": "model_auto_created", "aircraft_id": 970, "manufacturer": "Boeing", "model_name": "Boeing 727230", "source": "FAA_AIDS"}
{"timestamp": "2026-05-24T05:49:03.735528Z", "event": "model_auto_created", "aircraft_id": 971, "manufacturer": "Boeing", "model_name": "Boeing 727290", "source": "FAA_AIDS"}
{"timestamp": "2026-05-24T05:49:03.761350Z", "event": "model_auto_created", "aircraft_id": 972, "manufacturer": "Boeing", "model_name": "Boeing 767205", "source": "FAA_AIDS"}
{"timestamp": "2026-05-24T05:49:03.984855Z", "event": "model_auto_created", "aircraft_id": 973, "manufacturer": "Boeing", "model_name": "Boeing 737202C", "source": "FAA_AIDS"}
{"timestamp": "2026-05-24T05:49:03.988704Z", "event": "model_auto_created", "aircraft_id": 974, "manufacturer": "Boeing", "model_name": "Boeing 73725A", "source": "FAA_AIDS"}
{"timestamp": "2026-05-24T05:49:03.991636Z", "event": "model_auto_created", "aircraft_id": 975, "manufacturer": "Boeing", "model_name": "Boeing 737287", "source": "FAA_AIDS"}
{"timestamp": "2026-05-24T05:49:04.005513Z", "event": "model_auto_created", "aircraft_id": 976, "manufacturer": "Boeing", "model_name": "Boeing 747Spj6", "source": "FAA_AIDS"}
{"timestamp": "2026-05-24T05:49:04.034640Z", "event": "model_auto_created", "aircraft_id": 977, "manufacturer": "Boeing", "model_name": "Boeing 7372A1", "source": "FAA_AIDS"}
{"timestamp": "2026-05-24T05:49:04.043054Z", "event": "model_auto_created", "aircraft_id": 978, "manufacturer": "Boeing", "model_name": "Boeing 7373G7", "source": "FAA_AIDS"}
{"timestamp": "2026-05-24T05:49:04.045404Z", "event": "model_auto_created", "aircraft_id": 979, "manufacturer": "Boeing", "model_name": "Boeing 707311C", "source": "FAA_AIDS"}
{"timestamp": "2026-05-24T05:49:04.048789Z", "event": "model_auto_created", "aircraft_id": 980, "manufacturer": "Airbus", "model_name": "Airbus A300B4605R", "source": "FAA_AIDS"}
{"timestamp": "2026-05-24T05:49:04.093730Z", "event": "model_auto_created", "aircraft_id": 981, "manufacturer": "Boeing", "model_name": "Boeing 767323", "source": "FAA_AIDS"}
{"timestamp": "2026-05-24T05:49:04.127309Z", "event": "model_auto_created", "aircraft_id": 982, "manufacturer": "Boeing", "model_name": "Boeing 707338C", "source": "FAA_AIDS"}
{"timestamp": "2026-05-24T05:49:04.167455Z", "event": "model_auto_created", "aircraft_id": 983, "manufacturer": "Boeing", "model_name": "Boeing 747273C", "source": "FAA_AIDS"}
{"timestamp": "2026-05-24T05:49:04.194200Z", "event": "model_auto_created", "aircraft_id": 984, "manufacturer": "Boeing", "model_name": "Boeing 7373T0", "source": "FAA_AIDS"}
{"timestamp": "2026-05-24T05:49:04.275168Z", "event": "model_auto_created", "aircraft_id": 985, "manufacturer": "Boeing", "model_name": "Boeing 747243B", "source": "FAA_AIDS"}
{"timestamp": "2026-05-24T05:49:04.308800Z", "event": "model_auto_created", "aircraft_id": 986, "manufacturer": "Boeing", "model_name": "Boeing 72792C", "source": "FAA_AIDS"}
{"timestamp": "2026-05-24T05:49:04.435077Z", "event": "model_auto_created", "aircraft_id": 987, "manufacturer": "Boeing", "model_name": "Boeing 7372Q9", "source": "FAA_AIDS"}
{"timestamp": "2026-05-24T05:49:04.464487Z", "event": "model_auto_created", "aircraft_id": 988, "manufacturer": "Boeing", "model_name": "Boeing 7372C0", "source": "FAA_AIDS"}
{"timestamp": "2026-05-24T05:49:04.501962Z", "event": "model_auto_created", "aircraft_id": 989, "manufacturer": "Boeing", "model_name": "Boeing 737401", "source": "FAA_AIDS"}
{"timestamp": "2026-05-24T05:49:04.510840Z", "event": "model_auto_created", "aircraft_id": 990, "manufacturer": "Boeing", "model_name": "Boeing 72731C", "source": "FAA_AIDS"}
{"timestamp": "2026-05-24T05:49:04.514104Z", "event": "model_auto_created", "aircraft_id": 991, "manufacturer": "Boeing", "model_name": "Boeing 7672S1", "source": "FAA_AIDS"}
{"timestamp": "2026-05-24T05:49:04.589620Z", "event": "model_auto_created", "aircraft_id": 992, "manufacturer": "Boeing", "model_name": "Boeing 747156", "source": "FAA_AIDS"}
{"timestamp": "2026-05-24T05:49:04.636070Z", "event": "model_auto_created", "aircraft_id": 993, "manufacturer": "Boeing", "model_name": "Boeing 727155C", "source": "FAA_AIDS"}
{"timestamp": "2026-05-24T05:49:04.704293Z", "event": "model_auto_created", "aircraft_id": 994, "manufacturer": "Boeing", "model_name": "Boeing 7272F9", "source": "FAA_AIDS"}
{"timestamp": "2026-05-24T05:49:04.716816Z", "event": "model_auto_created", "aircraft_id": 995, "manufacturer": "Boeing", "model_name": "Boeing 7373Q8", "source": "FAA_AIDS"}
{"timestamp": "2026-05-24T05:49:04.762530Z", "event": "model_auto_created", "aircraft_id": 996, "manufacturer": "Boeing", "model_name": "Boeing 707385C", "source": "FAA_AIDS"}
{"timestamp": "2026-05-24T05:49:04.823408Z", "event": "model_auto_created", "aircraft_id": 997, "manufacturer": "Boeing", "model_name": "Boeing 757223", "source": "FAA_AIDS"}
{"timestamp": "2026-05-24T05:49:04.842627Z", "event": "model_auto_created", "aircraft_id": 998, "manufacturer": "Boeing", "model_name": "Boeing 757222", "source": "FAA_AIDS"}
{"timestamp": "2026-05-24T05:49:04.846534Z", "event": "model_auto_created", "aircraft_id": 999, "manufacturer": "Boeing", "model_name": "Boeing 747283B", "source": "FAA_AIDS"}
{"timestamp": "2026-05-24T05:49:04.888184Z", "event": "model_auto_created", "aircraft_id": 1000, "manufacturer": "Boeing", "model_name": "Boeing 7372K9", "source": "FAA_AIDS"}
{"timestamp": "2026-05-24T05:49:04.973174Z", "event": "model_auto_created", "aircraft_id": 1001, "manufacturer": "Boeing", "model_name": "Boeing 727180C", "source": "FAA_AIDS"}
{"timestamp": "2026-05-24T05:49:04.990550Z", "event": "model_auto_created", "aircraft_id": 1002, "manufacturer": "Boeing", "model_name": "Boeing 707138B", "source": "FAA_AIDS"}
{"timestamp": "2026-05-24T05:49:05.074104Z", "event": "model_auto_created", "aircraft_id": 1003, "manufacturer": "Boeing", "model_name": "Boeing 747124", "source": "FAA_AIDS"}
{"timestamp": "2026-05-24T05:49:05.109529Z", "event": "model_auto_created", "aircraft_id": 1004, "manufacturer": "Boeing", "model_name": "Boeing 7375H4", "source": "FAA_AIDS"}
{"timestamp": "2026-05-24T05:49:05.117586Z", "event": "model_auto_created", "aircraft_id": 1005, "manufacturer": "Airbus", "model_name": "Airbus A320211", "source": "FAA_AIDS"}
{"timestamp": "2026-05-24T05:49:05.122654Z", "event": "model_auto_created", "aircraft_id": 1006, "manufacturer": "Boeing", "model_name": "Boeing 737219", "source": "FAA_AIDS"}
{"timestamp": "2026-05-24T05:49:05.153505Z", "event": "model_auto_created", "aircraft_id": 1007, "manufacturer": "Boeing", "model_name": "Boeing 757212", "source": "FAA_AIDS"}
{"timestamp": "2026-05-24T05:49:05.223098Z", "event": "model_auto_created", "aircraft_id": 1008, "manufacturer": "Airbus", "model_name": "Airbus A320231", "source": "FAA_AIDS"}
{"timestamp": "2026-05-24T05:49:05.282747Z", "event": "model_auto_created", "aircraft_id": 1009, "manufacturer": "Boeing", "model_name": "Boeing 747422", "source": "FAA_AIDS"}
{"timestamp": "2026-05-24T05:49:05.358679Z", "event": "model_auto_created", "aircraft_id": 1010, "manufacturer": "Boeing", "model_name": "Boeing 7374B7", "source": "FAA_AIDS"}
{"timestamp": "2026-05-24T05:49:05.366158Z", "event": "model_auto_created", "aircraft_id": 1011, "manufacturer": "Boeing", "model_name": "Boeing 747Sp27", "source": "FAA_AIDS"}
{"timestamp": "2026-05-24T05:49:05.505825Z", "event": "model_auto_created", "aircraft_id": 1012, "manufacturer": "Boeing", "model_name": "Boeing 747133", "source": "FAA_AIDS"}
{"timestamp": "2026-05-24T05:49:05.514483Z", "event": "model_auto_created", "aircraft_id": 1013, "manufacturer": "Boeing", "model_name": "Boeing 727233", "source": "FAA_AIDS"}
{"timestamp": "2026-05-24T05:49:05.557406Z", "event": "model_auto_created", "aircraft_id": 1014, "manufacturer": "Boeing", "model_name": "Boeing 727276", "source": "FAA_AIDS"}
{"timestamp": "2026-05-24T05:49:05.635873Z", "event": "model_auto_created", "aircraft_id": 1015, "manufacturer": "Boeing", "model_name": "Boeing 727151C", "source": "FAA_AIDS"}
{"timestamp": "2026-05-24T05:49:05.644103Z", "event": "model_auto_created", "aircraft_id": 1016, "manufacturer": "Boeing", "model_name": "Boeing 747230B", "source": "FAA_AIDS"}
{"timestamp": "2026-05-24T05:49:05.652737Z", "event": "model_auto_created", "aircraft_id": 1017, "manufacturer": "Boeing", "model_name": "Boeing 747206B", "source": "FAA_AIDS"}
{"timestamp": "2026-05-24T05:49:05.680664Z", "event": "model_auto_created", "aircraft_id": 1018, "manufacturer": "Boeing", "model_name": "Boeing 7372M6C", "source": "FAA_AIDS"}
{"timestamp": "2026-05-24T05:49:05.759690Z", "event": "model_auto_created", "aircraft_id": 1019, "manufacturer": "Boeing", "model_name": "Boeing 727254", "source": "FAA_AIDS"}
{"timestamp": "2026-05-24T05:49:05.799224Z", "event": "model_auto_created", "aircraft_id": 1020, "manufacturer": "Boeing", "model_name": "Boeing 737522", "source": "FAA_AIDS"}
{"timestamp": "2026-05-24T05:49:05.812896Z", "event": "model_auto_created", "aircraft_id": 1021, "manufacturer": "Boeing", "model_name": "Boeing 7372S2C", "source": "FAA_AIDS"}
{"timestamp": "2026-05-24T05:49:05.887037Z", "event": "model_auto_created", "aircraft_id": 1022, "manufacturer": "Boeing", "model_name": "Boeing 707123B", "source": "FAA_AIDS"}
{"timestamp": "2026-05-24T05:49:05.901620Z", "event": "model_auto_created", "aircraft_id": 1023, "manufacturer": "Boeing", "model_name": "Boeing 747451", "source": "FAA_AIDS"}
{"timestamp": "2026-05-24T05:49:05.945998Z", "event": "model_auto_created", "aircraft_id": 1024, "manufacturer": "Boeing", "model_name": "Boeing 747300", "source": "FAA_AIDS"}
{"timestamp": "2026-05-24T05:49:05.948007Z", "event": "model_auto_created", "aircraft_id": 1025, "manufacturer": "Boeing", "model_name": "Boeing 727191", "source": "FAA_AIDS"}
{"timestamp": "2026-05-24T05:49:06.028201Z", "event": "model_auto_created", "aircraft_id": 1026, "manufacturer": "Boeing", "model_name": "Boeing 72761", "source": "FAA_AIDS"}
{"timestamp": "2026-05-24T05:49:06.037837Z", "event": "model_auto_created", "aircraft_id": 1027, "manufacturer": "Boeing", "model_name": "Boeing 7373S3", "source": "FAA_AIDS"}
{"timestamp": "2026-05-24T05:49:06.040347Z", "event": "model_auto_created", "aircraft_id": 1028, "manufacturer": "Boeing", "model_name": "Boeing 767322Er", "source": "FAA_AIDS"}
{"timestamp": "2026-05-24T05:49:06.049430Z", "event": "model_auto_created", "aircraft_id": 1029, "manufacturer": "Boeing", "model_name": "Boeing 727173C", "source": "FAA_AIDS"}
{"timestamp": "2026-05-24T05:49:06.086198Z", "event": "model_auto_created", "aircraft_id": 1030, "manufacturer": "Boeing", "model_name": "Boeing 75723Apf", "source": "FAA_AIDS"}
{"timestamp": "2026-05-24T05:49:06.090570Z", "event": "model_auto_created", "aircraft_id": 1031, "manufacturer": "Boeing", "model_name": "Boeing 737353", "source": "FAA_AIDS"}
{"timestamp": "2026-05-24T05:49:06.268563Z", "event": "model_auto_created", "aircraft_id": 1032, "manufacturer": "Boeing", "model_name": "Boeing 707324C", "source": "FAA_AIDS"}
{"timestamp": "2026-05-24T05:49:06.882789Z", "event": "model_auto_created", "aircraft_id": 1033, "manufacturer": "Boeing", "model_name": "Boeing 747368", "source": "FAA_AIDS"}
{"timestamp": "2026-05-24T05:49:06.911919Z", "event": "model_auto_created", "aircraft_id": 1034, "manufacturer": "Boeing", "model_name": "Boeing 1072", "source": "FAA_AIDS"}
{"timestamp": "2026-05-24T05:49:07.006936Z", "event": "model_auto_created", "aircraft_id": 1035, "manufacturer": "Boeing", "model_name": "Boeing 747Sr46", "source": "FAA_AIDS"}
{"timestamp": "2026-05-24T05:49:07.010209Z", "event": "model_auto_created", "aircraft_id": 1036, "manufacturer": "Boeing", "model_name": "Boeing 747146", "source": "FAA_AIDS"}
{"timestamp": "2026-05-24T05:49:07.171787Z", "event": "model_auto_created", "aircraft_id": 1037, "manufacturer": "Boeing", "model_name": "Boeing 767300", "source": "FAA_AIDS"}
{"timestamp": "2026-05-24T05:49:07.241377Z", "event": "model_auto_created", "aircraft_id": 1038, "manufacturer": "Boeing", "model_name": "Boeing 747100", "source": "FAA_AIDS"}
{"timestamp": "2026-05-24T05:49:07.268647Z", "event": "model_auto_created", "aircraft_id": 1039, "manufacturer": "Boeing", "model_name": "Boeing 727C3", "source": "FAA_AIDS"}
{"timestamp": "2026-05-24T05:49:07.304149Z", "event": "model_auto_created", "aircraft_id": 1040, "manufacturer": "Boeing", "model_name": "Boeing 737524", "source": "FAA_AIDS"}
{"timestamp": "2026-05-24T05:49:07.377326Z", "event": "model_auto_created", "aircraft_id": 1041, "manufacturer": "Boeing", "model_name": "Boeing 7374S3", "source": "FAA_AIDS"}
{"timestamp": "2026-05-24T05:49:07.492834Z", "event": "model_auto_created", "aircraft_id": 1042, "manufacturer": "Boeing", "model_name": "Boeing 747128", "source": "FAA_AIDS"}
{"timestamp": "2026-05-24T05:49:07.499040Z", "event": "model_auto_created", "aircraft_id": 1043, "manufacturer": "Boeing", "model_name": "Boeing 737242", "source": "FAA_AIDS"}
{"timestamp": "2026-05-24T05:49:07.577367Z", "event": "model_auto_created", "aircraft_id": 1044, "manufacturer": "Airbus", "model_name": "Airbus A320232", "source": "FAA_AIDS"}
{"timestamp": "2026-05-24T05:49:07.607167Z", "event": "model_auto_created", "aircraft_id": 1045, "manufacturer": "Boeing", "model_name": "Boeing 7572Q8", "source": "FAA_AIDS"}
{"timestamp": "2026-05-24T05:49:07.608889Z", "event": "model_auto_created", "aircraft_id": 1046, "manufacturer": "Boeing", "model_name": "Boeing 7373T5", "source": "FAA_AIDS"}
{"timestamp": "2026-05-24T05:49:07.738754Z", "event": "model_auto_created", "aircraft_id": 1047, "manufacturer": "Boeing", "model_name": "Boeing 7374Q8", "source": "FAA_AIDS"}
{"timestamp": "2026-05-24T05:49:07.752502Z", "event": "model_auto_created", "aircraft_id": 1048, "manufacturer": "Boeing", "model_name": "Boeing 72721C", "source": "FAA_AIDS"}
{"timestamp": "2026-05-24T05:49:07.805336Z", "event": "model_auto_created", "aircraft_id": 1049, "manufacturer": "Boeing", "model_name": "Boeing 75723N", "source": "FAA_AIDS"}
{"timestamp": "2026-05-24T05:49:07.809275Z", "event": "model_auto_created", "aircraft_id": 1050, "manufacturer": "Boeing", "model_name": "Boeing 737100", "source": "FAA_AIDS"}
{"timestamp": "2026-05-24T05:49:07.887498Z", "event": "model_auto_created", "aircraft_id": 1051, "manufacturer": "Boeing", "model_name": "Boeing 7272D4", "source": "FAA_AIDS"}
{"timestamp": "2026-05-24T05:49:07.895146Z", "event": "model_auto_created", "aircraft_id": 1052, "manufacturer": "Boeing", "model_name": "Boeing 7372H6", "source": "FAA_AIDS"}
{"timestamp": "2026-05-24T05:49:07.898365Z", "event": "model_auto_created", "aircraft_id": 1053, "manufacturer": "Boeing", "model_name": "Boeing 72782", "source": "FAA_AIDS"}
{"timestamp": "2026-05-24T05:49:07.935553Z", "event": "model_auto_created", "aircraft_id": 1054, "manufacturer": "Airbus", "model_name": "Airbus A340211", "source": "FAA_AIDS"}
{"timestamp": "2026-05-24T05:49:07.999117Z", "event": "model_auto_created", "aircraft_id": 1055, "manufacturer": "Boeing", "model_name": "Boeing 747230F", "source": "FAA_AIDS"}
{"timestamp": "2026-05-24T05:49:08.008002Z", "event": "model_auto_created", "aircraft_id": 1056, "manufacturer": "Boeing", "model_name": "Boeing 7372P6", "source": "FAA_AIDS"}
{"timestamp": "2026-05-24T05:49:08.033893Z", "event": "model_auto_created", "aircraft_id": 1057, "manufacturer": "Boeing", "model_name": "Boeing 7272J4", "source": "FAA_AIDS"}
{"timestamp": "2026-05-24T05:49:08.100367Z", "event": "model_auto_created", "aircraft_id": 1058, "manufacturer": "Boeing", "model_name": "Boeing 7272L5", "source": "FAA_AIDS"}
{"timestamp": "2026-05-24T05:49:08.106925Z", "event": "model_auto_created", "aircraft_id": 1059, "manufacturer": "Boeing", "model_name": "Boeing 747269B", "source": "FAA_AIDS"}
{"timestamp": "2026-05-24T05:49:08.137263Z", "event": "model_auto_created", "aircraft_id": 1060, "manufacturer": "Boeing", "model_name": "Boeing 7374Y0", "source": "FAA_AIDS"}
{"timestamp": "2026-05-24T05:49:08.139964Z", "event": "model_auto_created", "aircraft_id": 1061, "manufacturer": "Boeing", "model_name": "Boeing 7672B7", "source": "FAA_AIDS"}
{"timestamp": "2026-05-24T05:49:08.144945Z", "event": "model_auto_created", "aircraft_id": 1062, "manufacturer": "Boeing", "model_name": "Boeing 747467F", "source": "FAA_AIDS"}
{"timestamp": "2026-05-24T05:49:08.265116Z", "event": "model_auto_created", "aircraft_id": 1063, "manufacturer": "Boeing", "model_name": "Boeing 747400", "source": "FAA_AIDS"}
{"timestamp": "2026-05-24T05:49:08.270588Z", "event": "model_auto_created", "aircraft_id": 1064, "manufacturer": "Boeing", "model_name": "Boeing 757224", "source": "FAA_AIDS"}
{"timestamp": "2026-05-24T05:49:08.383830Z", "event": "model_auto_created", "aircraft_id": 1065, "manufacturer": "Boeing", "model_name": "Boeing 737205", "source": "FAA_AIDS"}
{"timestamp": "2026-05-24T05:49:08.387707Z", "event": "model_auto_created", "aircraft_id": 1066, "manufacturer": "Boeing", "model_name": "Boeing 737500", "source": "FAA_AIDS"}
{"timestamp": "2026-05-24T05:49:08.389216Z", "event": "model_auto_created", "aircraft_id": 1067, "manufacturer": "Boeing", "model_name": "Boeing 72777C", "source": "FAA_AIDS"}
{"timestamp": "2026-05-24T05:49:08.398928Z", "event": "model_auto_created", "aircraft_id": 1068, "manufacturer": "Boeing", "model_name": "Boeing 7572B7", "source": "FAA_AIDS"}
{"timestamp": "2026-05-24T05:49:08.437468Z", "event": "model_auto_created", "aircraft_id": 1069, "manufacturer": "Boeing", "model_name": "Boeing 757236", "source": "FAA_AIDS"}
{"timestamp": "2026-05-24T05:49:08.445256Z", "event": "model_auto_created", "aircraft_id": 1070, "manufacturer": "Airbus", "model_name": "Airbus A320212", "source": "FAA_AIDS"}
{"timestamp": "2026-05-24T05:49:08.450540Z", "event": "model_auto_created", "aircraft_id": 1071, "manufacturer": "Airbus", "model_name": "Airbus A310203", "source": "FAA_AIDS"}
{"timestamp": "2026-05-24T05:49:08.481375Z", "event": "model_auto_created", "aircraft_id": 1072, "manufacturer": "Boeing", "model_name": "Boeing 7673P6", "source": "FAA_AIDS"}
{"timestamp": "2026-05-24T05:49:08.485434Z", "event": "model_auto_created", "aircraft_id": 1073, "manufacturer": "Boeing", "model_name": "Boeing 7472D7B", "source": "FAA_AIDS"}
{"timestamp": "2026-05-24T05:49:08.535747Z", "event": "model_auto_created", "aircraft_id": 1074, "manufacturer": "Boeing", "model_name": "Boeing 7377H4", "source": "FAA_AIDS"}
{"timestamp": "2026-05-24T05:49:08.582188Z", "event": "model_auto_created", "aircraft_id": 1075, "manufacturer": "Boeing", "model_name": "Boeing 777222", "source": "FAA_AIDS"}
{"timestamp": "2026-05-24T05:49:08.594361Z", "event": "model_auto_created", "aircraft_id": 1076, "manufacturer": "Boeing", "model_name": "Boeing 737400", "source": "FAA_AIDS"}
{"timestamp": "2026-05-24T05:49:08.621904Z", "event": "model_auto_created", "aircraft_id": 1077, "manufacturer": "Airbus", "model_name": "Airbus A320233", "source": "FAA_AIDS"}
{"timestamp": "2026-05-24T05:49:08.625799Z", "event": "model_auto_created", "aircraft_id": 1078, "manufacturer": "Airbus", "model_name": "Airbus A320321", "source": "FAA_AIDS"}
{"timestamp": "2026-05-24T05:49:08.719514Z", "event": "model_auto_created", "aircraft_id": 1079, "manufacturer": "Boeing", "model_name": "Boeing 7272J0", "source": "FAA_AIDS"}
{"timestamp": "2026-05-24T05:49:08.813247Z", "event": "model_auto_created", "aircraft_id": 1080, "manufacturer": "Boeing", "model_name": "Boeing 727225A", "source": "FAA_AIDS"}
{"timestamp": "2026-05-24T05:49:08.822075Z", "event": "model_auto_created", "aircraft_id": 1081, "manufacturer": "Boeing", "model_name": "Boeing 7372L9", "source": "FAA_AIDS"}
{"timestamp": "2026-05-24T05:49:08.826304Z", "event": "model_auto_created", "aircraft_id": 1082, "manufacturer": "Boeing", "model_name": "Boeing 727208", "source": "FAA_AIDS"}
{"timestamp": "2026-05-24T05:49:08.831001Z", "event": "model_auto_created", "aircraft_id": 1083, "manufacturer": "Boeing", "model_name": "Boeing 72744C", "source": "FAA_AIDS"}
{"timestamp": "2026-05-24T05:49:08.868869Z", "event": "model_auto_created", "aircraft_id": 1084, "manufacturer": "Boeing", "model_name": "Boeing 737490", "source": "FAA_AIDS"}
{"timestamp": "2026-05-24T05:49:09.004127Z", "event": "model_auto_created", "aircraft_id": 1085, "manufacturer": "Boeing", "model_name": "Boeing 747Sp44", "source": "FAA_AIDS"}
{"timestamp": "2026-05-24T05:49:09.016090Z", "event": "model_auto_created", "aircraft_id": 1086, "manufacturer": "Airbus", "model_name": "Airbus A300F4605R", "source": "FAA_AIDS"}
{"timestamp": "2026-05-24T05:49:09.051857Z", "event": "model_auto_created", "aircraft_id": 1087, "manufacturer": "Boeing", "model_name": "Boeing 757231", "source": "FAA_AIDS"}
{"timestamp": "2026-05-24T05:49:09.053558Z", "event": "model_auto_created", "aircraft_id": 1088, "manufacturer": "Boeing", "model_name": "Boeing 737317", "source": "FAA_AIDS"}
{"timestamp": "2026-05-24T05:49:09.066817Z", "event": "model_auto_created", "aircraft_id": 1089, "manufacturer": "Boeing", "model_name": "Boeing 737242C", "source": "FAA_AIDS"}
{"timestamp": "2026-05-24T05:49:09.072089Z", "event": "model_auto_created", "aircraft_id": 1090, "manufacturer": "Boeing", "model_name": "Boeing 777224", "source": "FAA_AIDS"}
{"timestamp": "2026-05-24T05:49:09.189233Z", "event": "model_auto_created", "aircraft_id": 1091, "manufacturer": "Boeing", "model_name": "Boeing 737824", "source": "FAA_AIDS"}
{"timestamp": "2026-05-24T05:49:09.222584Z", "event": "model_auto_created", "aircraft_id": 1092, "manufacturer": "Boeing", "model_name": "Boeing 747259B", "source": "FAA_AIDS"}
{"timestamp": "2026-05-24T05:49:09.301444Z", "event": "model_auto_created", "aircraft_id": 1093, "manufacturer": "Boeing", "model_name": "Boeing 72789", "source": "FAA_AIDS"}
{"timestamp": "2026-05-24T05:49:09.311382Z", "event": "model_auto_created", "aircraft_id": 1094, "manufacturer": "Boeing", "model_name": "Boeing 737724", "source": "FAA_AIDS"}
{"timestamp": "2026-05-24T05:49:09.316965Z", "event": "model_auto_created", "aircraft_id": 1095, "manufacturer": "Boeing", "model_name": "Boeing 7474F6", "source": "FAA_AIDS"}
{"timestamp": "2026-05-24T05:49:09.364743Z", "event": "model_auto_created", "aircraft_id": 1096, "manufacturer": "Boeing", "model_name": "Boeing 7272X3", "source": "FAA_AIDS"}
{"timestamp": "2026-05-24T05:49:09.444406Z", "event": "model_auto_created", "aircraft_id": 1097, "manufacturer": "Boeing", "model_name": "Boeing 737832", "source": "FAA_AIDS"}
{"timestamp": "2026-05-24T05:49:09.446188Z", "event": "model_auto_created", "aircraft_id": 1098, "manufacturer": "Boeing", "model_name": "Boeing 72746", "source": "FAA_AIDS"}
{"timestamp": "2026-05-24T05:49:09.447937Z", "event": "model_auto_created", "aircraft_id": 1099, "manufacturer": "Boeing", "model_name": "Boeing 737823", "source": "FAA_AIDS"}
{"timestamp": "2026-05-24T05:49:09.537559Z", "event": "model_auto_created", "aircraft_id": 1100, "manufacturer": "Boeing", "model_name": "Boeing 7472R7F", "source": "FAA_AIDS"}
{"timestamp": "2026-05-24T05:49:09.601139Z", "event": "model_auto_created", "aircraft_id": 1101, "manufacturer": "Boeing", "model_name": "Boeing 7372K6", "source": "FAA_AIDS"}
{"timestamp": "2026-05-24T05:49:09.714796Z", "event": "model_auto_created", "aircraft_id": 1102, "manufacturer": "Boeing", "model_name": "Boeing 76734Af", "source": "FAA_AIDS"}
{"timestamp": "2026-05-24T05:49:09.733295Z", "event": "model_auto_created", "aircraft_id": 1103, "manufacturer": "Boeing", "model_name": "Boeing 7572Y0", "source": "FAA_AIDS"}
{"timestamp": "2026-05-24T05:49:09.763114Z", "event": "model_auto_created", "aircraft_id": 1104, "manufacturer": "Boeing", "model_name": "Boeing 747257B", "source": "FAA_AIDS"}
{"timestamp": "2026-05-24T05:49:09.765933Z", "event": "model_auto_created", "aircraft_id": 1105, "manufacturer": "Boeing", "model_name": "Boeing 7372Y5", "source": "FAA_AIDS"}
{"timestamp": "2026-05-24T05:49:09.770081Z", "event": "model_auto_created", "aircraft_id": 1106, "manufacturer": "Boeing", "model_name": "Boeing 727J4", "source": "FAA_AIDS"}
{"timestamp": "2026-05-24T05:49:09.808431Z", "event": "model_auto_created", "aircraft_id": 1107, "manufacturer": "Airbus", "model_name": "Airbus A319131", "source": "FAA_AIDS"}
{"timestamp": "2026-05-24T05:49:09.810602Z", "event": "model_auto_created", "aircraft_id": 1108, "manufacturer": "Boeing", "model_name": "Boeing 7373Y0", "source": "FAA_AIDS"}
{"timestamp": "2026-05-24T05:49:09.823927Z", "event": "model_auto_created", "aircraft_id": 1109, "manufacturer": "Boeing", "model_name": "Boeing 737282", "source": "FAA_AIDS"}
{"timestamp": "2026-05-24T05:49:09.856175Z", "event": "model_auto_created", "aircraft_id": 1110, "manufacturer": "Boeing", "model_name": "Boeing 737200A", "source": "FAA_AIDS"}
{"timestamp": "2026-05-24T05:49:09.859196Z", "event": "model_auto_created", "aircraft_id": 1111, "manufacturer": "Boeing", "model_name": "Boeing 7572G7", "source": "FAA_AIDS"}
{"timestamp": "2026-05-24T05:49:09.869115Z", "event": "model_auto_created", "aircraft_id": 1112, "manufacturer": "Boeing", "model_name": "Boeing 737790", "source": "FAA_AIDS"}
{"timestamp": "2026-05-24T05:49:09.907279Z", "event": "model_auto_created", "aircraft_id": 1113, "manufacturer": "Boeing", "model_name": "Boeing 727260", "source": "FAA_AIDS"}
{"timestamp": "2026-05-24T05:49:09.916952Z", "event": "model_auto_created", "aircraft_id": 1114, "manufacturer": "Boeing", "model_name": "Boeing 777232", "source": "FAA_AIDS"}
{"timestamp": "2026-05-24T05:49:10.004614Z", "event": "model_auto_created", "aircraft_id": 1115, "manufacturer": "Boeing", "model_name": "Boeing 73749R", "source": "FAA_AIDS"}
{"timestamp": "2026-05-24T05:49:10.140502Z", "event": "model_auto_created", "aircraft_id": 1116, "manufacturer": "Boeing", "model_name": "Boeing 737236", "source": "FAA_AIDS"}
{"timestamp": "2026-05-24T05:49:10.144853Z", "event": "model_auto_created", "aircraft_id": 1117, "manufacturer": "Airbus", "model_name": "Airbus A319132", "source": "FAA_AIDS"}
{"timestamp": "2026-05-24T05:49:10.195498Z", "event": "model_auto_created", "aircraft_id": 1118, "manufacturer": "Boeing", "model_name": "Boeing 777223", "source": "FAA_AIDS"}
{"timestamp": "2026-05-24T05:49:10.309592Z", "event": "model_auto_created", "aircraft_id": 1119, "manufacturer": "Airbus", "model_name": "Airbus A340313", "source": "FAA_AIDS"}
{"timestamp": "2026-05-24T05:49:10.363563Z", "event": "model_auto_created", "aircraft_id": 1120, "manufacturer": "Boeing", "model_name": "Boeing 717200", "source": "FAA_AIDS"}
{"timestamp": "2026-05-24T05:49:10.375544Z", "event": "model_auto_created", "aircraft_id": 1121, "manufacturer": "Boeing", "model_name": "Boeing 767432Er", "source": "FAA_AIDS"}
{"timestamp": "2026-05-24T05:49:10.379036Z", "event": "model_auto_created", "aircraft_id": 1122, "manufacturer": "Boeing", "model_name": "Boeing 7372E1", "source": "FAA_AIDS"}
{"timestamp": "2026-05-24T05:49:10.418067Z", "event": "model_auto_created", "aircraft_id": 1123, "manufacturer": "Boeing", "model_name": "Boeing 727108C", "source": "FAA_AIDS"}
{"timestamp": "2026-05-24T05:49:10.460516Z", "event": "model_auto_created", "aircraft_id": 1124, "manufacturer": "Boeing", "model_name": "Boeing 75728A", "source": "FAA_AIDS"}
{"timestamp": "2026-05-24T05:49:10.504802Z", "event": "model_auto_created", "aircraft_id": 1125, "manufacturer": "Airbus", "model_name": "Airbus A300F4622R", "source": "FAA_AIDS"}
{"timestamp": "2026-05-24T05:49:10.583531Z", "event": "model_auto_created", "aircraft_id": 1126, "manufacturer": "Boeing", "model_name": "Boeing 7272Q6", "source": "FAA_AIDS"}
{"timestamp": "2026-05-24T05:49:10.615924Z", "event": "model_auto_created", "aircraft_id": 1127, "manufacturer": "Boeing", "model_name": "Boeing 7474B5B", "source": "FAA_AIDS"}
{"timestamp": "2026-05-24T05:49:10.626039Z", "event": "model_auto_created", "aircraft_id": 1128, "manufacturer": "Airbus", "model_name": "Airbus A321211", "source": "FAA_AIDS"}
{"timestamp": "2026-05-24T05:49:10.632550Z", "event": "model_auto_created", "aircraft_id": 1129, "manufacturer": "Airbus", "model_name": "Airbus A319112", "source": "FAA_AIDS"}
{"timestamp": "2026-05-24T05:49:10.669986Z", "event": "model_auto_created", "aircraft_id": 1130, "manufacturer": "Boeing", "model_name": "Boeing 73776N", "source": "FAA_AIDS"}
{"timestamp": "2026-05-24T05:49:10.704188Z", "event": "model_auto_created", "aircraft_id": 1131, "manufacturer": "Boeing", "model_name": "Boeing 737330", "source": "FAA_AIDS"}
{"timestamp": "2026-05-24T05:49:10.711278Z", "event": "model_auto_created", "aircraft_id": 1132, "manufacturer": "Boeing", "model_name": "Boeing 747228F", "source": "FAA_AIDS"}
{"timestamp": "2026-05-24T05:49:10.720316Z", "event": "model_auto_created", "aircraft_id": 1133, "manufacturer": "Boeing", "model_name": "Boeing 7472J9F", "source": "FAA_AIDS"}
{"timestamp": "2026-05-24T05:49:10.755640Z", "event": "model_auto_created", "aircraft_id": 1134, "manufacturer": "Boeing", "model_name": "Boeing 727282", "source": "FAA_AIDS"}
{"timestamp": "2026-05-24T05:49:10.761276Z", "event": "model_auto_created", "aircraft_id": 1135, "manufacturer": "Boeing", "model_name": "Boeing 74745E", "source": "FAA_AIDS"}
{"timestamp": "2026-05-24T05:49:10.807724Z", "event": "model_auto_created", "aircraft_id": 1136, "manufacturer": "Boeing", "model_name": "Boeing 75733N", "source": "FAA_AIDS"}
{"timestamp": "2026-05-24T05:49:10.819076Z", "event": "model_auto_created", "aircraft_id": 1137, "manufacturer": "Boeing", "model_name": "Boeing 767224", "source": "FAA_AIDS"}
{"timestamp": "2026-05-24T05:49:10.824967Z", "event": "model_auto_created", "aircraft_id": 1138, "manufacturer": "Airbus", "model_name": "Airbus A319114", "source": "FAA_AIDS"}
{"timestamp": "2026-05-24T05:49:10.891288Z", "event": "model_auto_created", "aircraft_id": 1139, "manufacturer": "Boeing", "model_name": "Boeing 7378Q8", "source": "FAA_AIDS"}
{"timestamp": "2026-05-24T05:49:10.898802Z", "event": "model_auto_created", "aircraft_id": 1140, "manufacturer": "Boeing", "model_name": "Boeing 737306", "source": "FAA_AIDS"}
{"timestamp": "2026-05-24T05:49:10.966324Z", "event": "model_auto_created", "aircraft_id": 1141, "manufacturer": "Airbus", "model_name": "Airbus A310300", "source": "FAA_AIDS"}
{"timestamp": "2026-05-24T05:49:11.045943Z", "event": "model_auto_created", "aircraft_id": 1142, "manufacturer": "Airbus", "model_name": "Airbus A340311", "source": "FAA_AIDS"}
{"timestamp": "2026-05-24T05:49:11.048886Z", "event": "model_auto_created", "aircraft_id": 1143, "manufacturer": "Boeing", "model_name": "Boeing 73783N", "source": "FAA_AIDS"}
{"timestamp": "2026-05-24T05:49:11.052673Z", "event": "model_auto_created", "aircraft_id": 1144, "manufacturer": "Airbus", "model_name": "Airbus A330323", "source": "FAA_AIDS"}
{"timestamp": "2026-05-24T05:49:11.079541Z", "event": "model_auto_created", "aircraft_id": 1145, "manufacturer": "Boeing", "model_name": "Boeing 737924", "source": "FAA_AIDS"}
{"timestamp": "2026-05-24T05:49:11.129375Z", "event": "model_auto_created", "aircraft_id": 1146, "manufacturer": "Airbus", "model_name": "Airbus A330300", "source": "FAA_AIDS"}
{"timestamp": "2026-05-24T05:49:11.134049Z", "event": "model_auto_created", "aircraft_id": 1147, "manufacturer": "Boeing", "model_name": "Boeing 73773A", "source": "FAA_AIDS"}
{"timestamp": "2026-05-24T05:49:11.166194Z", "event": "model_auto_created", "aircraft_id": 1148, "manufacturer": "Airbus", "model_name": "Airbus A319111", "source": "FAA_AIDS"}
{"timestamp": "2026-05-24T05:49:11.170866Z", "event": "model_auto_created", "aircraft_id": 1149, "manufacturer": "Boeing", "model_name": "Boeing 757351", "source": "FAA_AIDS"}
{"timestamp": "2026-05-24T05:49:11.175952Z", "event": "model_auto_created", "aircraft_id": 1150, "manufacturer": "Boeing", "model_name": "Boeing 747246F", "source": "FAA_AIDS"}
{"timestamp": "2026-05-24T05:49:11.181140Z", "event": "model_auto_created", "aircraft_id": 1151, "manufacturer": "Boeing", "model_name": "Boeing 73735B", "source": "FAA_AIDS"}
{"timestamp": "2026-05-24T05:49:11.401564Z", "event": "model_auto_created", "aircraft_id": 1152, "manufacturer": "Airbus", "model_name": "Airbus A330243", "source": "FAA_AIDS"}
{"timestamp": "2026-05-24T05:49:11.404574Z", "event": "model_auto_created", "aircraft_id": 1153, "manufacturer": "Boeing", "model_name": "Boeing 74746Nf", "source": "FAA_AIDS"}
{"timestamp": "2026-05-24T05:49:11.431154Z", "event": "model_auto_created", "aircraft_id": 1154, "manufacturer": "Airbus", "model_name": "Airbus A318111", "source": "FAA_AIDS"}
{"timestamp": "2026-05-24T05:49:11.438120Z", "event": "model_auto_created", "aircraft_id": 1155, "manufacturer": "Airbus", "model_name": "Airbus A320214", "source": "FAA_AIDS"}
{"timestamp": "2026-05-24T05:49:11.482234Z", "event": "model_auto_created", "aircraft_id": 1156, "manufacturer": "Boeing", "model_name": "Boeing 727185C", "source": "FAA_AIDS"}
{"timestamp": "2026-05-24T05:49:11.540191Z", "event": "model_auto_created", "aircraft_id": 1157, "manufacturer": "Boeing", "model_name": "Boeing 767281", "source": "FAA_AIDS"}
{"timestamp": "2026-05-24T05:49:11.579880Z", "event": "model_auto_created", "aircraft_id": 1158, "manufacturer": "Boeing", "model_name": "Boeing 7377Bc", "source": "FAA_AIDS"}
{"timestamp": "2026-05-24T05:49:11.613970Z", "event": "model_auto_created", "aircraft_id": 1159, "manufacturer": "Boeing", "model_name": "Boeing 777236", "source": "FAA_AIDS"}
{"timestamp": "2026-05-24T05:49:11.620253Z", "event": "model_auto_created", "aircraft_id": 1160, "manufacturer": "Airbus", "model_name": "Airbus A340212", "source": "FAA_AIDS"}
{"timestamp": "2026-05-24T05:49:11.653045Z", "event": "model_auto_created", "aircraft_id": 1161, "manufacturer": "Boeing", "model_name": "Boeing 7373L9", "source": "FAA_AIDS"}
{"timestamp": "2026-05-24T05:49:11.762325Z", "event": "model_auto_created", "aircraft_id": 1162, "manufacturer": "Boeing", "model_name": "Boeing 757324", "source": "FAA_AIDS"}
{"timestamp": "2026-05-24T05:49:11.767365Z", "event": "model_auto_created", "aircraft_id": 1163, "manufacturer": "Boeing", "model_name": "Boeing 7472B4B", "source": "FAA_AIDS"}
{"timestamp": "2026-05-24T05:49:11.798691Z", "event": "model_auto_created", "aircraft_id": 1164, "manufacturer": "Boeing", "model_name": "Boeing 73772T", "source": "FAA_AIDS"}
{"timestamp": "2026-05-24T05:49:11.804216Z", "event": "model_auto_created", "aircraft_id": 1165, "manufacturer": "Airbus", "model_name": "Airbus A321231", "source": "FAA_AIDS"}
{"timestamp": "2026-05-24T05:49:11.806022Z", "event": "model_auto_created", "aircraft_id": 1166, "manufacturer": "Boeing", "model_name": "Boeing 7378Bk", "source": "FAA_AIDS"}
{"timestamp": "2026-05-24T05:49:11.809642Z", "event": "model_auto_created", "aircraft_id": 1167, "manufacturer": "Boeing", "model_name": "Boeing 7672Ey", "source": "FAA_AIDS"}
{"timestamp": "2026-05-24T05:49:11.902169Z", "event": "model_auto_created", "aircraft_id": 1168, "manufacturer": "Airbus", "model_name": "Airbus A340300", "source": "FAA_AIDS"}
{"timestamp": "2026-05-24T05:49:11.907112Z", "event": "model_auto_created", "aircraft_id": 1169, "manufacturer": "Airbus", "model_name": "Airbus A300B4622", "source": "FAA_AIDS"}
{"timestamp": "2026-05-24T05:49:11.911490Z", "event": "model_auto_created", "aircraft_id": 1170, "manufacturer": "Boeing", "model_name": "Boeing 73781Q", "source": "FAA_AIDS"}
{"timestamp": "2026-05-24T05:49:11.949529Z", "event": "model_auto_created", "aircraft_id": 1171, "manufacturer": "Airbus", "model_name": "Airbus A330223", "source": "FAA_AIDS"}
{"timestamp": "2026-05-24T05:49:11.976771Z", "event": "model_auto_created", "aircraft_id": 1172, "manufacturer": "Boeing", "model_name": "Boeing 737298C", "source": "FAA_AIDS"}
{"timestamp": "2026-05-24T05:49:12.056613Z", "event": "model_auto_created", "aircraft_id": 1173, "manufacturer": "Boeing", "model_name": "Boeing 7272K5", "source": "FAA_AIDS"}
{"timestamp": "2026-05-24T05:49:12.069111Z", "event": "model_auto_created", "aircraft_id": 1174, "manufacturer": "Boeing", "model_name": "Boeing 747437", "source": "FAA_AIDS"}
{"timestamp": "2026-05-24T05:49:12.075729Z", "event": "model_auto_created", "aircraft_id": 1175, "manufacturer": "Boeing", "model_name": "Boeing 7377Av", "source": "FAA_AIDS"}
{"timestamp": "2026-05-24T05:49:12.136932Z", "event": "model_auto_created", "aircraft_id": 1176, "manufacturer": "Boeing", "model_name": "Boeing 7472U3B", "source": "FAA_AIDS"}
{"timestamp": "2026-05-24T05:49:12.203914Z", "event": "model_auto_created", "aircraft_id": 1177, "manufacturer": "Boeing", "model_name": "Boeing 7372K5", "source": "FAA_AIDS"}
{"timestamp": "2026-05-24T05:49:12.244655Z", "event": "model_auto_created", "aircraft_id": 1178, "manufacturer": "Boeing", "model_name": "Boeing 747430", "source": "FAA_AIDS"}
{"timestamp": "2026-05-24T05:49:12.246491Z", "event": "model_auto_created", "aircraft_id": 1179, "manufacturer": "Boeing", "model_name": "Boeing 7474J6", "source": "FAA_AIDS"}
{"timestamp": "2026-05-24T05:49:12.248849Z", "event": "model_auto_created", "aircraft_id": 1180, "manufacturer": "Boeing", "model_name": "Boeing 76733A", "source": "FAA_AIDS"}
{"timestamp": "2026-05-24T05:49:12.256607Z", "event": "model_auto_created", "aircraft_id": 1181, "manufacturer": "Boeing", "model_name": "Boeing 727270", "source": "FAA_AIDS"}
{"timestamp": "2026-05-24T05:49:12.287182Z", "event": "model_auto_created", "aircraft_id": 1182, "manufacturer": "Boeing", "model_name": "Boeing 767424Er", "source": "FAA_AIDS"}
{"timestamp": "2026-05-24T05:49:12.391979Z", "event": "model_auto_created", "aircraft_id": 1183, "manufacturer": "Boeing", "model_name": "Boeing 747409", "source": "FAA_AIDS"}
{"timestamp": "2026-05-24T05:49:12.486767Z", "event": "model_auto_created", "aircraft_id": 1184, "manufacturer": "Boeing", "model_name": "Boeing 77731Her", "source": "FAA_AIDS"}
{"timestamp": "2026-05-24T05:49:12.488451Z", "event": "model_auto_created", "aircraft_id": 1185, "manufacturer": "Boeing", "model_name": "Boeing 7272H3", "source": "FAA_AIDS"}
{"timestamp": "2026-05-24T05:49:12.581380Z", "event": "model_auto_created", "aircraft_id": 1186, "manufacturer": "Boeing", "model_name": "Boeing 73776Q", "source": "FAA_AIDS"}
{"timestamp": "2026-05-24T05:49:12.637003Z", "event": "model_auto_created", "aircraft_id": 1187, "manufacturer": "Boeing", "model_name": "Boeing 747267B", "source": "FAA_AIDS"}
{"timestamp": "2026-05-24T05:49:12.872581Z", "event": "model_auto_created", "aircraft_id": 1188, "manufacturer": "Boeing", "model_name": "Boeing 74745Ef", "source": "FAA_AIDS"}
{"timestamp": "2026-05-24T05:49:12.907378Z", "event": "model_auto_created", "aircraft_id": 1189, "manufacturer": "Boeing", "model_name": "Boeing 767-259", "source": "FAA_AIDS"}
{"timestamp": "2026-05-24T05:49:12.941281Z", "event": "model_auto_created", "aircraft_id": 1190, "manufacturer": "Boeing", "model_name": "Boeing 747446", "source": "FAA_AIDS"}
{"timestamp": "2026-05-24T05:49:12.981794Z", "event": "model_auto_created", "aircraft_id": 1191, "manufacturer": "Boeing", "model_name": "Boeing 747400F", "source": "FAA_AIDS"}
{"timestamp": "2026-05-24T05:49:13.014853Z", "event": "model_auto_created", "aircraft_id": 1192, "manufacturer": "Boeing", "model_name": "Boeing 737752", "source": "FAA_AIDS"}
{"timestamp": "2026-05-24T05:49:13.047495Z", "event": "model_auto_created", "aircraft_id": 1193, "manufacturer": "Boeing", "model_name": "Boeing 737890", "source": "FAA_AIDS"}
{"timestamp": "2026-05-24T05:49:13.055405Z", "event": "model_auto_created", "aircraft_id": 1194, "manufacturer": "Airbus", "model_name": "Airbus A320-212", "source": "FAA_AIDS"}
{"timestamp": "2026-05-24T05:49:13.193561Z", "event": "model_auto_created", "aircraft_id": 1195, "manufacturer": "Boeing", "model_name": "Boeing 737-3Y0", "source": "FAA_AIDS"}
{"timestamp": "2026-05-24T05:49:13.235488Z", "event": "model_auto_created", "aircraft_id": 1196, "manufacturer": "Airbus", "model_name": "Airbus A300F4-605R", "source": "FAA_AIDS"}
{"timestamp": "2026-05-24T05:49:13.311298Z", "event": "model_auto_created", "aircraft_id": 1197, "manufacturer": "Boeing", "model_name": "Boeing 747-438", "source": "FAA_AIDS"}
{"timestamp": "2026-05-24T05:49:13.313521Z", "event": "model_auto_created", "aircraft_id": 1198, "manufacturer": "Airbus", "model_name": "Airbus A320-231", "source": "FAA_AIDS"}
{"timestamp": "2026-05-24T05:49:13.354574Z", "event": "model_auto_created", "aircraft_id": 1199, "manufacturer": "Boeing", "model_name": "Boeing 767-3G5", "source": "FAA_AIDS"}
{"timestamp": "2026-05-24T05:49:13.392918Z", "event": "model_auto_created", "aircraft_id": 1200, "manufacturer": "Boeing", "model_name": "Boeing 737-401", "source": "FAA_AIDS"}
{"timestamp": "2026-05-24T05:49:13.397976Z", "event": "model_auto_created", "aircraft_id": 1201, "manufacturer": "Airbus", "model_name": "Airbus A310-222", "source": "FAA_AIDS"}
{"timestamp": "2026-05-24T05:49:13.402609Z", "event": "model_auto_created", "aircraft_id": 1202, "manufacturer": "Airbus", "model_name": "Airbus A318-111", "source": "FAA_AIDS"}
{"timestamp": "2026-05-24T05:49:13.405011Z", "event": "model_auto_created", "aircraft_id": 1203, "manufacturer": "Boeing", "model_name": "Boeing 737-76Q", "source": "FAA_AIDS"}
{"timestamp": "2026-05-24T05:49:13.478981Z", "event": "model_auto_created", "aircraft_id": 1204, "manufacturer": "Boeing", "model_name": "Boeing 737-76N", "source": "FAA_AIDS"}
{"timestamp": "2026-05-24T05:49:13.542380Z", "event": "model_auto_created", "aircraft_id": 1205, "manufacturer": "Boeing", "model_name": "Boeing 737-3Q8", "source": "FAA_AIDS"}
{"timestamp": "2026-05-24T05:49:13.579184Z", "event": "model_auto_created", "aircraft_id": 1206, "manufacturer": "Boeing", "model_name": "Boeing 747-230B", "source": "FAA_AIDS"}
{"timestamp": "2026-05-24T05:49:13.580987Z", "event": "model_auto_created", "aircraft_id": 1207, "manufacturer": "Boeing", "model_name": "Boeing 737-8Bk", "source": "FAA_AIDS"}
{"timestamp": "2026-05-24T05:49:13.620927Z", "event": "model_auto_created", "aircraft_id": 1208, "manufacturer": "Boeing", "model_name": "Boeing 767-3Cb", "source": "FAA_AIDS"}
{"timestamp": "2026-05-24T05:49:13.629606Z", "event": "model_auto_created", "aircraft_id": 1209, "manufacturer": "Boeing", "model_name": "Boeing 757-200 Seri", "source": "FAA_AIDS"}
{"timestamp": "2026-05-24T05:49:13.661872Z", "event": "model_auto_created", "aircraft_id": 1210, "manufacturer": "Boeing", "model_name": "Boeing 737-8Q8", "source": "FAA_AIDS"}
{"timestamp": "2026-05-24T05:49:13.672091Z", "event": "model_auto_created", "aircraft_id": 1211, "manufacturer": "Boeing", "model_name": "Boeing 757-2Yo", "source": "FAA_AIDS"}
{"timestamp": "2026-05-24T05:49:13.706964Z", "event": "model_auto_created", "aircraft_id": 1212, "manufacturer": "Boeing", "model_name": "Boeing 737-73V", "source": "FAA_AIDS"}
{"timestamp": "2026-05-24T05:49:13.738152Z", "event": "model_auto_created", "aircraft_id": 1213, "manufacturer": "Boeing", "model_name": "Boeing 777-232Lr", "source": "FAA_AIDS"}
{"timestamp": "2026-05-24T05:49:13.746225Z", "event": "model_auto_created", "aircraft_id": 1214, "manufacturer": "Boeing", "model_name": "Boeing 107-Ii", "source": "FAA_AIDS"}
{"timestamp": "2026-05-24T05:49:13.779142Z", "event": "model_auto_created", "aircraft_id": 1215, "manufacturer": "Boeing", "model_name": "Boeing 727-2H3", "source": "FAA_AIDS"}
{"timestamp": "2026-05-24T05:49:13.814853Z", "event": "model_auto_created", "aircraft_id": 1216, "manufacturer": "Boeing", "model_name": "Boeing 767-281", "source": "FAA_AIDS"}
{"timestamp": "2026-05-24T05:49:13.817151Z", "event": "model_auto_created", "aircraft_id": 1217, "manufacturer": "Boeing", "model_name": "Boeing 737-81Q", "source": "FAA_AIDS"}
{"timestamp": "2026-05-24T05:49:13.819409Z", "event": "model_auto_created", "aircraft_id": 1218, "manufacturer": "Boeing", "model_name": "Boeing 747-281F", "source": "FAA_AIDS"}
{"timestamp": "2026-05-24T05:49:13.996773Z", "event": "model_auto_created", "aircraft_id": 1219, "manufacturer": "Airbus", "model_name": "Airbus A300F4-622R", "source": "FAA_AIDS"}
{"timestamp": "2026-05-24T05:49:14.004399Z", "event": "model_auto_created", "aircraft_id": 1220, "manufacturer": "Boeing", "model_name": "Boeing 777-28Eer", "source": "FAA_AIDS"}
{"timestamp": "2026-05-24T05:49:14.073150Z", "event": "model_auto_created", "aircraft_id": 1221, "manufacturer": "Boeing", "model_name": "Boeing 757-23N", "source": "FAA_AIDS"}
{"timestamp": "2026-05-24T05:49:14.075187Z", "event": "model_auto_created", "aircraft_id": 1222, "manufacturer": "Boeing", "model_name": "Boeing 747-4R7F", "source": "FAA_AIDS"}
{"timestamp": "2026-05-24T05:49:14.257480Z", "event": "model_auto_created", "aircraft_id": 1223, "manufacturer": "Boeing", "model_name": "Boeing 737-330", "source": "FAA_AIDS"}
{"timestamp": "2026-05-24T05:49:14.259897Z", "event": "model_auto_created", "aircraft_id": 1224, "manufacturer": "Boeing", "model_name": "Boeing 737-8Z9", "source": "FAA_AIDS"}
{"timestamp": "2026-05-24T05:49:14.296872Z", "event": "model_auto_created", "aircraft_id": 1225, "manufacturer": "Boeing", "model_name": "Boeing 737-752", "source": "FAA_AIDS"}
{"timestamp": "2026-05-24T05:49:14.299694Z", "event": "model_auto_created", "aircraft_id": 1226, "manufacturer": "Boeing", "model_name": "Boeing 737-7Bc", "source": "FAA_AIDS"}
{"timestamp": "2026-05-24T05:49:14.330893Z", "event": "model_auto_created", "aircraft_id": 1227, "manufacturer": "Boeing", "model_name": "Boeing 767-424Er", "source": "FAA_AIDS"}
{"timestamp": "2026-05-24T05:49:14.365533Z", "event": "model_auto_created", "aircraft_id": 1228, "manufacturer": "Boeing", "model_name": "Boeing 767-33A", "source": "FAA_AIDS"}
{"timestamp": "2026-05-24T05:49:14.431892Z", "event": "model_auto_created", "aircraft_id": 1229, "manufacturer": "Boeing", "model_name": "Boeing 757-204", "source": "FAA_AIDS"}
{"timestamp": "2026-05-24T05:49:14.467330Z", "event": "model_auto_created", "aircraft_id": 1230, "manufacturer": "Boeing", "model_name": "Boeing 767-269", "source": "FAA_AIDS"}
{"timestamp": "2026-05-24T05:49:14.639363Z", "event": "model_auto_created", "aircraft_id": 1231, "manufacturer": "Boeing", "model_name": "Boeing 767-277", "source": "FAA_AIDS"}
{"timestamp": "2026-05-24T05:49:14.699945Z", "event": "model_auto_created", "aircraft_id": 1232, "manufacturer": "Boeing", "model_name": "Boeing 747 400F", "source": "FAA_AIDS"}
{"timestamp": "2026-05-24T05:49:14.728447Z", "event": "model_auto_created", "aircraft_id": 1233, "manufacturer": "Boeing", "model_name": "Boeing 767-7L9", "source": "FAA_AIDS"}
{"timestamp": "2026-05-24T05:49:14.736433Z", "event": "model_auto_created", "aircraft_id": 1234, "manufacturer": "Boeing", "model_name": "Boeing 737-484", "source": "FAA_AIDS"}
{"timestamp": "2026-05-24T05:49:14.861482Z", "event": "model_auto_created", "aircraft_id": 1235, "manufacturer": "Airbus", "model_name": "Airbus A310-324", "source": "FAA_AIDS"}
{"timestamp": "2026-05-24T05:49:14.863757Z", "event": "model_auto_created", "aircraft_id": 1236, "manufacturer": "Boeing", "model_name": "Boeing 767-375", "source": "FAA_AIDS"}
{"timestamp": "2026-05-24T05:49:14.902206Z", "event": "model_auto_created", "aircraft_id": 1237, "manufacturer": "Boeing", "model_name": "Boeing 767-241", "source": "FAA_AIDS"}
{"timestamp": "2026-05-24T05:49:15.004633Z", "event": "model_auto_created", "aircraft_id": 1238, "manufacturer": "Boeing", "model_name": "Boeing 747-45E", "source": "FAA_AIDS"}
{"timestamp": "2026-05-24T05:49:15.036646Z", "event": "model_auto_created", "aircraft_id": 1239, "manufacturer": "Airbus", "model_name": "Airbus A333", "source": "FAA_AIDS"}
{"timestamp": "2026-05-24T05:49:15.045277Z", "event": "model_auto_created", "aircraft_id": 1240, "manufacturer": "Boeing", "model_name": "Boeing 767-38E", "source": "FAA_AIDS"}
{"timestamp": "2026-05-24T05:49:15.080598Z", "event": "model_auto_created", "aircraft_id": 1241, "manufacturer": "Boeing", "model_name": "Boeing 747-412F", "source": "FAA_AIDS"}
{"timestamp": "2026-05-24T05:49:15.084323Z", "event": "model_auto_created", "aircraft_id": 1242, "manufacturer": "Boeing", "model_name": "Boeing 747-46Nf", "source": "FAA_AIDS"}
{"timestamp": "2026-05-24T05:49:15.115057Z", "event": "model_auto_created", "aircraft_id": 1243, "manufacturer": "Boeing", "model_name": "Boeing 767-346", "source": "FAA_AIDS"}
{"timestamp": "2026-05-24T05:49:15.156564Z", "event": "model_auto_created", "aircraft_id": 1244, "manufacturer": "Boeing", "model_name": "Boeing 737-8F2", "source": "FAA_AIDS"}
{"timestamp": "2026-05-24T05:49:15.183521Z", "event": "model_auto_created", "aircraft_id": 1245, "manufacturer": "Boeing", "model_name": "Boeing 747-430", "source": "FAA_AIDS"}
{"timestamp": "2026-05-24T05:49:15.354557Z", "event": "model_auto_created", "aircraft_id": 1246, "manufacturer": "Boeing", "model_name": "Boeing 737-4H6", "source": "FAA_AIDS"}
{"timestamp": "2026-05-24T05:49:15.454483Z", "event": "model_auto_created", "aircraft_id": 1247, "manufacturer": "Boeing", "model_name": "Boeing 737-7Hj", "source": "FAA_AIDS"}
{"timestamp": "2026-05-24T05:49:15.488669Z", "event": "model_auto_created", "aircraft_id": 1248, "manufacturer": "Boeing", "model_name": "Boeing 737-8Kn", "source": "FAA_AIDS"}
{"timestamp": "2026-05-24T05:49:15.528519Z", "event": "model_auto_created", "aircraft_id": 1249, "manufacturer": "Airbus", "model_name": "Airbus A321-200", "source": "FAA_AIDS"}
{"timestamp": "2026-05-24T05:49:15.538856Z", "event": "model_auto_created", "aircraft_id": 1250, "manufacturer": "Airbus", "model_name": "Airbus A380-841", "source": "FAA_AIDS"}
{"timestamp": "2026-05-24T05:49:15.571189Z", "event": "model_auto_created", "aircraft_id": 1251, "manufacturer": "Airbus", "model_name": "Airbus A350-1041", "source": "FAA_AIDS"}
{"timestamp": "2026-05-24T05:49:15.687678Z", "event": "model_auto_created", "aircraft_id": 1252, "manufacturer": "Boeing", "model_name": "Boeing 767-3Q8", "source": "FAA_AIDS"}
{"timestamp": "2026-05-24T05:49:15.728144Z", "event": "model_auto_created", "aircraft_id": 1253, "manufacturer": "Boeing", "model_name": "Boeing 767-324", "source": "FAA_AIDS"}
{"timestamp": "2026-05-24T05:49:15.767260Z", "event": "model_auto_created", "aircraft_id": 1254, "manufacturer": "Boeing", "model_name": "Boeing 737-4K5", "source": "FAA_AIDS"}
{"timestamp": "2026-05-24T05:49:15.846929Z", "event": "model_auto_created", "aircraft_id": 1255, "manufacturer": "Boeing", "model_name": "Boeing 737-86N", "source": "FAA_AIDS"}
{"timestamp": "2026-05-24T05:49:15.890057Z", "event": "model_auto_created", "aircraft_id": 1256, "manufacturer": "Boeing", "model_name": "Boeing 767-316F", "source": "FAA_AIDS"}
{"timestamp": "2026-05-24T05:49:15.925157Z", "event": "model_auto_created", "aircraft_id": 1257, "manufacturer": "Boeing", "model_name": "Boeing 737-2Q8", "source": "FAA_AIDS"}
{"timestamp": "2026-05-24T05:49:15.927076Z", "event": "model_auto_created", "aircraft_id": 1258, "manufacturer": "Boeing", "model_name": "Boeing 737-883", "source": "FAA_AIDS"}
{"timestamp": "2026-05-24T05:49:15.931800Z", "event": "model_auto_created", "aircraft_id": 1259, "manufacturer": "Boeing", "model_name": "Boeing 757-324", "source": "FAA_AIDS"}
{"timestamp": "2026-05-24T05:49:15.967916Z", "event": "model_auto_created", "aircraft_id": 1260, "manufacturer": "Boeing", "model_name": "Boeing 737-77Z", "source": "FAA_AIDS"}
{"timestamp": "2026-05-24T05:49:15.972014Z", "event": "model_auto_created", "aircraft_id": 1261, "manufacturer": "Boeing", "model_name": "Boeing 757-200 Series", "source": "FAA_AIDS"}
{"timestamp": "2026-05-24T05:49:16.170603Z", "event": "model_auto_created", "aircraft_id": 1262, "manufacturer": "Airbus", "model_name": "Airbus A330-202", "source": "FAA_AIDS"}
{"timestamp": "2026-05-24T05:49:16.202097Z", "event": "model_auto_created", "aircraft_id": 1263, "manufacturer": "Boeing", "model_name": "Boeing 737-8Jp", "source": "FAA_AIDS"}
{"timestamp": "2026-05-24T05:49:16.279027Z", "event": "model_auto_created", "aircraft_id": 1264, "manufacturer": "Boeing", "model_name": "Boeing 737-436", "source": "FAA_AIDS"}
{"timestamp": "2026-05-24T05:49:16.282978Z", "event": "model_auto_created", "aircraft_id": 1265, "manufacturer": "Boeing", "model_name": "Boeing 747-4Haf", "source": "FAA_AIDS"}
{"timestamp": "2026-05-24T05:49:16.430514Z", "event": "model_auto_created", "aircraft_id": 1266, "manufacturer": "Boeing", "model_name": "Boeing 777-228Er", "source": "FAA_AIDS"}
{"timestamp": "2026-05-24T05:51:00.646172Z", "event": "model_auto_created", "aircraft_id": 1, "manufacturer": "Boeing", "model_name": "Boeing 737-800", "source": "BACKFILL"}
{"timestamp": "2026-05-24T05:51:01.332024Z", "event": "model_auto_created", "aircraft_id": 1, "manufacturer": "Boeing", "model_name": "Boeing 737", "source": "FAA_SDR"}
{"timestamp": "2026-05-24T05:51:01.379161Z", "event": "model_auto_created", "aircraft_id": 1, "manufacturer": "Boeing", "model_name": "Boeing 737", "source": "FAA_SDR"}
{"timestamp": "2026-05-24T05:51:03.665383Z", "event": "model_auto_created", "aircraft_id": 1, "manufacturer": "Boeing", "model_name": "Boeing 737-800", "source": "DUMMY"}
{"timestamp": "2026-05-24T05:51:03.666264Z", "event": "model_auto_created", "aircraft_id": 2, "manufacturer": "Airbus", "model_name": "Airbus A320-200", "source": "DUMMY"}
{"timestamp": "2026-05-24T05:51:03.687453Z", "event": "model_auto_created", "aircraft_id": 1, "manufacturer": "Boeing", "model_name": "Boeing 737-800", "source": "DUMMY"}
{"timestamp": "2026-05-24T05:51:03.688353Z", "event": "model_auto_created", "aircraft_id": 2, "manufacturer": "Airbus", "model_name": "Airbus A320-200", "source": "DUMMY"}
{"timestamp": "2026-05-24T05:51:03.707884Z", "event": "model_auto_created", "aircraft_id": 1, "manufacturer": "Boeing", "model_name": "Boeing 737-800", "source": "DUMMY"}
{"timestamp": "2026-05-24T05:51:03.708717Z", "event": "model_auto_created", "aircraft_id": 2, "manufacturer": "Airbus", "model_name": "Airbus A320-200", "source": "DUMMY"}
{"timestamp": "2026-05-24T05:51:03.727077Z", "event": "model_auto_created", "aircraft_id": 1, "manufacturer": "Boeing", "model_name": "Boeing 737-800", "source": "DUMMY"}
{"timestamp": "2026-05-24T05:51:03.727868Z", "event": "model_auto_created", "aircraft_id": 2, "manufacturer": "Airbus", "model_name": "Airbus A320-200", "source": "DUMMY"}
{"timestamp": "2026-05-24T05:51:03.787953Z", "event": "model_auto_created", "aircraft_id": 1, "manufacturer": "Boeing", "model_name": "Boeing 999", "source": "DUMMY"}
{"timestamp": "2026-05-24T05:51:03.831009Z", "event": "model_auto_created", "aircraft_id": 1, "manufacturer": "Boeing", "model_name": "Boeing 999", "source": "DUMMY"}
